BEGIN TRANSACTION;
CREATE TABLE IF NOT EXISTS "empleado" (
	"employee_id"	INTEGER NOT NULL,
	"employee_name"	TEXT NOT NULL,
	"employee_surname"	TEXT NOT NULL,
	"employee_hire_date"	TEXT NOT NULL,
	"employee_DNI"	TEXT NOT NULL,
	"branch_id"	INTEGER NOT NULL,
	PRIMARY KEY("employee_id" AUTOINCREMENT)
);
CREATE TABLE IF NOT EXISTS "sucursal" (
	"branch_id"	INTEGER NOT NULL,
	"branch_number"	BLOB NOT NULL,
	"branch_name"	TEXT NOT NULL,
	"branch_address_id"	INTEGER NOT NULL,
	PRIMARY KEY("branch_id" AUTOINCREMENT)
);
CREATE TABLE IF NOT EXISTS "cliente" (
	"customer_id"	INTEGER NOT NULL,
	"customer_name"	TEXT NOT NULL,
	"customer_surname"	NUMERIC NOT NULL,
	"customer_DNI"	TEXT NOT NULL,
	"dob"	TEXT,
	"branch_id"	INTEGER NOT NULL,
	PRIMARY KEY("customer_id" AUTOINCREMENT)
);
CREATE TABLE IF NOT EXISTS "cuenta" (
	"account_id"	INTEGER NOT NULL,
	"customer_id"	INTEGER NOT NULL,
	"balance"	INTEGER NOT NULL,
	"iban"	TEXT NOT NULL,
	PRIMARY KEY("account_id" AUTOINCREMENT)
);
CREATE TABLE IF NOT EXISTS "prestamo" (
	"loan_id"	INTEGER NOT NULL,
	"loan_type"	TEXT NOT NULL,
	"loan_date"	TEXT NOT NULL,
	"loan_total"	INTEGER NOT NULL,
	"customer_id"	INTEGER NOT NULL,
	PRIMARY KEY("loan_id" AUTOINCREMENT)
);
CREATE TABLE IF NOT EXISTS "tipo_cliente" (
	"tipo_cliente_id"	INTEGER NOT NULL,
	"tipo_cliente_nombre"	TEXT NOT NULL,
	PRIMARY KEY("tipo_cliente_id" AUTOINCREMENT)
);
CREATE TABLE IF NOT EXISTS "tipo_cuenta" (
	"tipo_cuenta_id"	INTEGER NOT NULL,
	"tipo_cuenta_nombre"	TEXT nor,
	PRIMARY KEY('tipo_cuenta_id' AUTOINCREMENT)
);
CREATE TABLE IF NOT EXISTS "tipo_tarjeta" (
	"tipo_tarjeta_id"	INTEGER NOT NULL,
	"tipo_tarjeta_nombre"	TEXT nor,
	PRIMARY KEY('tipo_tarjeta_id' AUTOINCREMENT)
);
CREATE TABLE IF NOT EXISTS "marca_tarjeta" (
	"marca_tarjeta_id"	INTEGER NOT NULL,
	"marca_tarjeta_nombre"	TEXT nor,
	PRIMARY KEY('marca_tarjeta_id' AUTOINCREMENT)
);
CREATE TABLE IF NOT EXISTS "tarjeta" (
	"tarjeta_id"	INTEGER NOT NULL,
	"tarjeta_numero"	varchar(255),
	"tarjeta_cvv"	varchar(255),
	"tarjeta_fecha_otorgamiento"	varchar(255),
	"tarjeta_fecha_expiracion"	varchar(255),
	PRIMARY KEY("tarjeta_id" AUTOINCREMENT)
);
CREATE TABLE IF NOT EXISTS "tarjeta_tipo_marca" (
	"tarjeta_tipo_marca_id"	INTEGER NOT NULL,
	"tarjeta_id"	INTEGER NOT NULL,
	"tipo_tarjeta_id"	INTEGER NOT NULL,
	"marca_tarjeta_id"	INTEGER NOT NULL,
	FOREIGN KEY("tarjeta_id") REFERENCES "tarjeta"("tarjeta_id"),
	FOREIGN KEY("tipo_tarjeta_id") REFERENCES "tipo_tarjeta"("tipo_tarjeta_id"),
	FOREIGN KEY("marca_tarjeta_id") REFERENCES "marca_tarjeta"("marca_tarjeta_id"),
	PRIMARY KEY('tarjeta_tipo_marca_id' AUTOINCREMENT)
);
CREATE TABLE IF NOT EXISTS "cliente_cuenta_tipo_tarjeta" (
	"cliente_cuenta_tipo_tarjeta_id"	INTEGER NOT NULL,
	"customer_id"	INTEGER NOT NULL,
	"tipo_cliente_id"	INTEGER NOT NULL,
	"caja_pesos"	INTEGER NOT NULL,
	"caja_dolares"	INTEGER NOT NULL,
	"caja_ahorro"	INTEGER NOT NULL,
	"tarjeta_tipo_marca_id"	INTEGER NOT NULL,
	FOREIGN KEY("tarjeta_tipo_marca_id") REFERENCES "tarjeta_tipo_marca"("tarjeta_tipo_marca_id"),
	FOREIGN KEY("customer_id") REFERENCES "cliente"("customer_id"),
	FOREIGN KEY("tipo_cliente_id") REFERENCES "tipo_cliente"("tipo_cliente_id"),
	PRIMARY KEY("cliente_cuenta_tipo_tarjeta_id" AUTOINCREMENT)
);
CREATE TABLE IF NOT EXISTS "direccion" (
	"direccion_id"	INTEGER NOT NULL,
	"direccion_calle"	TEXT NOT NULL,
	"direccion_numero_calle"	INTEGER NOT NULL,
	"direccion_ciudad"	TEXT NOT NULL,
	"direccion_provincia"	TEXT NOT NULL,
	"direccion_pais"	TEXT NOT NULL,
	PRIMARY KEY("direccion_id" AUTOINCREMENT)
);
INSERT INTO "empleado" ("employee_id","employee_name","employee_surname","employee_hire_date","employee_DNI","branch_id") VALUES (1,'Conan','Livingston','2018-02-15','33679828',15),
 (2,'Dieter','Powers','2021-08-24','21024319',84),
 (3,'Nevada','Burke','2012-02-26','36056238',72),
 (4,'Florence','Booker','2000-02-01','36139197',17),
 (5,'Lillian','Zimmerman','2018-11-08','29778851',50),
 (6,'Armand','Lawrence','2016-08-15','25414647',91),
 (7,'Cedric','Mann','1998-11-15','37246621',44),
 (8,'Hayfa','Thompson','2012-06-08','39398703',69),
 (9,'Ila','Moreno','2013-05-01','30845241',85),
 (10,'Rooney','Hart','2014-06-08','33330695',74),
 (11,'Ivan','Davis','2011-09-26','33923993',79),
 (12,'Zeph','Abbott','1997-10-25','27522438',16),
 (13,'Shaine','Hernandez','2012-09-23','32394877',24),
 (14,'Emerson','Fitzpatrick','1998-06-08','22035224',10),
 (15,'Zelda','Solomon','2000-02-14','31028069',35),
 (16,'Lucius','Gay','2009-07-09','27505737',59),
 (17,'Ivor','Patrick','2005-01-01','25910024',26),
 (18,'Emerson','Sampson','2021-09-26','33704578',83),
 (19,'Aladdin','Reeves','2020-10-10','34428915',88),
 (20,'Marcia','Cook','1997-06-29','37192844',98),
 (21,'Victor','Frederick','2004-06-28','36342937',75),
 (22,'Mia','House','2000-10-22','20722483',32),
 (23,'Lacey','Franklin','1996-07-13','39294156',15),
 (24,'April','Cooke','2013-11-13','30652023',55),
 (25,'Maggie','Glass','1998-12-02','18493625',62),
 (26,'Vladimir','Page','2003-06-01','22704383',28),
 (27,'Cassady','Ellison','2016-08-26','39908127',29),
 (28,'Allegra','Alston','2020-05-05','36446282',17),
 (29,'Lucy','Mills','2003-06-12','16042538',53),
 (30,'Zane','Huber','2019-12-20','33398531',31),
 (31,'Jade','Durham','2016-10-30','18837431',59),
 (32,'Nash','Garrison','2015-01-20','21619143',82),
 (33,'Irene','Vasquez','2021-08-19','34666456',86),
 (34,'Armand','Doyle','1997-01-24','38173059',69),
 (35,'Kelly','Hickman','2002-08-28','26462876',24),
 (36,'Oscar','Wilkerson','2018-04-10','16416363',75),
 (37,'Chastity','Harris','2019-08-11','23635801',32),
 (38,'Gil','Copeland','2007-08-01','34143583',98),
 (39,'Ina','Whitaker','2010-06-09','34050343',87),
 (40,'Isadora','Hancock','2006-01-09','19402366',62),
 (41,'Wesley','Dodson','2018-07-09','35804792',54),
 (42,'Stella','George','2015-05-20','33982439',81),
 (43,'McKenzie','Mason','2022-08-19','27013459',22),
 (44,'Martina','Daniel','2011-03-16','30630624',79),
 (45,'Justine','Fleming','2014-11-21','27593827',60),
 (46,'Mira','Alexander','2023-02-16','29492972',41),
 (47,'Aiko','Pruitt','2022-11-07','32045730',19),
 (48,'Martina','Mclean','2013-09-13','27775006',18),
 (49,'Stewart','Snyder','2021-08-21','36305568',84),
 (50,'Gary','Daniels','2000-05-06','37137938',49),
 (51,'Richard','Cash','1998-05-29','39670300',59),
 (52,'Leslie','Lloyd','2006-09-19','30720879',31),
 (53,'Macaulay','Scott','2002-03-20','16707794',77),
 (54,'Althea','Roman','2008-04-07','24036549',61),
 (55,'Amela','Klein','2000-04-28','28011479',93),
 (56,'Colt','Morin','2002-07-28','27081589',6),
 (57,'Rooney','Sanchez','2006-12-01','39306401',48),
 (58,'Reese','Freeman','2010-09-22','24754942',91),
 (59,'Forrest','Tran','2017-03-03','34864276',5),
 (60,'Micah','Murphy','2011-06-07','38257371',45),
 (61,'Dante','Maxwell','2011-02-13','29549341',91),
 (62,'Jocelyn','Cooley','2012-08-02','18069064',52),
 (63,'Yvonne','Dixon','2014-08-12','30675368',79),
 (64,'Lacota','Elliott','2004-04-08','34421633',68),
 (65,'Jonas','Diaz','2011-06-22','17218170',44),
 (66,'Carter','Wilkerson','2016-11-15','37608658',32),
 (67,'Kennan','Perez','2022-01-07','31887284',7),
 (68,'Colleen','Leon','2002-09-27','37304388',30),
 (69,'Breanna','Mcleod','2021-05-21','20748015',63),
 (70,'Roary','Case','2006-04-12','35358827',87),
 (71,'Warren','Cote','2004-12-16','20393522',89),
 (72,'TaShya','Farrell','2007-04-11','35915916',40),
 (73,'Jessamine','Bentley','1999-11-25','19184990',88),
 (74,'Julian','Fleming','2003-10-22','33951052',11),
 (75,'Sylvia','Mccarthy','2006-08-20','35019140',51),
 (76,'Asher','Whitney','2016-09-30','28792774',32),
 (77,'Isabelle','Jones','2023-02-15','32784181',69),
 (78,'Francis','Orr','2009-10-25','24231779',15),
 (79,'Caldwell','Calhoun','2016-12-20','16327465',5),
 (80,'Hayley','Owen','2023-03-15','37028413',12),
 (81,'Levi','Conway','2003-01-29','25329560',93),
 (82,'Guinevere','Becker','2005-02-20','27637128',94),
 (83,'Martha','Lowery','2011-10-08','28432747',65),
 (84,'Richard','Chambers','2014-04-28','26262733',30),
 (85,'Brock','Ramos','2015-08-22','37540155',31),
 (86,'Dawn','Hill','2011-06-28','32212402',82),
 (87,'Kirk','O''brien','2009-08-28','33899652',13),
 (88,'Elvis','Elliott','2007-01-15','25974825',32),
 (89,'Lillian','Carver','2006-06-28','26834520',57),
 (90,'Kessie','Branch','2000-03-27','23759631',2),
 (91,'Benjamin','Juarez','2016-09-03','30999876',94),
 (92,'Lev','Cross','2018-03-22','29779759',57),
 (93,'Jacob','Downs','2017-09-19','36482958',91),
 (94,'Urielle','Lawrence','2005-03-28','21776368',57),
 (95,'Kiona','Delacruz','2016-08-26','33520381',72),
 (96,'Paul','Goff','2013-12-08','24238820',84),
 (97,'Calvin','Zimmerman','2004-12-03','21088172',76),
 (98,'Chaney','Watkins','2003-12-25','33048590',50),
 (99,'Shafira','Stevenson','2017-06-03','26964097',90),
 (100,'Candice','Dorsey','1998-05-26','19351050',90),
 (101,'Carl','Pena','2006-08-02','39841757',41),
 (102,'Noelle','Dillard','2007-05-24','17413493',5),
 (103,'Matthew','Manning','2001-09-29','16330033',87),
 (104,'Sydney','Sampson','1996-11-27','33226635',35),
 (105,'Lyle','Warner','2020-09-17','20403185',83),
 (106,'Thor','West','2006-01-10','35903379',36),
 (107,'Susan','Matthews','2007-02-11','23505793',66),
 (108,'Tamekah','Charles','2011-06-20','26649501',17),
 (109,'Ciaran','Ashley','2020-10-23','33865271',8),
 (110,'Clementine','Durham','2010-03-12','32793661',6),
 (111,'Scott','Hogan','2019-07-25','34840304',28),
 (112,'Eaton','Reed','2014-12-28','23204902',85),
 (113,'Jelani','Valentine','2014-02-07','39834542',55),
 (114,'Basia','Drake','1999-06-04','32957649',87),
 (115,'Clementine','Townsend','1998-05-05','32351112',33),
 (116,'Uma','George','2020-08-26','22372679',70),
 (117,'Ebony','Warner','2001-09-24','22397919',57),
 (118,'Basia','Harris','2018-02-08','25437716',46),
 (119,'Kiona','Little','2019-07-17','37619866',64),
 (120,'Grant','Kirby','1999-12-09','22750555',54),
 (121,'Ulla','Snow','2007-07-15','29259163',23),
 (122,'Idola','Ferrell','2014-08-19','34749289',94),
 (123,'Dillon','Sharp','2005-07-14','24137182',55),
 (124,'Nissim','Stout','2012-04-25','38529904',15),
 (125,'April','Frye','2007-07-21','39424838',19),
 (126,'Benjamin','Bishop','2016-05-12','28456695',68),
 (127,'Cedric','Cantrell','2001-02-28','20919595',80),
 (128,'Oleg','Barnes','2015-04-21','36154408',73),
 (129,'Ainsley','Stevenson','2010-02-21','35945062',48),
 (130,'Deanna','Hudson','2001-06-13','32793046',37),
 (131,'Nola','Shaffer','2014-12-28','18941778',37),
 (132,'Wade','Lowe','2016-09-14','17509159',3),
 (133,'Sara','Mathis','2016-02-18','31434531',88),
 (134,'Dale','Cochran','2022-03-17','21003564',45),
 (135,'Calista','Bush','2007-10-09','38232236',72),
 (136,'Lawrence','Gonzalez','2016-11-30','35988515',53),
 (137,'Zeus','Mcdowell','2012-04-19','29219445',56),
 (138,'Eliana','Wooten','2000-10-30','16177987',49),
 (139,'Britanney','Whitley','2022-03-06','29289480',38),
 (140,'Sheila','Holden','2012-11-21','22685177',96),
 (141,'Xander','Haley','2007-11-02','38418499',36),
 (142,'Kylie','Moody','2017-09-27','30779158',73),
 (143,'Harper','Yang','2015-11-30','33736081',93),
 (144,'Ramona','Rodgers','2009-09-08','33327622',73),
 (145,'Edan','Carroll','1997-04-11','32278050',98),
 (146,'Jacob','Doyle','2001-04-21','26313711',11),
 (147,'Rachel','Maynard','2003-02-02','24307830',69),
 (148,'Adam','Humphrey','2009-12-04','21321651',21),
 (149,'Harlan','Franco','1998-09-06','32203494',13),
 (150,'Paloma','Morris','2015-09-13','16872450',9),
 (151,'Kadeem','Jackson','2003-01-06','34933591',86),
 (152,'Imani','Shaffer','2003-04-06','29147956',37),
 (153,'Dacey','Mann','2006-08-31','16150469',68),
 (154,'Keely','Parrish','2023-05-04','25297946',43),
 (155,'Camille','Marks','2012-04-30','31675232',93),
 (156,'August','Burns','2016-04-03','25681871',43),
 (157,'Evelyn','Huffman','1997-01-30','25157572',23),
 (158,'Blaze','Blake','2010-02-19','35690517',46),
 (159,'Bruno','Wyatt','2010-10-13','22086520',66),
 (160,'Sierra','Hancock','2009-02-16','29561848',29),
 (161,'Salvador','Pennington','2020-07-20','16650312',58),
 (162,'Lucian','Weiss','2011-02-17','37244238',17),
 (163,'Joelle','Burnett','2008-02-05','23313706',8),
 (164,'Candice','Pruitt','2007-08-10','32783510',49),
 (165,'Noelle','Barr','2010-01-02','28516756',80),
 (166,'Theodore','Zimmerman','2010-06-19','22047201',33),
 (167,'Todd','Kidd','2001-10-12','39710507',16),
 (168,'Carol','Frank','2010-05-25','35047675',63),
 (169,'Keegan','Hodges','2004-11-14','20914234',33),
 (170,'Trevor','Hart','1997-01-31','39393622',17),
 (171,'Steven','Holcomb','1999-05-07','23861987',88),
 (172,'Plato','Ruiz','2005-06-19','35186373',65),
 (173,'Malachi','Foreman','2008-06-19','39393711',77),
 (174,'Donovan','Woodward','2021-02-07','21110608',38),
 (175,'Nehru','Davenport','2015-05-04','30688943',8),
 (176,'Hollee','Ayala','2017-06-20','31222127',41),
 (177,'Nola','Lancaster','2009-03-13','38998703',39),
 (178,'Mariko','Juarez','2019-05-25','19067130',54),
 (179,'Winter','Dorsey','2021-08-01','37060005',38),
 (180,'Keith','Slater','2022-08-09','38493870',5),
 (181,'Illana','Watts','2018-10-15','30792449',66),
 (182,'Kamal','Smith','2008-10-30','32469738',62),
 (183,'Gray','Keller','2009-11-03','25295281',48),
 (184,'Emerson','Raymond','2021-01-12','24720442',38),
 (185,'Bethany','Velazquez','2015-01-17','21754315',22),
 (186,'Ursa','Kline','2002-11-10','20494625',13),
 (187,'Maite','Tyler','2009-09-18','34464847',8),
 (188,'Jayme','Cox','2018-11-30','24286165',44),
 (189,'Raven','Zamora','2005-05-05','31094953',40),
 (190,'Anthony','Stephens','2018-04-02','31444653',82),
 (191,'Silas','Davis','2007-02-15','16168444',70),
 (192,'Vivien','Phillips','2004-08-25','25369515',91),
 (193,'Ezekiel','Potter','2018-05-29','16888473',97),
 (194,'Benedict','Rhodes','2015-11-14','30258038',29),
 (195,'Martin','Hensley','2004-03-12','36117792',45),
 (196,'Jasmine','Bennett','2015-04-18','36319092',2),
 (197,'Wang','Simon','2011-11-10','18043708',94),
 (198,'Virginia','Peck','2013-04-20','21083877',69),
 (199,'Ethan','Paul','2009-05-05','37209233',55),
 (200,'Zenia','Fuentes','2015-11-30','29450161',91),
 (201,'Guy','Santiago','2001-03-30','39444005',3),
 (202,'Hunter','Leon','2007-06-16','30116949',70),
 (203,'Rajah','Stewart','2008-04-03','35769608',26),
 (204,'Yvette','Olson','2006-08-09','18967512',95),
 (205,'Garrett','Conrad','2013-10-06','38063125',3),
 (206,'Maxine','Goff','2014-01-12','39816949',11),
 (207,'Fredericka','Avila','2022-05-14','18278802',7),
 (208,'Graham','Mcclain','2005-09-12','28564556',86),
 (209,'Isaac','Johnson','2003-09-03','19468697',79),
 (210,'Adam','Key','2019-10-30','23240164',28),
 (211,'Yardley','Gamble','2014-11-05','30978338',86),
 (212,'Kuame','Evans','2009-10-13','34372492',87),
 (213,'Joel','Cohen','2011-05-20','35545730',6),
 (214,'August','Wynn','2001-03-25','16667948',17),
 (215,'Dennis','Goodman','1997-04-15','19431940',89),
 (216,'Josiah','Kline','2010-06-19','33016384',26),
 (217,'Serina','Dotson','2010-08-08','21061235',24),
 (218,'Flynn','Clements','2019-02-25','19941984',80),
 (219,'Keely','Brady','2003-12-29','31973123',59),
 (220,'Mia','Walker','2020-01-04','34898870',55),
 (221,'Violet','Harrison','2003-04-20','36753450',19),
 (222,'Joseph','Horton','2007-03-03','26829177',48),
 (223,'Fallon','Mckay','2000-03-12','36729241',6),
 (224,'Sasha','Emerson','2001-01-05','19353122',68),
 (225,'Ciaran','Stanton','2005-08-14','26167173',54),
 (226,'Jared','Clayton','2020-12-12','28701212',19),
 (227,'Harriet','Gillespie','2017-08-07','30741198',38),
 (228,'Lydia','Witt','2015-01-21','34026365',99),
 (229,'Kennedy','Jacobson','2011-10-25','23133201',12),
 (230,'Rhonda','Levy','2010-03-26','29941407',23),
 (231,'Tyler','Franco','2009-04-05','27618016',42),
 (232,'Daquan','O''Neill','2005-10-29','34406519',12),
 (233,'Blythe','Mercado','2019-07-19','17883116',26),
 (234,'Jocelyn','Morse','2018-03-19','27564003',66),
 (235,'Adam','White','2009-04-04','29491535',25),
 (236,'Henry','Petty','2021-01-11','21708333',8),
 (237,'Shelby','Shannon','1998-03-05','30889815',30),
 (238,'Petra','Schmidt','2001-06-10','19002950',85),
 (239,'Neil','O''Neill','2021-04-12','16391760',11),
 (240,'Chloe','Cain','2010-01-23','22903186',91),
 (241,'Ima','Adams','2005-03-12','35824190',95),
 (242,'Rogan','Powell','2007-06-13','21194021',10),
 (243,'Wyatt','Hardin','2015-04-19','27341908',95),
 (244,'Myra','Rivas','1997-06-25','32058974',19),
 (245,'Roary','Mendoza','2015-07-29','29844184',11),
 (246,'Sophia','Booker','2014-08-14','26747825',46),
 (247,'Natalie','Bernard','2017-02-23','34569203',43),
 (248,'Thomas','Barber','2009-08-25','26658048',10),
 (249,'Jordan','Buckner','2010-11-27','30620082',74),
 (250,'Sarah','Rutledge','2011-01-09','26708335',81),
 (251,'Luke','Dudley','2001-03-28','32978684',89),
 (252,'Nita','Dale','2006-06-02','21412278',40),
 (253,'Herman','Puckett','1998-05-30','32656787',56),
 (254,'Lane','Rosales','2022-03-19','33311227',11),
 (255,'Wyatt','Gillespie','2009-05-07','25585642',34),
 (256,'Kareem','Snyder','2012-08-10','16223598',71),
 (257,'Ashely','Little','2017-05-25','19940116',1),
 (258,'Clarke','Dixon','2005-08-27','33649106',68),
 (259,'Bevis','Cantrell','2021-11-26','18494105',88),
 (260,'Natalie','Sweet','1997-11-02','38202214',15),
 (261,'Carly','Suarez','1996-08-26','35726505',15),
 (262,'Kibo','Hebert','2019-03-19','23644504',57),
 (263,'Stephen','Harrison','2018-11-09','16028435',90),
 (264,'Olympia','Blake','2020-06-07','16828206',53),
 (265,'Indira','Anthony','2019-08-24','18792063',27),
 (266,'Yasir','Ellis','2020-06-23','17699863',87),
 (267,'Xyla','Estrada','2002-11-30','20969454',64),
 (268,'Zephania','Oliver','2010-12-06','19278016',64),
 (269,'Joan','Boyle','2016-09-19','32382218',50),
 (270,'Jaquelyn','Webb','2007-06-20','22492260',83),
 (271,'Cole','Parsons','2017-08-07','21213813',71),
 (272,'Samson','Riddle','2018-07-28','22764917',19),
 (273,'Lars','Snider','2011-02-04','37897676',0),
 (274,'Yvonne','Floyd','2007-07-04','36474685',19),
 (275,'Arthur','Hoffman','2010-02-19','36613931',33),
 (276,'Rana','Yang','2010-06-26','21289596',61),
 (277,'Clementine','Bennett','2018-10-11','35316713',98),
 (278,'Sage','Franco','1997-10-10','26861036',20),
 (279,'Mercedes','Newton','2011-12-04','17402483',3),
 (280,'Alea','Wilkinson','2004-03-28','26141853',32),
 (281,'Ivor','Stephens','2015-07-23','32891587',29),
 (282,'Andrew','Daugherty','2007-07-08','17773147',10),
 (283,'Quemby','Travis','2015-04-29','39430250',61),
 (284,'Dorothy','Gilmore','2011-03-11','28733120',84),
 (285,'Ella','Mcclure','1999-03-08','25675863',81),
 (286,'Indigo','Gill','2020-07-22','31787068',73),
 (287,'Haviva','Sanders','1998-12-28','17425991',70),
 (288,'Madeson','Ellis','2002-07-11','25251675',57),
 (289,'Amelia','White','2021-02-23','27363891',63),
 (290,'Colby','Cash','2012-04-10','38330891',15),
 (291,'Kirby','Bray','2020-11-13','31159786',11),
 (292,'Jescie','Stout','2012-03-11','24202115',40),
 (293,'Evangeline','Mcpherson','2002-07-15','21534145',94),
 (294,'Troy','Mcconnell','2003-05-02','22952044',30),
 (295,'Jason','Camacho','2020-03-09','33987193',50),
 (296,'Rachel','Norton','1997-06-01','19423420',34),
 (297,'Howard','Ellis','2000-11-30','39912861',34),
 (298,'Dalton','Potter','2006-08-20','19612584',8),
 (299,'Zachery','Conner','2000-03-24','17816781',83),
 (300,'Kaitlin','Franks','2023-05-11','30913481',90),
 (301,'Tate','Durham','2022-10-13','33799928',15),
 (302,'Mannix','Wright','1997-03-29','30217888',24),
 (303,'Cheyenne','Moody','1999-12-03','28031392',34),
 (304,'Oleg','Bruce','2017-12-20','34255029',89),
 (305,'Emma','Morgan','2001-07-07','16445765',23),
 (306,'Carlos','Delacruz','1997-08-20','26576922',44),
 (307,'Glenna','Barrett','2020-12-15','30018548',3),
 (308,'Ignatius','Briggs','2016-02-19','18184905',89),
 (309,'Russell','Pratt','2007-06-20','36061891',38),
 (310,'Amity','Santiago','2013-06-11','25820701',57),
 (311,'Cora','Rivers','2007-03-19','22641956',54),
 (312,'Inga','Jarvis','2023-03-30','35537860',18),
 (313,'Kennedy','Campos','2000-08-22','26897561',36),
 (314,'Paula','Webb','2005-02-03','35725371',98),
 (315,'Quintessa','Wolf','2020-11-30','28756851',72),
 (316,'Carol','Nieves','2023-04-10','31353487',36),
 (317,'John','Potter','2022-04-08','27241006',0),
 (318,'Hope','Fischer','2006-02-27','18012007',85),
 (319,'Delilah','Phillips','2003-01-26','33111122',67),
 (320,'Miriam','Estes','1997-04-11','38775780',36),
 (321,'Quynn','Donovan','2005-10-16','22805213',2),
 (322,'Abdul','Rice','2006-04-14','19276305',67),
 (323,'Callie','Santos','2006-12-02','26146709',49),
 (324,'Alexa','Curry','2016-01-06','36517883',17),
 (325,'Quyn','Wright','2002-03-08','28553872',48),
 (326,'Leo','Shaffer','2023-01-19','35793075',65),
 (327,'Reed','Crawford','1996-12-15','33924960',82),
 (328,'Christopher','Blanchard','2008-04-14','19637002',25),
 (329,'Evangeline','Macdonald','2017-07-29','39375287',13),
 (330,'Castor','Jarvis','2012-06-05','32239296',22),
 (331,'Akeem','Berg','2010-08-23','28570894',96),
 (332,'Dane','Gutierrez','2016-09-30','21575786',89),
 (333,'Matthew','Mitchell','2005-08-08','20273041',21),
 (334,'Helen','Black','2009-10-18','27848501',48),
 (335,'Rina','Sherman','2012-01-23','30376078',90),
 (336,'Craig','Fernandez','2019-04-28','38034865',40),
 (337,'Alyssa','Gray','2009-02-19','20915586',80),
 (338,'Neil','Hartman','1997-03-31','21098926',91),
 (339,'Xanthus','Gordon','1999-07-26','21784756',7),
 (340,'Holly','Morin','1998-07-24','25481957',24),
 (341,'Kylee','Clarke','2005-10-03','37665153',33),
 (342,'Ursula','Mcneil','2013-03-24','26996364',13),
 (343,'Tad','Kramer','2002-12-21','39393951',67),
 (344,'Jin','Wade','2009-05-02','33770368',41),
 (345,'Judith','Clayton','1998-02-10','33530041',67),
 (346,'Dane','Lawrence','2017-12-17','32267524',92),
 (347,'Oren','Webster','2020-08-01','36874629',28),
 (348,'Hall','Dotson','2017-10-20','29660094',9),
 (349,'Dexter','Mcdowell','2017-02-10','34689911',41),
 (350,'Shannon','Valentine','2021-03-02','18339735',37),
 (351,'Leilani','Steele','2006-09-21','39617649',61),
 (352,'Camden','Tyler','1997-06-20','17435711',74),
 (353,'Orla','Collins','1999-03-23','20872521',95),
 (354,'Gay','Flores','1997-04-14','25813931',43),
 (355,'Kenneth','Workman','2016-04-17','34398159',67),
 (356,'Brianna','Harper','2006-02-11','18953487',72),
 (357,'Sydney','Potter','2006-10-09','31285124',35),
 (358,'Neville','Gordon','1998-12-26','32648322',14),
 (359,'Ryan','Peters','1997-04-24','25039373',17),
 (360,'Elliott','Hurley','1998-12-10','18496547',2),
 (361,'Cecilia','Berger','2017-04-29','28645715',7),
 (362,'Joan','Shannon','2007-09-23','34355280',97),
 (363,'Nathan','Davenport','2022-04-20','18881033',65),
 (364,'Azalia','Rodriquez','2019-10-17','27795430',83),
 (365,'Wynne','Russell','2020-07-09','36931777',11),
 (366,'Madeson','Hansen','2006-08-20','26450855',25),
 (367,'Castor','Blackburn','2015-01-03','32483531',89),
 (368,'Danielle','Luna','2009-04-25','23611523',36),
 (369,'Yen','Shields','2002-02-26','37515273',36),
 (370,'Todd','Cooke','2013-01-28','36061846',28),
 (371,'Fiona','Haney','2009-08-29','25050960',83),
 (372,'Ava','Mueller','2000-02-24','35369118',63),
 (373,'Idola','Forbes','2013-02-23','28391388',92),
 (374,'Giselle','Whitaker','2020-04-11','20623197',77),
 (375,'Madonna','Rodriguez','2019-12-14','32445458',95),
 (376,'Ian','Clay','2001-07-03','25746399',84),
 (377,'Owen','Mcbride','2018-04-26','36279387',78),
 (378,'Madaline','James','2001-09-11','16690345',13),
 (379,'Martina','Gallegos','2004-04-26','16059864',24),
 (380,'Lance','Mclaughlin','2016-04-04','36724598',40),
 (381,'Cara','Watts','2004-12-26','24163849',87),
 (382,'Sonia','Rocha','2017-05-28','20425858',4),
 (383,'Fitzgerald','Adams','1999-01-06','18097519',59),
 (384,'Maryam','Case','1996-09-02','27863523',33),
 (385,'Damon','Noel','2000-11-04','28757214',99),
 (386,'Lesley','Soto','2022-07-27','18178378',12),
 (387,'Flavia','Mcknight','2004-08-26','27146447',40),
 (388,'Xavier','Johnston','2019-06-16','17316337',93),
 (389,'Hilel','Frank','2021-03-13','29897289',51),
 (390,'Adena','Pierce','2020-10-13','34916611',76),
 (391,'Justin','Bray','2018-08-03','27636506',83),
 (392,'Octavius','Solis','2020-06-10','21531412',96),
 (393,'Christine','Bolton','2021-12-17','22096355',48),
 (394,'Oprah','Bennett','2012-12-29','19879673',74),
 (395,'Olympia','Grimes','2002-10-30','28798083',69),
 (396,'TaShya','Cohen','2021-08-21','35949630',68),
 (397,'Amethyst','Huffman','2020-07-27','30007580',3),
 (398,'Ross','Kent','2004-09-23','32152475',92),
 (399,'Amanda','Trujillo','2009-04-09','31593010',4),
 (400,'Ross','Rollins','2019-02-25','37336340',88),
 (401,'Carissa','Gordon','2002-11-09','34670740',89),
 (402,'Delilah','Mercado','2015-12-18','26070189',84),
 (403,'Richard','Bright','2017-08-05','31536657',32),
 (404,'Wang','Phelps','2019-06-03','27657669',88),
 (405,'Ila','Mack','2021-09-02','16363443',80),
 (406,'Paloma','Kane','2001-07-08','35536438',37),
 (407,'Camille','Rhodes','2022-07-08','27712842',18),
 (408,'Giselle','Hunt','1999-11-21','35088904',15),
 (409,'Brent','Duke','2022-01-28','31127113',28),
 (410,'Ayanna','Noel','2021-11-16','37994849',21),
 (411,'Dexter','Berry','2004-10-31','39669472',31),
 (412,'Marsden','Collier','2010-12-24','18117800',77),
 (413,'Tatum','Simpson','2009-06-05','28632035',83),
 (414,'Tashya','Fowler','2020-06-10','25984187',80),
 (415,'Britanni','Giles','2001-11-15','22911258',69),
 (416,'Haviva','Fox','2005-06-29','30725492',94),
 (417,'Rhonda','Pittman','2012-06-11','33175034',90),
 (418,'Hadley','Jacobson','2018-12-13','19447926',88),
 (419,'Macey','Sheppard','2005-10-27','31502122',38),
 (420,'Ifeoma','Sharp','2005-10-21','34157442',96),
 (421,'Leandra','Stanton','2001-06-09','20532630',72),
 (422,'Bert','Frederick','2021-10-25','16655353',15),
 (423,'Amaya','Solomon','2007-09-20','19650757',10),
 (424,'Fatima','Byrd','2008-02-12','18836619',39),
 (425,'Jael','Cash','1999-12-31','32068257',82),
 (426,'Georgia','Mclaughlin','2004-01-24','18509945',34),
 (427,'Shaeleigh','Randall','2014-12-21','23809978',8),
 (428,'Mari','Gaines','2022-03-05','31275811',22),
 (429,'Thane','Chase','1996-06-08','21664885',19),
 (430,'Calista','Ruiz','1996-07-04','33651592',78),
 (431,'Keane','Slater','2001-10-08','25649275',91),
 (432,'Jin','Keith','2020-11-12','26370899',31),
 (433,'Arden','Nelson','2019-09-05','20459903',55),
 (434,'Jennifer','West','1996-12-10','37865884',41),
 (435,'Adria','Burnett','2004-04-20','33451202',94),
 (436,'Cameron','Gilbert','2009-10-29','32169658',42),
 (437,'Ivana','Leach','2017-08-05','18008918',1),
 (438,'Alvin','Bradley','1997-08-19','21634287',50),
 (439,'Amery','O''Neill','2014-01-01','17280168',77),
 (440,'Lavinia','Kennedy','2014-06-16','32763350',77),
 (441,'Arsenio','Lopez','2011-12-15','38142182',20),
 (442,'Marny','Armstrong','2009-02-22','33871727',48),
 (443,'Grady','Hatfield','2008-03-18','18466702',34),
 (444,'Tobias','Olson','2006-05-16','27274717',63),
 (445,'Shea','Talley','2017-10-12','17482670',67),
 (446,'Nissim','Buck','2001-11-24','37052066',70),
 (447,'Jillian','Abbott','2001-01-11','24820274',7),
 (448,'Matthew','Gibson','2003-01-06','30116936',57),
 (449,'Nicholas','Boyle','1997-09-21','29923639',90),
 (450,'Rama','Landry','2022-07-23','23870354',86),
 (451,'Caldwell','Mendez','2018-12-03','24180892',56),
 (452,'Elizabeth','Byers','1996-11-02','31512940',43),
 (453,'Karen','Decker','2006-07-29','37589986',88),
 (454,'Price','Mercer','2010-10-10','34533752',39),
 (455,'Jin','Mcbride','2023-01-10','37916166',12),
 (456,'Noah','Adkins','2018-05-11','19703677',86),
 (457,'Michael','Matthews','2016-10-02','33204250',88),
 (458,'Paula','Martin','2016-06-27','22960909',59),
 (459,'Yuli','Stark','2019-09-29','25927314',17),
 (460,'Victor','Daniel','2003-05-04','33088804',38),
 (461,'Fiona','Luna','2021-12-03','34102665',63),
 (462,'Josiah','Peters','2001-08-31','35561408',3),
 (463,'Chaney','Wilkinson','2015-11-06','25205687',10),
 (464,'Heidi','Jackson','1997-10-09','32767248',99),
 (465,'Thomas','Morgan','2018-03-24','21866228',17),
 (466,'Upton','Berg','2014-10-08','31006013',93),
 (467,'Octavia','Mann','2015-09-08','38560996',6),
 (468,'Judah','Moss','2012-08-09','30982555',27),
 (469,'Drake','Moody','2002-05-09','24919341',75),
 (470,'Elmo','Franklin','2018-06-22','31103678',46),
 (471,'Blaze','Cardenas','2012-09-02','26026497',62),
 (472,'James','Abbott','2006-03-15','28014595',90),
 (473,'Alfonso','Mercado','2001-10-06','17188607',56),
 (474,'Shelley','Holmes','1996-12-15','17152035',100),
 (475,'Jacqueline','Freeman','2000-09-19','33507370',43),
 (476,'Cain','Cohen','2020-07-14','26269092',76),
 (477,'Ian','Moore','2011-12-20','33556350',64),
 (478,'Carla','Goodwin','2004-05-27','17459316',32),
 (479,'Quynn','Wise','2014-01-18','19793755',19),
 (480,'Linus','Parrish','2000-07-23','31908434',26),
 (481,'Elijah','Duke','2005-12-06','34433809',65),
 (482,'Avram','Hickman','2007-02-02','38564149',69),
 (483,'Kellie','Sweeney','2013-05-08','37945982',50),
 (484,'Maris','Johns','2005-11-19','18441072',71),
 (485,'Nevada','Lindsey','2001-05-12','30565151',45),
 (486,'Katell','Brooks','2023-04-21','21412749',82),
 (487,'Gabriel','Church','2014-08-09','19653846',42),
 (488,'Octavius','Fields','2015-06-19','33899426',98),
 (489,'Yvette','Woods','2004-11-29','26283392',96),
 (490,'Idona','Sutton','2000-07-11','24955499',24),
 (491,'Idola','Cameron','2009-04-25','31071010',78),
 (492,'Ezra','Vazquez','2011-05-09','20549274',95),
 (493,'Harrison','Ford','2021-09-28','25009455',37),
 (494,'Vance','Robertson','2021-09-25','26119256',78),
 (495,'Buffy','Curtis','2006-10-15','24345398',38),
 (496,'Abigail','Tillman','2011-04-30','28206634',43),
 (497,'Dale','Gardner','2021-03-08','21485239',11),
 (498,'Akeem','Meyers','1999-06-16','25507749',49),
 (499,'Kylie','Parrish','2003-01-12','29584061',5),
 (500,'Daniel','Ramsey','2005-09-12','33965863',43);
INSERT INTO "sucursal" ("branch_id","branch_number","branch_name","branch_address_id") VALUES (1,100,'Poltava',762),
 (2,101,'Suncheon',271),
 (3,102,'Tacloban',681),
 (4,103,'Darwin',882),
 (5,104,'El Quisco',579),
 (6,105,'Pekanbaru',36),
 (7,106,'Calbayog',842),
 (8,107,'Isabela City',229),
 (9,108,'Pontianak',758),
 (10,109,'Çermik',32),
 (11,110,'Alnwick',220),
 (12,111,'Vĩnh Trụ',107),
 (13,112,'Tomaszów Mazowiecki',224),
 (14,113,'Mokpo',254),
 (15,114,'Bama',869),
 (16,115,'Banbury',6),
 (17,116,'Jaén',817),
 (18,117,'Herstappe',814),
 (19,118,'Kendari',977),
 (20,119,'Tczew',117),
 (21,120,'Shangla',418),
 (22,121,'San Andrés',473),
 (23,122,'Motala',903),
 (24,123,'Mirpur',341),
 (25,124,'Nîmes',829),
 (26,125,'Lowestoft',400),
 (27,126,'Cossignano',524),
 (28,127,'San Rafael',876),
 (29,128,'Omsk',161),
 (30,129,'Jilin',480),
 (31,130,'Guadalupe',351),
 (32,131,'Blieskastel',770),
 (33,132,'Belfast',680),
 (34,133,'Mandai',563),
 (35,134,'Acireale',877),
 (36,135,'Dublin',714),
 (37,136,'Shanxi',46),
 (38,137,'Puntarenas',115),
 (39,138,'Matamata',390),
 (40,139,'Oleksandriia',296),
 (41,140,'Sechura',464),
 (42,141,'Flushing',186),
 (43,142,'Berlin',409),
 (44,143,'Pskov',331),
 (45,144,'Heilongjiang',796),
 (46,145,'Logroño',528),
 (47,146,'Lloydminster',959),
 (48,147,'Warszawa',533),
 (49,148,'Rutigliano',929),
 (50,149,'Huara',720),
 (51,150,'Oss',541),
 (52,151,'San Pedro',544),
 (53,152,'San Andrés',21),
 (54,153,'Kuruman',703),
 (55,154,'Oviedo',402),
 (56,155,'Dordrecht',218),
 (57,156,'Monterrey',568),
 (58,157,'Rzeszów',877),
 (59,158,'Putre',558),
 (60,159,'Dhule',921),
 (61,160,'Kurgan',255),
 (62,161,'A Coruña',586),
 (63,162,'Guadalajara',29),
 (64,163,'Pskov',294),
 (65,164,'Dublin',818),
 (66,165,'Jerzu',843),
 (67,166,'Smolensk',21),
 (68,167,'Wellington',100),
 (69,168,'Bergerac',162),
 (70,169,'Beypazarı',296),
 (71,170,'Berlin',8),
 (72,171,'Acuña',922),
 (73,172,'Dos Hermanas',2),
 (74,173,'Stratford',338),
 (75,174,'Ningxia',830),
 (76,175,'Punggol',479),
 (77,176,'Helena',734),
 (78,177,'Lamont',278),
 (79,178,'Jaipur',798),
 (80,179,'Asan',353),
 (81,180,'Bhiwandi',528),
 (82,181,'Suwałki',538),
 (83,182,'Puntarenas',163),
 (84,183,'Bandırma',285),
 (85,184,'Khmelnytskyi',710),
 (86,185,'Göteborg',908),
 (87,186,'Woodlands',412),
 (88,187,'Shangla',7),
 (89,188,'Trollhättan',328),
 (90,189,'Sembawang',291),
 (91,190,'Zoetermeer',162),
 (92,191,'Jaén',872),
 (93,192,'Okigwe',517),
 (94,193,'Aurillac',473),
 (95,194,'Sembawang',303),
 (96,195,'Tibet',480),
 (97,196,'Quillota',438),
 (98,197,'Vienna',504),
 (99,198,'Upper Hutt',80),
 (100,199,'Iqaluit',577);
INSERT INTO "cliente" ("customer_id","customer_name","customer_surname","customer_DNI","dob","branch_id") VALUES (1,'Moses','Greer','74701370','1985-11-03',66),
 (2,'Leslie','Moses','8712075','1999-09-29',44),
 (3,'Brynn','Hernandez','62401607','2001-08-04',64),
 (4,'Pearl','Chambers','37723405','1934-03-08',56),
 (5,'Zachary','Conrad','73055999','1958-04-28',46),
 (6,'Reece','Kemp','20595714','2000-09-30',90),
 (7,'Deanna','Mcfarland','11254769','1941-05-10',17),
 (8,'Cherokee','Williams','4706963','1967-01-28',85),
 (9,'Felix','Garrett','3511627','1957-02-08',16),
 (10,'Cole','Gilmore','15703200','1999-01-08',3),
 (11,'Jada','Mccall','68777622','1971-05-08',57),
 (12,'Keely','Matthews','13093264','1999-04-23',68),
 (13,'Declan','Wall','53962753','1961-09-11',90),
 (14,'Chaney','Berry','6532425','1986-04-23',6),
 (15,'Tanek','Johnson','37482696','1952-02-09',48),
 (16,'Kamal','Vasquez','94152850','2003-11-15',58),
 (17,'Helen','Jordan','59803359','1966-01-05',51),
 (18,'Danielle','Rosario','35072424','1957-08-09',13),
 (19,'Macy','Paul','13083003','2002-03-25',59),
 (20,'Barrett','Gibson','60919414','1981-05-21',32),
 (21,'Gwendolyn','Drake','85879278','1948-05-01',19),
 (22,'Garrett','Miranda','11139138','1942-07-03',41),
 (23,'Penelope','Fox','76882698','2003-12-11',70),
 (24,'Buckminster','Mayo','40597645','1961-07-25',94),
 (25,'Kim','Munoz','92117380','1990-01-16',69),
 (26,'Grace','Atkinson','30455737','1981-05-03',32),
 (27,'Tasha','Barrett','50011089','1973-07-02',82),
 (28,'Kylan','Montgomery','2905136','1958-08-20',11),
 (29,'Lacota','Welch','88781691','2005-02-22',47),
 (30,'Dominic','Davidson','82537188','1970-05-02',40),
 (31,'Dustin','Stephenson','91361476','1972-04-25',85),
 (32,'Elijah','Zamora','61524693','2002-03-15',57),
 (33,'Vincent','Hickman','86870651','1938-01-29',50),
 (34,'Cameran','Castaneda','10946879','1991-05-01',43),
 (35,'Galvin','Nunez','79514215','1995-08-25',84),
 (36,'Hoyt','Logan','37016640','1983-06-14',84),
 (37,'Christian','Vinson','41550181','1963-09-05',58),
 (38,'McKenzie','King','31403419','1964-11-21',80),
 (39,'Graiden','Horne','45215849','1990-05-30',98),
 (40,'Cassidy','Holmes','11512004','1982-04-16',26),
 (41,'Tad','Petty','52476115','1964-01-09',40),
 (42,'Nolan','Bishop','13493360','1972-08-10',80),
 (43,'Kyla','Bolton','23268158','1994-09-17',6),
 (44,'Rinah','Trevino','24835592','1987-11-23',82),
 (45,'Lee','Mcconnell','50914597','1945-08-16',27),
 (46,'Zelenia','Turner','56896233','1980-07-02',22),
 (47,'Igor','Cruz','78288458','1994-09-05',55),
 (48,'Quinlan','Mcbride','1450461','1990-05-22',79),
 (49,'Walker','Fitzpatrick','39102333','1940-04-08',59),
 (50,'Robert','Mcmahon','59712645','1947-11-26',33),
 (51,'Walker','Coleman','94101576','1958-04-22',11),
 (52,'Nasim','Bean','94591162','1986-01-25',74),
 (53,'Denton','Carey','17693141','1952-08-29',74),
 (54,'Nora','O´brien','63084732','1999-07-17',89),
 (55,'William','Russell','34753282','1958-06-26',48),
 (56,'Hunter','Melendez','6057391','1966-06-02',67),
 (57,'Gavin','Simon','70352148','1951-02-06',97),
 (58,'Orlando','Bishop','27356988','1985-12-29',58),
 (59,'Wade','Casey','39484683','1948-07-13',50),
 (60,'Zenaida','Ruiz','62512206','1992-10-19',71),
 (61,'Moses','Gordon','35464407','2004-11-27',72),
 (62,'Elaine','O´Neill','30670345','1971-02-23',38),
 (63,'Zenia','Sykes','59106936','1962-09-21',39),
 (64,'Autumn','Walsh','43583335','1980-11-23',35),
 (65,'Dane','Vaughan','79520747','1980-09-02',87),
 (66,'Geoffrey','Murphy','76032322','1949-10-04',20),
 (67,'Tanek','Schroeder','35328901','1982-08-24',91),
 (68,'Mia','Salazar','32764485','1937-10-21',92),
 (69,'Meghan','Salazar','58596669','1949-01-10',69),
 (70,'Vance','Phillips','15513992','1937-10-13',58),
 (71,'Melyssa','Benjamin','14659263','1982-10-04',74),
 (72,'Hilda','Wilcox','40755958','1974-03-07',11),
 (73,'Calvin','Buckner','7832059','1943-04-27',15),
 (74,'Francis','Kim','88469836','1979-08-16',91),
 (75,'Connor','Clarke','18414582','2001-08-12',55),
 (76,'Chantale','Carney','83456008','2005-02-08',5),
 (77,'Hu','Hernandez','42620219','1973-11-16',45),
 (78,'Barclay','Walter','24699587','2005-07-08',20),
 (79,'Jocelyn','Manning','49428151','1990-04-20',79),
 (80,'Gannon','Price','80796132','1989-05-21',37),
 (81,'Oscar','Schmidt','65499566','1961-09-28',41),
 (82,'Barrett','Diaz','31337921','1968-07-01',56),
 (83,'Upton','Oliver','2713032','1965-08-16',15),
 (84,'Zenaida','Crosby','6250319','1943-03-02',79),
 (85,'Austin','Ramsey','11712622','1969-07-17',34),
 (86,'Stella','George','93649724','1977-10-06',74),
 (87,'Mariam','Barrera','33693897','2004-06-06',22),
 (88,'Herman','Andrews','5176516','1981-06-18',36),
 (89,'Imani','Coffey','35025478','1970-07-15',51),
 (90,'Tatum','Navarro','47306779','1983-09-12',4),
 (91,'Mufutau','Fulton','55808336','1988-06-16',91),
 (92,'Abraham','Potter','82973832','2001-11-03',16),
 (93,'Cecilia','Holloway','52751636','1998-12-15',42),
 (94,'McKenzie','Daniels','45326938','1941-12-27',10),
 (95,'Louis','Berger','79664462','2004-08-07',50),
 (96,'Deanna','Foley','52600580','1956-02-28',64),
 (97,'Candice','Meadows','3350491','1984-06-24',42),
 (98,'Jessica','Pittman','27211775','1936-10-25',62),
 (99,'Anne','Bush','85678317','2003-09-24',12),
 (100,'Jada','Parsons','1392949','1959-02-22',44),
 (101,'Dorian','Sexton','2468262','1962-01-10',33),
 (102,'Madeson','Rojas','37446779','1942-04-20',83),
 (103,'Carson','Baker','18629757','1975-11-25',97),
 (104,'Renee','Calderon','69695657','1944-11-26',28),
 (105,'Ahmed','Horne','43880139','1937-06-19',71),
 (106,'Lilah','Cleveland','88959674','1996-05-08',28),
 (107,'Samantha','Marshall','42028998','1950-12-04',52),
 (108,'Fredericka','Kline','64111688','1948-11-04',17),
 (109,'Regan','Williams','90924110','1995-12-04',62),
 (110,'Andrew','Shepard','9782418','1960-05-23',62),
 (111,'Walter','Bonner','64827169','1978-12-23',55),
 (112,'Kalia','Holcomb','56493045','1956-03-05',83),
 (113,'August','Pollard','28202904','1942-08-08',96),
 (114,'Driscoll','Rodriguez','73956849','1997-12-09',98),
 (115,'Hilary','Barry','35038750','1971-05-29',68),
 (116,'Winifred','Roth','12965371','1938-10-02',33),
 (117,'Hu','Parrish','7094019','1960-01-30',53),
 (118,'Keiko','Jensen','43376269','1950-09-22',76),
 (119,'Merritt','Joyce','90974118','1960-02-16',35),
 (120,'Brenna','Day','27301955','1993-03-11',15),
 (121,'Shana','Holmes','20857734','2000-04-08',97),
 (122,'Stacy','William','6065533','1958-10-07',16),
 (123,'Armando','Collins','16725280','1965-01-09',23),
 (124,'Stewart','Burch','27661259','2001-04-25',11),
 (125,'Eaton','Nelson','71809798','2001-07-15',4),
 (126,'Whitney','Mcmahon','18032712','1973-04-11',87),
 (127,'Thor','Pugh','67379464','1950-03-15',4),
 (128,'Omar','Bowers','10711897','1987-06-25',30),
 (129,'Whoopi','Barker','39935145','1963-06-02',35),
 (130,'Sage','Vang','63638330','1987-10-17',14),
 (131,'Ruby','Justice','59902657','1971-03-26',95),
 (132,'Sebastian','Wade','45079378','1978-06-21',75),
 (133,'Alfonso','Mcmahon','21197250','1975-06-27',63),
 (134,'Herman','Floyd','8595886','1998-08-13',24),
 (135,'Lewis','Simmons','18432296','1995-05-19',74),
 (136,'Acton','Mosley','74553606','1984-02-04',85),
 (137,'Maryam','Deleon','10768087','1942-05-18',44),
 (138,'Chaney','Bowers','80415600','1939-05-07',31),
 (139,'Colton','Everett','72520796','1952-05-03',83),
 (140,'Jade','Watkins','43939595','1991-10-03',81),
 (141,'Ignatius','Hubbard','3615726','2000-08-11',71),
 (142,'Susan','Villarreal','78113851','2003-12-23',68),
 (143,'Wyatt','Mendoza','56682457','1999-01-17',84),
 (144,'Hilel','Pace','74126459','1992-04-01',91),
 (145,'Kiayada','Mcclain','56239484','1935-10-25',72),
 (146,'Kelly','Maldonado','46729270','1934-11-23',3),
 (147,'Jerome','Perez','29811850','1975-07-02',5),
 (148,'Moana','Patrick','16122296','1980-11-03',55),
 (149,'Kay','Roberts','93675157','1956-04-26',95),
 (150,'Kimberly','Miles','30928676','1939-08-07',39),
 (151,'Kristen','Moore','92165814','1941-05-23',4),
 (152,'Victoria','Bentley','81689735','1967-11-20',33),
 (153,'Rhona','Roberts','83693593','1946-10-14',62),
 (154,'Brent','Hart','21783098','1942-08-10',8),
 (155,'Dalton','Moss','46486039','1950-01-09',36),
 (156,'Zane','Hodges','94777342','1973-03-07',66),
 (157,'Tasha','O´Neill','16369751','1991-11-05',41),
 (158,'Erasmus','Figueroa','54140091','1937-05-24',40),
 (159,'Hilda','White','1766658','1959-06-19',6),
 (160,'Owen','Stephens','50743155','1946-12-24',54),
 (161,'Macey','Trevino','70959085','1988-05-07',64),
 (162,'Colt','Schneider','79322936','1959-01-24',66),
 (163,'Laura','Mcclure','35579297','1953-11-30',73),
 (164,'Leonard','Conley','81258150','2005-05-18',100),
 (165,'Libby','Lindsay','36529898','2004-01-27',92),
 (166,'Joy','Drake','80101053','1958-10-28',58),
 (167,'Caryn','Zimmerman','11789723','1993-07-24',52),
 (168,'Anne','Sims','81151147','1979-08-25',34),
 (169,'Lydia','Aguilar','57897176','2003-08-25',11),
 (170,'Kaitlin','Nieves','92733277','1957-05-11',42),
 (171,'Neil','Rosales','5532511','1947-01-05',89),
 (172,'Halee','Fuller','39237338','1980-05-18',71),
 (173,'Abigail','Gillespie','46909146','1984-02-13',83),
 (174,'Rhiannon','Mcclain','12841198','1978-07-15',68),
 (175,'Mechelle','Trujillo','92422084','1965-12-04',75),
 (176,'Dillon','Frazier','4079042','1957-04-20',39),
 (177,'Tallulah','Olsen','39348335','1944-09-03',74),
 (178,'Athena','Golden','29677106','1981-05-29',89),
 (179,'Francis','Hughes','90680979','1991-12-24',60),
 (180,'Joseph','Mendez','40492468','1941-12-27',79),
 (181,'Margaret','Sloan','53063442','1959-01-09',58),
 (182,'Graham','Cantu','42156022','1939-09-22',2),
 (183,'Marny','Wise','63508269','1990-07-12',61),
 (184,'Hector','Miller','24121955','1946-06-26',28),
 (185,'Leroy','Lang','74875616','1997-08-06',32),
 (186,'Uma','Pratt','35140323','1990-11-04',48),
 (187,'Gisela','Blake','21743899','1982-10-14',45),
 (188,'Jael','Knox','56040058','1940-11-19',70),
 (189,'Herman','Holloway','89902571','1995-11-28',29),
 (190,'Zena','Pearson','70854162','2005-05-30',97),
 (191,'Tasha','Mitchell','59791225','1972-03-16',20),
 (192,'Garrison','Randall','14452206','1973-10-05',7),
 (193,'Odessa','Owens','12502882','1994-09-03',50),
 (194,'Merrill','Thomas','49110683','1953-02-05',20),
 (195,'Elizabeth','Nixon','85813828','1945-10-20',45),
 (196,'Leigh','Sosa','18777898','1982-09-05',57),
 (197,'Ferris','Haney','28982560','1953-05-08',7),
 (198,'Idona','Salas','76020364','1967-04-05',13),
 (199,'Wallace','Suarez','8959826','1995-02-27',58),
 (200,'Jaquelyn','Santiago','56977202','1993-05-20',45),
 (201,'Alea','Parsons','88819388','1984-11-11',93),
 (202,'Haley','Rasmussen','79913229','1953-12-13',84),
 (203,'Veronica','Wiley','60668581','1971-09-23',74),
 (204,'Raya','Juarez','14198414','1993-03-23',96),
 (205,'Ori','Melton','25745719','1936-02-18',51),
 (206,'Dylan','Wolf','8168402','1986-04-26',42),
 (207,'Ulla','Leach','31814057','1947-01-10',61),
 (208,'Octavius','Burns','22522467','1988-01-18',33),
 (209,'Connor','Osborn','19265711','1977-07-24',75),
 (210,'Wanda','Flowers','59353096','1982-02-06',18),
 (211,'MacKensie','Fry','4271886','2004-07-03',48),
 (212,'Elaine','Richmond','32577118','1991-04-22',99),
 (213,'Ira','Knapp','82843116','1983-08-26',80),
 (214,'Barbara','Davidson','58609269','1959-01-31',36),
 (215,'Luke','Palmer','86288017','1995-08-19',57),
 (216,'Howard','Murphy','17339870','1963-12-12',63),
 (217,'Warren','Chapman','77514268','1970-08-12',12),
 (218,'Patience','Chang','54739286','1978-11-20',73),
 (219,'Cassandra','Allison','92724148','1977-10-12',92),
 (220,'Gage','Blanchard','49842634','1946-07-29',41),
 (221,'Scott','Shepard','62648832','1965-12-31',13),
 (222,'Christine','Bradshaw','87487754','1935-01-13',95),
 (223,'Rogan','Adkins','28939490','1937-09-21',41),
 (224,'Henry','Tucker','17496667','1985-10-03',93),
 (225,'Alec','Watson','15775023','1980-12-30',33),
 (226,'Gwendolyn','Ramsey','59643119','1985-01-09',96),
 (227,'Ebony','Kemp','49195084','1956-08-23',80),
 (228,'Keith','Mcclure','71880551','1964-02-10',63),
 (229,'Leslie','Bradshaw','85964157','1979-05-14',11),
 (230,'Macon','Benjamin','37342941','1936-01-26',68),
 (231,'Oren','Ashley','49916666','2000-11-29',52),
 (232,'Galvin','David','54110684','1949-11-06',69),
 (233,'Emily','Wilkinson','41054503','1948-01-15',49),
 (234,'Ross','Sanders','29305781','1951-03-03',20),
 (235,'Drake','Edwards','65227129','1953-12-07',79),
 (236,'Kasper','Hurley','86191977','1978-09-09',15),
 (237,'Timon','Jackson','5586053','1935-02-03',43),
 (238,'Sebastian','Hobbs','40410600','1958-07-12',52),
 (239,'Martha','Wiley','22088515','1968-02-22',57),
 (240,'Kiayada','Clements','48994920','1982-05-09',28),
 (241,'Hyacinth','Figueroa','63558802','1992-05-04',54),
 (242,'Rigel','Lindsay','52818985','1951-03-10',68),
 (243,'Tasha','Woodard','71847924','1988-07-03',98),
 (244,'Zachary','Mason','7445046','1988-12-01',33),
 (245,'Jolene','Foster','6102294','1964-08-27',55),
 (246,'Leo','Mcconnell','23781915','1953-04-19',81),
 (247,'Aline','Williamson','20930800','1989-07-30',41),
 (248,'Xantha','Tran','88735802','1959-04-18',84),
 (249,'Chadwick','Buchanan','12901939','1986-01-24',74),
 (250,'Tyler','Mason','87443045','1977-11-22',28),
 (251,'Uriah','Coffey','26258909','1972-10-06',3),
 (252,'Jarrod','Lambert','27767619','1978-02-07',56),
 (253,'Nehru','Poole','40167601','1972-03-22',11),
 (254,'Stewart','Rowe','50120393','1980-05-21',39),
 (255,'Evangeline','Atkinson','63941754','1947-10-19',91),
 (256,'Quintessa','Wilcox','27807669','1964-06-04',32),
 (257,'Vance','Murray','79294864','1992-03-16',75),
 (258,'Anne','Wade','83991004','1988-01-20',33),
 (259,'Connor','Atkinson','24315908','1935-04-03',24),
 (260,'Akeem','Briggs','13422409','1940-04-14',30),
 (261,'Beck','Castillo','29898996','1972-11-19',52),
 (262,'Gregory','Ortega','91405559','1990-11-04',65),
 (263,'Christopher','Mays','15504304','1956-06-12',42),
 (264,'Francis','Hicks','42625728','1980-03-31',66),
 (265,'Cally','Wise','22751018','1943-02-23',58),
 (266,'Rajah','Rosario','12097591','1949-03-13',29),
 (267,'Davis','Jacobson','39173271','2004-09-24',28),
 (268,'Amery','Cooper','65271803','1982-01-10',17),
 (269,'Cairo','Townsend','32188838','1961-03-19',18),
 (270,'Warren','Frye','56350377','1942-08-20',22),
 (271,'Veda','Juarez','51332726','1937-12-07',1),
 (272,'Leah','Hill','73369715','1955-07-03',34),
 (273,'Deborah','Logan','74474135','1974-02-13',87),
 (274,'Kristen','Ward','28922301','1980-05-18',98),
 (275,'Gail','Mcconnell','16030109','2003-10-10',92),
 (276,'Astra','Brock','90630204','1942-07-12',8),
 (277,'Quynn','Flynn','14818789','1997-03-08',46),
 (278,'Branden','Wong','58263330','1940-09-04',7),
 (279,'Fletcher','Foster','9491509','1951-12-27',42),
 (280,'Mona','Gray','15276906','1983-08-09',30),
 (281,'Chelsea','Shannon','77488511','1986-01-11',94),
 (282,'Kerry','Cole','7370651','1974-09-20',98),
 (283,'Rosalyn','Mcdonald','5142680','2002-04-12',55),
 (284,'Brandon','Flores','68221917','1938-12-20',10),
 (285,'Slade','Pitts','48756362','1959-03-30',91),
 (286,'Patrick','Newton','55142081','1940-03-18',48),
 (287,'Alice','Cash','19312119','1986-08-20',70),
 (288,'Eric','Harvey','39447706','1979-02-18',84),
 (289,'Idola','Blake','94156852','1948-08-02',62),
 (290,'Gillian','Melendez','85988224','1993-07-15',77),
 (291,'Gareth','Booker','12155519','1945-10-12',55),
 (292,'Cooper','Benjamin','66764966','2004-01-11',72),
 (293,'Zahir','William','58046923','1982-03-01',4),
 (294,'Keely','Whitley','84124687','1978-04-14',22),
 (295,'Jaden','Ochoa','1920623','1983-10-19',10),
 (296,'Wendy','Berg','60272103','1935-08-16',41),
 (297,'Camden','Maldonado','82902558','1956-04-27',39),
 (298,'Keefe','Wells','23741539','1969-08-09',46),
 (299,'Erich','Duke','35093531','1957-02-18',64),
 (300,'Madaline','Morin','87811113','1983-11-12',23),
 (301,'Keegan','Valenzuela','30725901','1973-12-06',33),
 (302,'David','Rasmussen','62954247','1982-06-05',81),
 (303,'Mechelle','Torres','57447021','1986-12-02',31),
 (304,'Kim','Osborn','16720876','1965-06-13',58),
 (305,'Daquan','Lane','20520098','1984-02-05',91),
 (306,'Katelyn','Norris','10082924','1966-04-14',19),
 (307,'Ryan','Castillo','62016410','1941-01-10',65),
 (308,'Juliet','Page','43587917','1988-11-18',7),
 (309,'Lee','Bradshaw','1826490','1939-12-25',46),
 (310,'Carol','Mays','77897774','1976-02-14',48),
 (311,'Veda','Rutledge','52704760','1998-09-29',3),
 (312,'Dacey','Cummings','74329223','1944-05-30',65),
 (313,'Devin','Cherry','69922105','1945-06-19',36),
 (314,'Shelley','Ortiz','57347520','1972-08-19',15),
 (315,'Virginia','Cline','31133354','1977-11-04',31),
 (316,'Jaquelyn','Rosa','42948655','1935-08-04',4),
 (317,'Claudia','Mooney','91504340','2005-06-11',65),
 (318,'Harding','Mcclain','64728602','1960-02-15',67),
 (319,'Leigh','Shannon','43846510','1938-11-13',76),
 (320,'Tanner','Mcintosh','8458044','1965-05-05',36),
 (321,'Patrick','Rojas','86478472','1957-09-07',69),
 (322,'Kellie','Bryant','67367268','1964-12-05',38),
 (323,'George','Bond','91512202','1998-08-22',6),
 (324,'Fredericka','Alvarez','88837194','1945-10-16',75),
 (325,'Henry','Pearson','25147128','1956-03-13',92),
 (326,'Channing','O´donnell','78271157','1961-02-28',87),
 (327,'James','Blankenship','67677607','1957-04-18',64),
 (328,'Nathan','Watson','27446749','1995-06-10',8),
 (329,'Yvonne','Stephenson','12247305','2000-01-03',38),
 (330,'Nelle','Quinn','50334433','1987-03-19',76),
 (331,'Fulton','Stanton','71323611','1982-06-03',70),
 (332,'Kiayada','Beck','47878255','1982-11-15',89),
 (333,'Rina','Finch','5090649','1987-06-03',75),
 (334,'Regina','Garner','75092578','2004-01-05',25),
 (335,'Tyler','Hardin','34943381','1979-11-27',19),
 (336,'Logan','Benjamin','65082252','1979-01-11',31),
 (337,'Keegan','Whitfield','89444116','1976-02-21',88),
 (338,'Larissa','Stout','38154353','1960-12-30',96),
 (339,'Margaret','Moses','83097562','1942-01-25',75),
 (340,'Dolan','Carlson','38191753','1984-07-17',37),
 (341,'Preston','Munoz','16271451','2005-06-26',96),
 (342,'Deirdre','Juarez','44000703','1980-06-15',6),
 (343,'Erich','Nguyen','76246810','2003-10-10',4),
 (344,'Brendan','Hart','8264625','1993-10-12',7),
 (345,'Beau','Randall','23169451','1992-05-04',70),
 (346,'Karina','Summers','70978109','1938-01-04',12),
 (347,'Bethany','Carey','63007523','1990-07-19',91),
 (348,'Iola','Sargent','3511620','1955-03-20',64),
 (349,'Bruce','Norman','6997150','1965-10-13',66),
 (350,'Jerry','Barton','5327986','1988-05-30',52),
 (351,'Gwendolyn','Daniels','29746998','1968-09-06',98),
 (352,'Katelyn','Fitzpatrick','65892760','1983-09-30',28),
 (353,'Joel','Whitfield','27360367','1970-09-15',38),
 (354,'Fiona','Lara','52701291','1956-02-21',85),
 (355,'April','Bradley','15805781','1948-04-23',13),
 (356,'Boris','Hernandez','21379814','1967-11-12',76),
 (357,'Upton','Berry','48970002','1941-08-05',88),
 (358,'Alden','Harding','44624079','1952-01-23',51),
 (359,'Tashya','Grimes','72708837','1954-01-05',24),
 (360,'Quamar','Cooley','82881828','1969-12-31',84),
 (361,'Clare','Alford','88056560','1995-07-26',8),
 (362,'Jillian','Guthrie','74664417','1943-05-07',53),
 (363,'Sopoline','Christensen','52913001','1952-04-29',42),
 (364,'Aileen','Finch','33113226','1947-12-29',93),
 (365,'Eleanor','Ferguson','3683509','2004-10-20',88),
 (366,'Bell','Duffy','88576819','1969-05-04',46),
 (367,'Shafira','Richmond','37496945','1941-07-09',85),
 (368,'Barbara','Slater','32516840','1992-12-02',51),
 (369,'Joy','Marquez','51624502','1935-11-25',74),
 (370,'Shaine','Powers','43993370','1967-02-22',16),
 (371,'Abel','Holden','6373214','1967-04-30',12),
 (372,'Alea','Kelly','21139891','1965-07-25',82),
 (373,'Ali','Burton','44665120','1996-07-24',52),
 (374,'Daquan','Lamb','36994623','1979-02-08',96),
 (375,'Violet','Guerra','31089438','1948-07-29',14),
 (376,'Raymond','Frederick','31199874','1945-04-01',85),
 (377,'Nash','Espinoza','76382461','1939-06-27',29),
 (378,'Gage','Stark','36799256','1937-08-06',85),
 (379,'Hashim','Sampson','46282851','1937-11-15',46),
 (380,'Kay','Britt','82892089','1954-08-05',30),
 (381,'Ayanna','Barnes','81353398','1949-02-12',43),
 (382,'Macy','Owens','56732246','1949-06-12',73),
 (383,'Kieran','Sheppard','83198173','1972-06-21',18),
 (384,'Tamara','Dale','67012747','1980-08-05',20),
 (385,'Jacob','Brewer','60994697','1982-11-17',70),
 (386,'Lenore','Lopez','94493738','1936-12-02',1),
 (387,'Jackson','Chan','11690032','1966-09-22',36),
 (388,'Veda','Nunez','36782585','1969-12-07',21),
 (389,'Donna','Reyes','94132487','2002-07-01',54),
 (390,'Jamal','Banks','72512721','1982-11-21',91),
 (391,'Steel','Wolf','83366245','1983-10-18',51),
 (392,'Yolanda','Waters','60606918','1948-11-28',81),
 (393,'Amery','Conway','70332916','1966-10-28',21),
 (394,'Celeste','Elliott','53658899','2002-01-05',4),
 (395,'Ann','Spears','11174063','1989-02-06',20),
 (396,'Dylan','Griffin','21833678','1945-06-02',83),
 (397,'Diana','Chambers','26454949','2004-10-08',89),
 (398,'Nicole','Glass','60499783','1983-04-01',74),
 (399,'Nora','Hansen','24105674','2000-05-02',93),
 (400,'Magee','Hansen','20108081','2000-01-17',92),
 (401,'Teegan','Petersen','46849767','1980-03-10',66),
 (402,'Garrett','Mccray','81877877','1944-01-20',81),
 (403,'Wing','Romero','26778061','1973-03-16',13),
 (404,'Carlos','Hardy','34662417','1997-10-23',15),
 (405,'Luke','Blake','12882164','1937-04-16',83),
 (406,'Lester','Larson','91283291','1990-11-10',15),
 (407,'Buckminster','Ray','94817002','1956-01-09',53),
 (408,'Ira','Weiss','71393185','1980-06-10',50),
 (409,'Duncan','Whitfield','54952306','1999-09-14',43),
 (410,'Hamilton','Harmon','30872809','2003-04-25',43),
 (411,'Bradley','Pruitt','51232968','1994-08-19',62),
 (412,'Sasha','Martinez','39601241','1967-08-26',53),
 (413,'Hop','Allison','42799712','2005-12-18',35),
 (414,'Abel','Joseph','39517107','1965-04-02',55),
 (415,'Oren','Peters','19892270','1963-11-19',31),
 (416,'Aurora','Morse','72759179','1951-08-28',13),
 (417,'Keegan','Dalton','62817650','1995-04-19',16),
 (418,'Brendan','Burch','32218500','1943-04-07',2),
 (419,'Adena','Donaldson','49577566','1966-05-03',10),
 (420,'Cullen','Turner','56637019','1956-09-23',81),
 (421,'Griffin','Todd','29027552','1998-04-10',90),
 (422,'Kasper','Hooper','59852028','1971-03-24',37),
 (423,'Noelle','Brewer','78504399','2005-03-13',85),
 (424,'Hanna','Estrada','76248166','1954-08-24',37),
 (425,'Ina','Hopper','89989813','1997-07-22',5),
 (426,'Raven','Rhodes','27328768','1966-10-06',33),
 (427,'Kaseem','Sutton','18127269','1955-06-16',3),
 (428,'Castor','Brown','78677054','2004-01-24',69),
 (429,'Dawn','Buckner','49303735','1974-08-05',92),
 (430,'Talon','Mcguire','23347590','1939-08-04',17),
 (431,'Demetria','Goodwin','5688410','1960-12-15',73),
 (432,'Samson','Holt','59884424','1953-08-11',77),
 (433,'Lavinia','Adkins','34809648','1993-03-17',71),
 (434,'Joshua','Daugherty','63782701','1963-03-01',5),
 (435,'Norman','Campbell','85474240','1999-03-01',74),
 (436,'Kylee','Spencer','64665547','1995-05-06',43),
 (437,'Lydia','Hester','46617598','1959-02-18',75),
 (438,'Donna','Mccarthy','11676380','1953-03-02',65),
 (439,'Stella','Calderon','74588423','1961-09-19',40),
 (440,'Flavia','Valentine','8284032','1950-05-30',9),
 (441,'Cody','Roberson','25774906','1997-05-25',14),
 (442,'Brynne','Huffman','2756102','1965-07-12',3),
 (443,'Jesse','Shannon','45023218','1965-11-08',19),
 (444,'Carly','Flynn','51688188','1981-07-22',60),
 (445,'Burton','Mcdaniel','79526565','1974-12-22',48),
 (446,'Adara','Massey','58217190','1978-09-03',5),
 (447,'Ulla','Lynn','10770020','1979-02-23',66),
 (448,'Joshua','Stewart','3649141','2002-08-25',81),
 (449,'Jescie','Hayden','36451851','1996-05-31',82),
 (450,'Brenda','Sharp','26719059','2003-03-05',64),
 (451,'TaShya','Richard','13305384','1957-01-08',45),
 (452,'Cadman','Hogan','41104648','1997-09-21',96),
 (453,'Vaughan','Nixon','78492870','1981-08-16',87),
 (454,'Laurel','Wilson','54581749','1961-08-06',67),
 (455,'Kenneth','Dixon','93825576','2004-04-21',62),
 (456,'Addison','Lopez','60270445','1937-06-04',10),
 (457,'Zahir','Dennis','26789095','1979-07-02',93),
 (458,'Jermaine','Suarez','65803877','1975-01-18',18),
 (459,'Sharon','Nicholson','63820485','1978-02-21',89),
 (460,'Shannon','Forbes','33019619','1975-11-12',86),
 (461,'Robin','Patel','61093136','1997-03-01',56),
 (462,'Michael','Hoover','14293078','1937-01-08',99),
 (463,'Colton','Ewing','48452691','1995-02-11',98),
 (464,'Aidan','Bird','47166220','1956-11-08',3),
 (465,'Elmo','Whitfield','76095869','1982-07-18',38),
 (466,'Rae','Shaffer','83737866','1936-12-23',47),
 (467,'Christian','Conrad','20367926','1941-06-23',82),
 (468,'Jason','Schroeder','39401445','1991-08-06',22),
 (469,'Darryl','Emerson','13607408','1998-12-17',13),
 (470,'Emerson','Conrad','60257064','1950-09-09',76),
 (471,'Brendan','Hicks','36383639','1977-04-27',43),
 (472,'James','Townsend','2214326','1935-07-28',15),
 (473,'Tyler','Maldonado','81416516','1949-01-22',39),
 (474,'Shannon','Carver','85288988','1972-03-25',52),
 (475,'Prescott','Trevino','57219983','1943-05-25',79),
 (476,'Harrison','Hammond','57391293','1934-03-14',79),
 (477,'Myra','Cortez','34225247','1968-09-10',86),
 (478,'Gail','Huffman','44337145','1990-10-09',31),
 (479,'Cade','Howard','87916858','1995-12-13',18),
 (480,'Kyra','Dudley','87940573','1960-02-13',94),
 (481,'Piper','Buchanan','42252419','1945-08-10',54),
 (482,'Candice','Higgins','28766198','1987-06-17',89),
 (483,'Erin','Mcpherson','11505696','1954-07-31',100),
 (484,'Anika','Farrell','45419732','1991-01-10',22),
 (485,'Jennifer','Shaffer','81353906','1960-04-28',81),
 (486,'Carol','Cohen','55472397','1946-05-07',80),
 (487,'Macey','Odom','33142768','1973-07-10',58),
 (488,'Hadley','Barber','60376715','1973-03-13',91),
 (489,'Rogan','Bartlett','89431685','1957-11-21',19),
 (490,'Vernon','Thomas','9996618','2003-04-25',18),
 (491,'Mariko','Huff','8685267','1980-03-10',12),
 (492,'Paul','Kim','90644254','1944-01-20',64),
 (493,'Geraldine','Buckley','53039470','1973-03-16',50),
 (494,'Hop','Brewer','11454354','1997-10-23',3),
 (495,'September','Doyle','67754847','1937-04-16',95),
 (496,'Lynn','Fry','15847040','1990-11-10',31),
 (497,'Upton','Byrd','77182942','1956-01-09',2),
 (498,'Aristotle','Carr','12537057','1980-06-10',46),
 (499,'Baker','Craig','25590538','1999-09-14',19),
 (500,'Hiram','Sanchez','35718551','1983-07-21',13);
INSERT INTO "cuenta" ("account_id","customer_id","balance","iban") VALUES (1,330,-1573094,'FI5598296752114394'),
 (2,483,5977434,'CZ7917525786547371181651'),
 (3,208,-2458210,'LT812345718518087428'),
 (4,460,2739517,'GT39813776261248063978085787'),
 (5,99,5736260,'KZ301003620623271114'),
 (6,46,-2367046,'EE148921347736275816'),
 (7,111,-1029626,'NL19NFWK1808680533'),
 (8,13,-6003177,'TN5226062428632671803719'),
 (9,22,-6380527,'FO4312466501272455'),
 (10,358,9329080,'BH03917052455621804929'),
 (11,246,9773274,'MR0825797156643493137017534'),
 (12,115,-1789861,'GR8682947553648492174234256'),
 (13,86,-1672209,'FR0453741177844280648578404'),
 (14,294,-6226923,'ES5263471306788728470322'),
 (15,78,-8695496,'AD1570743382640112288588'),
 (16,250,-5969503,'BG13BISW86622596239306'),
 (17,73,3693400,'GE42621652504603760984'),
 (18,53,-720741,'KW5244705627063249757104030989'),
 (19,155,1667922,'NO1729615234731'),
 (20,480,-8887397,'IS717211133681143056686434'),
 (21,347,-2745828,'LI3815477137336687212'),
 (22,160,-8716944,'GE39822710754769521838'),
 (23,249,-5983358,'TR452863558324825526881830'),
 (24,438,9566243,'NO7096233987258'),
 (25,78,-8153946,'NL97TNFF0908463265'),
 (26,375,-248619,'CR2446331456567256278'),
 (27,333,4868311,'AD3312787522428583129072'),
 (28,437,-6171589,'TN2853436282416210140866'),
 (29,151,6470723,'MT55KTIU34076794895947160278719'),
 (30,58,-6162646,'IE26MXOV72508211006546'),
 (31,399,9267296,'IS190255897391177736287746'),
 (32,328,-2609857,'GE98999868756872536497'),
 (33,337,-1565279,'GT47101369733688357465246736'),
 (34,327,-2738399,'PL49741653848218608802486240'),
 (35,37,-5578434,'AD6717465673756135683464'),
 (36,149,-6310691,'KZ397715987817845635'),
 (37,459,-4170576,'DK9756125383038223'),
 (38,384,-8132621,'KW6301766471272915386730041543'),
 (39,245,2121141,'DO40315164872557735482831111'),
 (40,447,-2349186,'BG29MQFF35626316372568'),
 (41,249,-5797369,'GR5836224352622970458502054'),
 (42,313,561628,'PS174956637380255715768610748'),
 (43,487,-2917627,'LB06131816628270627368448778'),
 (44,488,-2832614,'FR3316274184655444650175727'),
 (45,28,-680883,'IS723841034243726575624816'),
 (46,438,5289771,'BE32114864632404'),
 (47,354,2626368,'IE57CTKX17882578727548'),
 (48,116,8795649,'LB91233647837643476258749185'),
 (49,418,-8489188,'GB08WPOQ32079796171839'),
 (50,41,7903435,'FO9408564917757790'),
 (51,313,55723,'IE35BVDQ67786766458164'),
 (52,210,-1552139,'LV77INOQ1656354309358'),
 (53,292,9485399,'LI7400768234788217486'),
 (54,294,-9913065,'MD4569343205564631794471'),
 (55,115,4020435,'CR9084137718812222822'),
 (56,460,-3125526,'TR146635142434041235851366'),
 (57,377,3383001,'MT14LRKG36763942847651786782753'),
 (58,486,8818538,'PL26121446827161347802921943'),
 (59,448,-4060625,'BE37844115732865'),
 (60,317,557194,'LB69863635151148294633955084'),
 (61,98,5744582,'IE97QFYB49812814973764'),
 (62,428,-4441356,'GI82KNFM556814075077096'),
 (63,178,-8632547,'PT64831857578558553071578'),
 (64,439,-7961884,'PL72546822495651835084326583'),
 (65,305,-9390559,'AZ40620166134837650479078232'),
 (66,260,6143219,'NL63OAQZ8318706857'),
 (67,317,377538,'DE67070151870593733507'),
 (68,446,5889646,'FO2785138532964713'),
 (69,269,8067297,'LI1567031617893111687'),
 (70,281,4811080,'CZ7688601141290453181834'),
 (71,262,807141,'MK83075930362532870'),
 (72,441,9183465,'ES4077747070731250377398'),
 (73,136,4338945,'PK8785833783876805228822'),
 (74,237,-9362287,'NL71WTIR6131354256'),
 (75,170,-337516,'ME22571330452771832117'),
 (76,325,681357,'RS09118516406803732863'),
 (77,419,-5414608,'DK2919136743571493'),
 (78,152,9523904,'FI8042763148248124'),
 (79,376,5121770,'LT045146187258271434'),
 (80,244,2114848,'KW5048825826433726562317770918'),
 (81,50,6661529,'IS491127114743114837999156'),
 (82,464,262381,'FR5021242333531483688364016'),
 (83,110,-4413444,'ES0987410678888366925661'),
 (84,445,8128003,'IT300KNKQI83765888451479834'),
 (85,88,-9719967,'TN8549865637186168261960'),
 (86,261,-1525295,'CY27752645900868132315968751'),
 (87,102,4849643,'LI3994685658763634878'),
 (88,266,5801896,'LT742828287160230896'),
 (89,171,2243822,'AL71613240961019313819666566'),
 (90,436,7686801,'SE4618694626732699396225'),
 (91,178,9296144,'NO6681475553245'),
 (92,259,-7861530,'NO9329374952723'),
 (93,177,5794635,'BA753663708728032435'),
 (94,326,-2087557,'HU93733144101141839550300662'),
 (95,316,883583,'LU989565766280122742'),
 (96,130,7620308,'BH46688503382363694173'),
 (97,125,-4314471,'PS149403468693020612028658231'),
 (98,448,-7792721,'MT22PKUF29753346248326348752270'),
 (99,63,3698560,'KW9570169288366282174566121776'),
 (100,184,6260593,'DE53187442486068813246'),
 (101,22,3524764,'PS041353817414342559685047739'),
 (102,120,-8806189,'GE88882419409716486409'),
 (103,43,-2365776,'SK8193364319975134218985'),
 (104,90,-3263739,'MC3909173336141311485520453'),
 (105,54,3048870,'AE434018288572241527647'),
 (106,214,-5095770,'BA161087777611537336'),
 (107,357,1568104,'LT482350698386115199'),
 (108,471,1029733,'AL77238809288203862823164766'),
 (109,334,-5363442,'RO03YADN5834207601939852'),
 (110,423,3859075,'ME20875345227608371158'),
 (111,9,8141448,'BA254250992688180776'),
 (112,6,6220825,'MD8399332548453135323312'),
 (113,206,5656340,'AD9751621533687487370371'),
 (114,276,-7927395,'GR6651836273855380684402779'),
 (115,148,7438623,'HU06214375051403349361822481'),
 (116,157,7701231,'GE40671487200511460225'),
 (117,155,-9750757,'ES3132451576627635426358'),
 (118,56,-3989683,'SM1935355797187168547070155'),
 (119,271,2891184,'IL814726377758878824356'),
 (120,39,-7705674,'GT54322563727042262725224155'),
 (121,192,6333881,'KZ826138020173850205'),
 (122,442,-9642587,'AE577471241589483695787'),
 (123,297,-6477748,'PK8224772653025992941136'),
 (124,256,-3449871,'BH09268511847817713886'),
 (125,308,-8328534,'NL78HEXQ3662488165'),
 (126,17,3038717,'LT143177252391075328'),
 (127,10,6576935,'NL62LSUN9835541279'),
 (128,145,-9386216,'AE327508877226681260622'),
 (129,294,437745,'MK02932734342448727'),
 (130,352,-1956910,'ES9735456398262122744728'),
 (131,311,2061945,'FO9205648381447843'),
 (132,413,-6235039,'PT47752652251552252873689'),
 (133,337,-8667224,'MU2858083679582911718632336773'),
 (134,140,5553613,'IT181XWEQI28169625419561246'),
 (135,85,8028717,'FO7765969538161561'),
 (136,167,616924,'PK2931858206497050286841'),
 (137,106,-196801,'NO6475923036892'),
 (138,268,9625326,'VG3727854328873118553362'),
 (139,134,907367,'MT92VRTQ87722387674535687231110'),
 (140,24,-5938689,'CY07618272146681234810448836'),
 (141,353,388162,'NO7274161642557'),
 (142,375,6927749,'AD0745817363871242739030'),
 (143,406,-6331563,'SK2717275190734623445373'),
 (144,291,4259971,'GL9537176676906971'),
 (145,223,-9276527,'TR313088916453748457383907'),
 (146,345,-2250602,'IT775FUDNI58296170317276565'),
 (147,216,-9138459,'IS656096908616081284472878'),
 (148,91,-1530,'GI92HZOZ974216718988530'),
 (149,372,-372877,'MR9080294517828938243368874'),
 (150,134,-4080791,'IL455373486286781581544'),
 (151,344,-8458513,'DK9182620603079057'),
 (152,415,-4061532,'IL781158556651533456734'),
 (153,114,-3567613,'RS48851351634674334557'),
 (154,54,-7820936,'EE918113641723148627'),
 (155,292,288920,'IT784QOHAI98133825874023146'),
 (156,97,2713232,'GR4322148303448232182223354'),
 (157,490,-5530690,'NO5863238540321'),
 (158,11,-7552836,'HU66017635552544020320674024'),
 (159,279,-7712995,'LB47161284173561427825782237'),
 (160,404,7149951,'PT49161951825571761154818'),
 (161,105,-3684447,'GE85328413383757157129'),
 (162,34,-6739663,'TN9873248817459453931454'),
 (163,56,7219631,'PT48255202654860662082244'),
 (164,356,-6837725,'ES1070656188138484218037'),
 (165,441,144722,'FR1104232614433132818549417'),
 (166,246,-9433738,'GB13JHDI01413559561437'),
 (167,453,9468376,'DE30162324224317882719'),
 (168,145,-8634020,'SA4655865438345435784709'),
 (169,295,-3115954,'EE508361634188643341'),
 (170,317,-4376181,'FR0620628309518161579803384'),
 (171,482,-2587520,'LT671881692391355171'),
 (172,152,-9955705,'DE27822212863525255151'),
 (173,118,1397994,'FR8062652376702470167659883'),
 (174,405,-7558861,'KW1686236264294867772331578427'),
 (175,438,4612202,'DO67576024676647579010684429'),
 (176,169,8058903,'GT42167676792081056245752281'),
 (177,66,-7639345,'GI98IBRZ325968576773371'),
 (178,427,4413105,'FI6529372846757301'),
 (179,479,5196512,'LB61174072365783672575113547'),
 (180,75,-5285886,'SK7479653496276290195067'),
 (181,177,-9262193,'AE308664419168422257672'),
 (182,199,-8418371,'LB96165516654811655746573978'),
 (183,402,-5203186,'MU0452330226832733377716494862'),
 (184,486,-3185013,'MK59265168618048389'),
 (185,72,5388392,'DK1421907383013036'),
 (186,176,-4754056,'AL26472465037064444755767388'),
 (187,60,-4575309,'ES6343242525866663685314'),
 (188,124,-9850648,'MK21263692197192686'),
 (189,320,5917799,'PK4603745688411245662461'),
 (190,275,-4911709,'ES0931281619324283328377'),
 (191,187,-3075683,'BH09639870547938802865'),
 (192,374,5623126,'DO56960432254766506539584671'),
 (193,241,-4713314,'HR3136152202725632377'),
 (194,140,7622980,'MD7426115361273221788802'),
 (195,277,2641090,'ME32855424754370227584'),
 (196,333,9138616,'LV32AZYG9539456275258'),
 (197,189,5667903,'RS77272617246168584328'),
 (198,73,-9050032,'LT457508635747296336'),
 (199,46,-7972712,'KW9497574718273522556325084087'),
 (200,451,3502069,'FO6225505124074773'),
 (201,276,-8090332,'ES3299216445231145411234'),
 (202,381,-5795758,'HU05372624539542751364226112'),
 (203,381,3794185,'BA685713207677773845'),
 (204,153,-6362521,'AZ13803221445474499210136817'),
 (205,396,1524460,'HR2526179423668865006'),
 (206,74,957190,'AT050389711126136344'),
 (207,102,3558582,'IL786332741375241245696'),
 (208,137,-12441,'TR704448426388385770741339'),
 (209,152,538523,'LB22614574491313715333014743'),
 (210,429,-6119756,'FO8710924511963148'),
 (211,90,-7969763,'AE417982264848155747446'),
 (212,289,2206041,'PT02374057427326722846711'),
 (213,96,6188553,'AL66755181345310326858664506'),
 (214,234,220420,'MC9182847273614789514154215'),
 (215,181,495424,'AL18634313334420203095869497'),
 (216,482,9526325,'AZ35381557870332572934420680'),
 (217,466,7584905,'KZ507533376996761547'),
 (218,224,8642080,'GR9308287982193535590200677'),
 (219,59,-1159660,'CZ4329504853179463005039'),
 (220,8,6309471,'DE37620421478738840137'),
 (221,43,-4468993,'HU52235275657389222916558572'),
 (222,310,-8216302,'AE768967745026747858312'),
 (223,154,8621933,'GT76476322593784212155424455'),
 (224,136,-8484579,'IS160726937823708455497776'),
 (225,248,-2266335,'CH1345608164647752663'),
 (226,227,2079231,'LV36YKBM1546448301503'),
 (227,269,-5109053,'CH8445093086995605976'),
 (228,498,9847671,'SM0508380121489709336611405'),
 (229,167,-6996521,'FO7737528723072371'),
 (230,140,-85559,'IL695591053448126034963'),
 (231,145,-5521155,'ME35548444770438112447'),
 (232,170,-2543064,'ME36776000984665239295'),
 (233,226,-3895478,'SI26264942844567390'),
 (234,110,-5404955,'IL555946913975253642720'),
 (235,429,-5379899,'ME69832436320336983331'),
 (236,148,-9527636,'RO60BLUM4985500297821964'),
 (237,288,-5364478,'IS620675961212686712752231'),
 (238,54,-4312312,'FR7527437125554316541120583'),
 (239,158,7214168,'FO3147591117452221'),
 (240,270,-3309441,'DE65871815925958118685'),
 (241,222,-2079671,'DK8065476482483543'),
 (242,160,-3777020,'KW9253289386858817708914898710'),
 (243,41,5887058,'PT19707872335874350464735'),
 (244,44,-4996064,'GL6679130122264061'),
 (245,270,4449830,'PK5006384514854873782507'),
 (246,194,9483785,'RS13232483808926714262'),
 (247,158,1728806,'SA6475903112066441343926'),
 (248,27,-5839317,'CZ3503910583801831285341'),
 (249,115,4597187,'PT90257181277282467553889'),
 (250,119,-8221601,'MT88KUVL53650585234610870604628'),
 (251,378,-8773617,'AT021203886288864284'),
 (252,352,-5217465,'CY63181463837183547527171253'),
 (253,450,4357708,'SM5625806473355628860452135'),
 (254,383,-3679286,'IE12IERY58306227727940'),
 (255,293,7744747,'SA8682070858303838411615'),
 (256,75,7516532,'FI7006221754644147'),
 (257,481,9955467,'MT54GFGN85621166665288376613532'),
 (258,72,-4055659,'AZ12728720577369059735659332'),
 (259,196,-705405,'LU498821025729325991'),
 (260,476,2266871,'DO26287369500667298702742748'),
 (261,349,-4518039,'AL87388220871011364518770401'),
 (262,396,-7657463,'MT81VIGF53589760517879554043697'),
 (263,116,6991337,'CR2218580797820232616'),
 (264,122,-6471689,'SE6218976219618389873101'),
 (265,79,3966289,'ES0204555323872834311895'),
 (266,79,6064607,'MU2566508181743055575834423907'),
 (267,360,1373614,'BG02RNMD00823050641418'),
 (268,347,2335227,'LI0875937587861582816'),
 (269,434,-5309624,'SM4033384813781589719417657'),
 (270,18,4963105,'TR731455721776933673377847'),
 (271,454,-9983627,'CR3530579961877177732'),
 (272,158,-6951230,'IE31ERSB34339226757968'),
 (273,135,732707,'MU1373856286769304815613162345'),
 (274,326,-3922673,'SA8035491766897235652271'),
 (275,235,-7796387,'RS24952571078115367118'),
 (276,61,-2964542,'AD5076158197768505218117'),
 (277,484,3993184,'MU0378443879117666666534641635'),
 (278,380,2095531,'DO53447978754474635225478655'),
 (279,23,3773212,'GB94KAXX61356731680052'),
 (280,362,-6893448,'RO03KBNO7947868731184512'),
 (281,489,9905592,'NL81OGSF6856818155'),
 (282,117,-8774749,'CZ7388409335873726766578'),
 (283,109,7416893,'ME66812555445489605331'),
 (284,68,-7254995,'IS313158658764766076886145'),
 (285,220,-5015311,'DK0416851582523321'),
 (286,294,1353614,'GB24UYHL77457817743164'),
 (287,42,-1105952,'NO0372746833227'),
 (288,165,2196476,'AD1849366755392474988201'),
 (289,386,1109520,'BH17794555682730582244'),
 (290,447,7205223,'GI07HYGR126312481417125'),
 (291,187,-9220768,'SA5678525132409748579161'),
 (292,102,2133708,'GB27VMSO36923042156464'),
 (293,257,-1539649,'TN7292888616563595042945'),
 (294,150,-8984459,'AZ23437740834976131128341581'),
 (295,456,-3244487,'BE08048871877294'),
 (296,228,-9444507,'MR4924654511637503676711665'),
 (297,43,-8361704,'RO84RBLT7658268431573345'),
 (298,12,2311385,'KZ763504215621740769'),
 (299,441,-3844948,'AL10369703787752665475622533'),
 (300,324,8481039,'GT47244882813215143589880371'),
 (301,349,-2521737,'BE59103543016764'),
 (302,250,-4104369,'RO38BQYU4845829843127774'),
 (303,426,915710,'MC6714172130507154282123872'),
 (304,16,-8763381,'SK9726236708376578736261'),
 (305,92,8404896,'CZ9578167188460355313701'),
 (306,227,-1388091,'BA261882707158745205'),
 (307,405,260589,'HR6825292773671613458'),
 (308,302,4085099,'RS13233460158821196423'),
 (309,471,5580556,'PL62620181441825784877010323'),
 (310,256,2851966,'LU111257848934450877'),
 (311,370,1365499,'MD0589773311139158470838'),
 (312,309,1425553,'GL8654624737312254'),
 (313,87,6013393,'CZ8667585072124752642134'),
 (314,24,-4770160,'IE17STTU51855489388240'),
 (315,446,3568601,'CY96682743112277023740368631'),
 (316,387,-3702897,'FO3139573858420810'),
 (317,13,-398380,'ME93057727433685687707'),
 (318,427,4540486,'PT36178522618062724713465'),
 (319,327,2912246,'CH3696666466963773068'),
 (320,347,5614729,'MR9140808198794782824654608'),
 (321,343,9333655,'LV20OFQN6737431585982'),
 (322,39,9092364,'HR4251503545847311296'),
 (323,280,-8455551,'BE59781251634036'),
 (324,110,1991139,'PK3825463419382322378883'),
 (325,27,5526458,'IL297879181988768351573'),
 (326,331,-9512693,'FO6848306483662579'),
 (327,454,9654026,'LB40719515719574777651737784'),
 (328,486,7944884,'PK9291166152383620451685'),
 (329,144,-9748168,'HR6050168073325224243'),
 (330,429,-7751451,'ES1944741901542518281490'),
 (331,194,4028302,'FI4116504458702388'),
 (332,90,-7103876,'NO2162195134491'),
 (333,451,-6497146,'RS21885834077702469456'),
 (334,283,3060018,'TR261791331323588818472367'),
 (335,277,8239675,'FI1664542458883446'),
 (336,121,3240836,'BH16184158460566974345'),
 (337,98,6063143,'AZ78688509042481277637666288'),
 (338,414,8386485,'HR5023517217838736036'),
 (339,256,-734570,'PS788389357412796157982244274'),
 (340,392,3497900,'SA3164386211131847337838'),
 (341,223,3418923,'PK2608237468053460198979'),
 (342,269,6673898,'SI83619957482238942'),
 (343,190,-4226503,'MK34035515611364368'),
 (344,258,-2091098,'AD8409235001725759261558'),
 (345,469,4148401,'SA6321285641974598337891'),
 (346,298,-220220,'KZ568034214811732148'),
 (347,446,-5374678,'DK8539511377578451'),
 (348,409,5220514,'SK0246775744488885723647'),
 (349,284,3312049,'AD9108493676787783726438'),
 (350,108,5839862,'DK9534813456860224'),
 (351,370,1683523,'AT344984549972143654'),
 (352,30,4236924,'BA342377830916213379'),
 (353,201,8657040,'BH51632105456467492153'),
 (354,421,-6230973,'LV47YLDO7436150451343'),
 (355,392,3394123,'HR2901563430755136948'),
 (356,440,-2958686,'ME18647334213183117699'),
 (357,409,8325578,'NL62CRGR7821676118'),
 (358,471,6332537,'HU85375662144386234427073536'),
 (359,236,4683558,'CR1123551769577856144'),
 (360,439,1602848,'IL252130078548197118779'),
 (361,2,-1590581,'NL24NWHN6414542882'),
 (362,319,8657745,'AZ84787788162387722664418466'),
 (363,160,9125196,'FR3436521871413565113665360'),
 (364,71,-6366861,'NL02JJSM5649384725'),
 (365,329,-9130968,'LB77662587833418191248100217'),
 (366,282,8363272,'BH32574152170226638675'),
 (367,95,-9301570,'BA857761477830741927'),
 (368,133,-1017295,'FO4036754734688525'),
 (369,185,-9542929,'VG6921386609676394457435'),
 (370,94,8293445,'AE827195337511890377139'),
 (371,419,9606530,'GT23622450677111961786567956'),
 (372,252,4155243,'PS971895605967265987785538615'),
 (373,265,-3882814,'GR0224512358327762423293638'),
 (374,97,3481904,'GI17WUUH834803238234736'),
 (375,118,-728693,'GI67LJPG681131812730551'),
 (376,487,-5245773,'PL18438888126807778121407646'),
 (377,93,9940448,'AT695832812366263147'),
 (378,54,6634122,'GT89602838721001274318171481'),
 (379,4,-4296534,'GI15TBRH703334122302021'),
 (380,368,-3637815,'DO59547635323167557587514428'),
 (381,177,-2843166,'SA2645314513874065320119'),
 (382,307,2685932,'IE70TTHX79401060496255'),
 (383,181,-2032720,'BG41JTOF31485835633745'),
 (384,42,-3100159,'LV47HDBW9927614642677'),
 (385,106,6879358,'EE358782511436073840'),
 (386,62,1261033,'SE4775486449049526425888'),
 (387,348,1480405,'SE9398546019801585945048'),
 (388,111,-2489247,'KZ494717034176651341'),
 (389,43,7402644,'LU265899866102175369'),
 (390,177,-5407958,'AE819756234379406577655'),
 (391,197,2641902,'IL221415881232454599469'),
 (392,172,6233957,'IL207285782128254527721'),
 (393,320,7744617,'SA2572614707316675777962'),
 (394,315,-6017072,'DE15141278666762243047'),
 (395,447,-9475985,'IL355282872381139531250'),
 (396,292,-2744989,'AD1989605214144409117250'),
 (397,441,-8750158,'DK7542091886255135'),
 (398,319,9750319,'MD9815482510562491470266'),
 (399,31,-4221753,'DO72055766370570382548628086'),
 (400,145,-8076292,'SM8311798414215862593081646'),
 (401,46,9926381,'DO57002362658734754144703382'),
 (402,77,6861725,'BE24723761988170'),
 (403,62,-1625617,'FO6792868383005438'),
 (404,324,-7719169,'ME87014806141456445831'),
 (405,304,-5391225,'KZ711312467113374390'),
 (406,176,-7319133,'PS045279555925472516672282656'),
 (407,40,2671447,'GT27653647901667131512944111'),
 (408,386,2675908,'TN1131732665175389786716'),
 (409,411,5173233,'MT63SJBF23032438580454775741298'),
 (410,380,-8177334,'MR0482026110395861000663603'),
 (411,277,2762353,'GL0865489614618518'),
 (412,229,5857479,'SM7053626581175286523687961'),
 (413,302,-6557849,'IT561KNIRI55528365533265707'),
 (414,259,557430,'CH4252017028678272518'),
 (415,295,4688498,'CH3991727435353368479'),
 (416,9,-4334051,'BG40JOSV54025566825585'),
 (417,453,-1806328,'GI25OPMI072144973861691'),
 (418,40,9021209,'KZ858188288677562262'),
 (419,284,-322979,'EE336286218618805221'),
 (420,343,2707770,'NO7565344680257'),
 (421,218,5157347,'SM7264517764612547519417169'),
 (422,46,-3176884,'TR268884792785844257681053'),
 (423,469,-9069606,'SM5582418965866219238551178'),
 (424,12,4789480,'TR392744404888713713226423'),
 (425,460,-3237349,'SI79972261353547950'),
 (426,141,-4499261,'DE64111496513124656332'),
 (427,373,7795156,'SK4522332985422941529344'),
 (428,61,9040820,'LB23113858618735722877635478'),
 (429,17,2647850,'IL646037025273878424561'),
 (430,367,-7683684,'GL1875087105167039'),
 (431,140,-7366833,'LI7325978638615347843'),
 (432,343,8157034,'PT16242201025527297134515'),
 (433,383,2737210,'CY76453817464632838212381360'),
 (434,440,8447538,'TR297525850674468681628813'),
 (435,288,-1987268,'GB50IYIY55436765471529'),
 (436,217,2781775,'MC9740214134113927734943978'),
 (437,439,1979260,'CR8127449614882092770'),
 (438,95,-403221,'KW3062363717006853492463655132'),
 (439,361,3694963,'IS936332453882972688583310'),
 (440,38,-9658236,'LI2654451367255716551'),
 (441,491,7324708,'CZ5148711760314114645512'),
 (442,75,2976467,'TR343150305229171208257713'),
 (443,121,-3439576,'AZ14614031532421095392046260'),
 (444,199,7304062,'AL64176253801308245216537272'),
 (445,422,-1373566,'PS927170617271738485566825488'),
 (446,17,-9362137,'HR2593482456272210973'),
 (447,53,7888087,'BE13155337768771'),
 (448,43,-4522072,'PT93377476746671278651858'),
 (449,283,-9479996,'ES2025352500333535438333'),
 (450,378,4357521,'BA557948455313582245'),
 (451,23,1463306,'PK2621763688673237826511'),
 (452,211,5247848,'BA283207662711486456'),
 (453,69,-9316225,'FO2487704289734510'),
 (454,19,9315220,'FI4941286926114837'),
 (455,58,2623244,'AZ26927942467983277685140685'),
 (456,107,-1839942,'LT118282136797271342'),
 (457,364,-8379231,'PK0654738270544660694394'),
 (458,252,4813320,'MC8450638811088671214477642'),
 (459,260,-1664507,'HR1952897718119964660'),
 (460,57,1962420,'CZ2747836422813812138436'),
 (461,178,-3135624,'NL41QJBE0166388148'),
 (462,424,-837541,'GT39824075633381662218403642'),
 (463,392,98299,'ES7545503986806753917358'),
 (464,146,4839764,'AT986968684115228206'),
 (465,209,262925,'NL32QEIX2167263621'),
 (466,480,-3070305,'PS813262337372656948854718364'),
 (467,215,-3136513,'GI15CRVB291801257918888'),
 (468,214,9110335,'GR7234591392000167211314165'),
 (469,318,9442947,'KW0745444717016418668963387271'),
 (470,267,-237282,'CR1717384312744745996'),
 (471,466,109632,'SE2631431751681342756154'),
 (472,128,7343082,'ES8578293469516423872475'),
 (473,295,-9797650,'FI7006156772986535'),
 (474,111,-8832299,'ME12595239639687574627'),
 (475,325,9605830,'GE95333619338450033538'),
 (476,475,4864968,'GL7327577663347698'),
 (477,324,-1688244,'MC9336833629342014567912135'),
 (478,12,-6956193,'HR6946558595273534319'),
 (479,230,-2435059,'PK9564687732308385164880'),
 (480,410,4340793,'IL781551947649166156712'),
 (481,104,6986455,'TN5377646587538762233917'),
 (482,407,958609,'GB12DYDG52595377737179'),
 (483,297,-6953903,'DK9441861929611040'),
 (484,89,7500717,'DO83466825766661726346544546'),
 (485,186,6412544,'MR7033765345665733630268112'),
 (486,458,5444644,'HU81517966757320352683231954'),
 (487,308,-8953706,'HR4067777895121661574'),
 (488,371,-7690763,'TR761614578406977360387869'),
 (489,206,3280264,'SI40610135614258245'),
 (490,424,8427807,'BG70NEBC32642250726827'),
 (491,65,9356129,'GI81FMJC764133627702251'),
 (492,164,8843634,'PT49607985441814326156356'),
 (493,400,4143950,'NO4217241934360'),
 (494,443,-2255225,'SK8983606425189223695984'),
 (495,386,2608203,'RS41163577152953888938'),
 (496,310,9259082,'BG10DVBI29525742165429'),
 (497,254,7070442,'MK90371233785769035'),
 (498,315,-2869966,'SM0675820664698261437895824'),
 (499,208,6945865,'CR0218648421878344681'),
 (500,15,4618809,'AE813289947274737771878');
INSERT INTO "prestamo" ("loan_id","loan_type","loan_date","loan_total","customer_id") VALUES (1,'HIPOTECARIO','2022-01-09',30641711,254),
 (2,'HIPOTECARIO','2023-03-14',44750926,336),
 (3,'HIPOTECARIO','2022-12-26',42881553,351),
 (4,'HIPOTECARIO','2022-09-28',21323124,215),
 (5,'PERSONAL','2022-05-17',60386195,369),
 (6,'HIPOTECARIO','2022-02-17',78289641,478),
 (7,'PRENDARIO','2023-05-05',20040306,398),
 (8,'PRENDARIO','2022-01-20',29782439,353),
 (9,'PERSONAL','2021-09-04',59910808,436),
 (10,'PRENDARIO','2022-09-11',84265321,257),
 (11,'PRENDARIO','2022-04-07',18892362,302),
 (12,'PRENDARIO','2021-11-04',86337214,121),
 (13,'HIPOTECARIO','2021-10-24',57752159,192),
 (14,'PERSONAL','2023-01-16',2800094,166),
 (15,'PERSONAL','2021-10-30',558264,327),
 (16,'PERSONAL','2021-12-26',80336985,170),
 (17,'PRENDARIO','2023-04-29',44811719,492),
 (18,'PRENDARIO','2021-09-02',32773622,360),
 (19,'PRENDARIO','2022-03-28',41344461,127),
 (20,'HIPOTECARIO','2023-04-10',90966113,307),
 (21,'HIPOTECARIO','2022-06-13',62964650,375),
 (22,'PERSONAL','2022-03-20',43680736,76),
 (23,'PRENDARIO','2022-08-20',523822,403),
 (24,'PRENDARIO','2021-08-10',90575768,234),
 (25,'PERSONAL','2022-03-24',55779616,272),
 (26,'PRENDARIO','2021-10-28',73656968,343),
 (27,'PERSONAL','2022-06-30',18503052,226),
 (28,'PRENDARIO','2022-02-26',55881766,282),
 (29,'PERSONAL','2021-07-20',17312223,450),
 (30,'PERSONAL','2022-01-29',45072862,487),
 (31,'PRENDARIO','2021-07-27',94283727,341),
 (32,'PRENDARIO','2021-12-14',12509020,188),
 (33,'PERSONAL','2021-07-02',40227568,468),
 (34,'HIPOTECARIO','2021-11-28',45072822,423),
 (35,'HIPOTECARIO','2023-04-05',92027092,263),
 (36,'PERSONAL','2023-03-20',63339896,2),
 (37,'PERSONAL','2021-09-22',79576693,187),
 (38,'HIPOTECARIO','2022-11-25',56860572,8),
 (39,'PRENDARIO','2022-09-16',44179009,185),
 (40,'HIPOTECARIO','2021-09-16',27434118,179),
 (41,'HIPOTECARIO','2022-06-10',33233147,450),
 (42,'HIPOTECARIO','2022-03-25',92616663,365),
 (43,'HIPOTECARIO','2021-10-17',17471995,117),
 (44,'HIPOTECARIO','2022-07-16',93520199,42),
 (45,'HIPOTECARIO','2022-12-10',38713890,92),
 (46,'HIPOTECARIO','2021-06-04',52763607,258),
 (47,'PERSONAL','2022-03-16',31485350,379),
 (48,'HIPOTECARIO','2022-10-07',92174444,171),
 (49,'PERSONAL','2022-09-17',16115360,198),
 (50,'PERSONAL','2021-12-27',24747246,84),
 (51,'PERSONAL','2022-10-24',89354393,128),
 (52,'PERSONAL','2023-04-14',30307452,85),
 (53,'PERSONAL','2021-10-22',17574776,296),
 (54,'PRENDARIO','2023-03-24',38900647,167),
 (55,'PERSONAL','2022-08-15',63307158,331),
 (56,'HIPOTECARIO','2021-09-11',67184231,212),
 (57,'HIPOTECARIO','2022-03-21',51443431,49),
 (58,'PRENDARIO','2023-03-26',46891031,473),
 (59,'HIPOTECARIO','2022-04-09',72865853,248),
 (60,'PERSONAL','2021-08-22',2457310,209),
 (61,'PRENDARIO','2021-11-03',16481625,374),
 (62,'PERSONAL','2022-11-18',51198543,6),
 (63,'HIPOTECARIO','2022-01-19',36207554,230),
 (64,'PRENDARIO','2022-06-30',85908016,182),
 (65,'PERSONAL','2021-10-18',33547386,302),
 (66,'PRENDARIO','2022-07-18',79290815,409),
 (67,'HIPOTECARIO','2022-01-12',22641014,350),
 (68,'PRENDARIO','2021-11-14',63041539,454),
 (69,'PERSONAL','2022-05-02',94632321,391),
 (70,'PRENDARIO','2023-02-16',15295576,319),
 (71,'HIPOTECARIO','2023-01-14',87658909,30),
 (72,'HIPOTECARIO','2021-07-04',66254062,379),
 (73,'PRENDARIO','2023-02-05',66620697,321),
 (74,'PRENDARIO','2022-05-19',19318463,265),
 (75,'PERSONAL','2022-03-31',73163333,462),
 (76,'PRENDARIO','2023-03-15',91208904,444),
 (77,'PERSONAL','2021-07-28',19546303,393),
 (78,'HIPOTECARIO','2022-05-07',81461316,169),
 (79,'PRENDARIO','2023-01-25',4871100,334),
 (80,'PERSONAL','2021-11-08',37596669,437),
 (81,'HIPOTECARIO','2022-03-07',52627898,13),
 (82,'PERSONAL','2022-06-10',38315517,345),
 (83,'PRENDARIO','2022-10-08',35758077,24),
 (84,'PERSONAL','2023-05-12',54008733,57),
 (85,'HIPOTECARIO','2021-08-26',12299963,296),
 (86,'PERSONAL','2023-04-03',52774722,491),
 (87,'HIPOTECARIO','2021-07-03',34481219,146),
 (88,'HIPOTECARIO','2022-09-04',78274947,173),
 (89,'PRENDARIO','2022-07-08',9744724,102),
 (90,'PERSONAL','2021-09-22',37904149,13),
 (91,'PRENDARIO','2022-12-04',16387759,313),
 (92,'HIPOTECARIO','2021-06-01',22874127,334),
 (93,'HIPOTECARIO','2022-07-13',13330182,184),
 (94,'HIPOTECARIO','2022-01-24',84355998,129),
 (95,'HIPOTECARIO','2021-12-26',3804271,171),
 (96,'PERSONAL','2022-05-04',64533257,392),
 (97,'PRENDARIO','2022-03-24',62487263,254),
 (98,'PRENDARIO','2022-06-10',10208679,401),
 (99,'PRENDARIO','2023-01-15',33702870,34),
 (100,'PERSONAL','2021-11-17',56177156,216);
INSERT INTO "tipo_cliente" ("tipo_cliente_id","tipo_cliente_nombre") VALUES (1,'CLASSIC'),
 (2,'GOLD'),
 (3,'BLACK');
INSERT INTO "tipo_cuenta" ("tipo_cuenta_id","tipo_cuenta_nombre") VALUES (1,'CAJA DE AHORRO EN PESOS'),
 (2,'CAJA DE AHORRO EN DOLARES'),
 (3,'CUENTA CORRIENTE');
INSERT INTO "tipo_tarjeta" ("tipo_tarjeta_id","tipo_tarjeta_nombre") VALUES (1,'TARJETA DEBITO'),
 (2,'TARJETA CREDITO');
INSERT INTO "marca_tarjeta" ("marca_tarjeta_id","marca_tarjeta_nombre") VALUES (1,'MASTERCARD'),
 (2,'VISA');
INSERT INTO "tarjeta" ("tarjeta_id","tarjeta_numero","tarjeta_cvv","tarjeta_fecha_otorgamiento","tarjeta_fecha_expiracion") VALUES (1,'5258 6362 5244 5358','230','2016-36-14','2023-38-18'),
 (2,'455669 375568 5757','926','2022-31-21','2023-2-29'),
 (3,'545781 248882 1840','329','2019-19-5','2023-43-3'),
 (4,'4716674982955','331','2017-27-9','2023-50-8'),
 (5,'4556 527 56 9843','745','2015-8-9','2023-15-9'),
 (6,'455 68484 64596 691','525','2020-28-11','2023-31-15'),
 (7,'4024007194377534','934','2016-37-14','2023-4-25'),
 (8,'448571 522637 1372','273','2020-28-7','2022-44-29'),
 (9,'512 52313 48685 562','658','2017-47-20','2022-55-13'),
 (10,'547222 4477338987','366','2020-43-23','2023-28-1'),
 (11,'4024 0071 6532 9852','764','2015-47-17','2023-32-31'),
 (12,'5121373812847643','892','2020-13-18','2023-57-18'),
 (13,'4589781989299866','410','2021-30-23','2022-55-23'),
 (14,'527 65795 27728 778','494','2021-21-2','2023-34-24'),
 (15,'515 92473 48328 846','411','2021-37-7','2023-17-21'),
 (16,'419341 133784 4571','787','2018-59-4','2022-26-3'),
 (17,'542 52389 98982 782','930','2021-50-6','2022-39-19'),
 (18,'5182 8683 4726 8880','379','2017-14-30','2023-27-5'),
 (19,'4929863388939885','213','2019-55-6','2023-38-1'),
 (20,'4153232162866267','199','2018-23-13','2023-35-7'),
 (21,'4716457866877829','958','2016-0-13','2023-35-17'),
 (22,'544 98331 66657 380','610','2021-20-13','2022-43-3'),
 (23,'5377 4238 2524 9799','820','2021-38-17','2023-19-3'),
 (24,'5321656585329858','398','2016-28-17','2023-46-21'),
 (25,'448573 487256 4388','953','2019-6-27','2023-27-5'),
 (26,'543 48345 83546 468','857','2016-41-6','2023-38-6'),
 (27,'4125 861 68 3261','657','2019-22-22','2022-26-7'),
 (28,'5516817849326859','337','2019-0-26','2023-38-18'),
 (29,'471696 554874 6758','234','2019-29-2','2022-39-6'),
 (30,'4024 007 18 3973','438','2016-4-20','2022-36-15'),
 (31,'551258 844898 7367','156','2017-47-16','2022-56-29'),
 (32,'4716229126956697','495','2018-31-15','2023-49-28'),
 (33,'554426 6564878643','493','2017-58-14','2023-41-7'),
 (34,'534 24227 38442 568','661','2020-35-21','2022-43-30'),
 (35,'5496 7282 8287 4277','541','2017-39-16','2023-36-18'),
 (36,'4532 273 32 5466','735','2015-31-6','2023-56-11'),
 (37,'491 66356 86745 718','835','2021-37-6','2022-49-27'),
 (38,'453 22246 57477 736','631','2016-5-21','2023-11-6'),
 (39,'5386 4512 7688 7618','819','2017-12-28','2023-25-11'),
 (40,'4963222758624','831','2018-18-29','2023-26-24'),
 (41,'4716553885519','397','2018-22-9','2023-47-5'),
 (42,'5224554881953844','965','2015-18-23','2023-1-22'),
 (43,'5274 6929 7125 2856','133','2021-10-15','2023-22-20'),
 (44,'536525 644685 1484','961','2018-24-20','2022-48-23'),
 (45,'453266 8255352222','197','2018-23-23','2023-41-19'),
 (46,'4716 153 87 8369','724','2019-41-21','2023-15-2'),
 (47,'5196 1765 7984 5761','694','2015-19-21','2023-37-5'),
 (48,'522 85878 24555 124','397','2019-58-26','2023-32-17'),
 (49,'4485 537 21 7567','386','2019-54-10','2023-11-26'),
 (50,'552833 366282 3655','506','2022-18-15','2023-11-22'),
 (51,'453927 2273523238','644','2017-17-10','2023-22-8'),
 (52,'527582 712629 9688','969','2022-40-11','2022-11-2'),
 (53,'513 67467 94747 258','117','2022-39-22','2022-8-31'),
 (54,'492952 455799 8298','305','2017-59-10','2022-37-6'),
 (55,'5262 4654 3626 6934','703','2015-7-24','2023-50-26'),
 (56,'4024 0071 9579 2376','123','2017-2-16','2022-7-11'),
 (57,'402400 7153935371','608','2018-8-16','2023-45-6'),
 (58,'5175421362474238','168','2022-59-28','2022-47-31'),
 (59,'4485842137252','946','2021-22-29','2022-28-29'),
 (60,'5138763454649516','283','2022-26-27','2022-41-11'),
 (61,'4929 8859 8149 2889','270','2021-13-12','2023-59-13'),
 (62,'455647 426226 2772','239','2015-25-29','2023-2-14'),
 (63,'515625 2467565171','968','2017-9-25','2022-43-8'),
 (64,'4024007153775876','940','2017-44-19','2023-22-30'),
 (65,'453948 384724 2839','256','2018-33-6','2022-42-29'),
 (66,'5525275363217476','217','2016-2-17','2023-8-26'),
 (67,'5446 4792 6339 3595','334','2021-8-4','2022-4-21'),
 (68,'402400 7175579736','788','2019-53-10','2022-57-15'),
 (69,'556 32813 62726 544','172','2021-13-27','2023-49-26'),
 (70,'4929 671 67 4752','858','2021-51-12','2023-22-21'),
 (71,'4485 172 37 7833','488','2019-39-28','2022-24-20'),
 (72,'526815 463427 5368','652','2019-45-15','2023-14-9'),
 (73,'4485338616821334','173','2019-31-22','2022-32-16'),
 (74,'4556735198844259','265','2019-26-3','2023-4-24'),
 (75,'542687 4727968681','879','2017-40-3','2023-27-14'),
 (76,'517647 743852 9842','756','2020-40-26','2022-10-26'),
 (77,'4539 888 77 4749','499','2022-3-8','2023-30-31'),
 (78,'535252 297753 7957','863','2020-29-18','2023-19-16'),
 (79,'532 46175 13741 637','545','2018-40-2','2023-35-28'),
 (80,'535358 626931 1842','568','2016-29-10','2023-17-26'),
 (81,'448 54848 38325 843','694','2016-20-12','2023-59-6'),
 (82,'491623 3732735576','809','2020-53-22','2023-43-13'),
 (83,'543583 1352533486','509','2018-3-19','2022-35-27'),
 (84,'471613 832592 9241','370','2017-21-9','2022-29-18'),
 (85,'5142528264868729','229','2021-52-24','2022-1-26'),
 (86,'5557 1473 6766 3875','483','2017-52-11','2022-36-26'),
 (87,'4716 8487 8864 4455','900','2016-47-9','2022-42-28'),
 (88,'4716448539735','709','2017-2-17','2022-1-18'),
 (89,'551497 386368 8740','388','2016-18-15','2022-1-26'),
 (90,'5136723454988613','179','2018-3-21','2023-14-8'),
 (91,'558 76622 96632 316','420','2019-18-8','2023-33-18'),
 (92,'5178781722623288','871','2016-39-31','2023-18-9'),
 (93,'5547474658286858','711','2021-43-9','2023-27-2'),
 (94,'546277 647113 9630','866','2019-53-25','2023-21-24'),
 (95,'5357 4118 6323 8836','903','2020-56-8','2023-7-17'),
 (96,'5579 3823 1235 7463','141','2021-25-28','2023-2-25'),
 (97,'492995 685628 1218','718','2021-41-21','2022-57-2'),
 (98,'4929587571415','561','2022-5-24','2023-50-5'),
 (99,'4929389786942420','549','2017-15-17','2022-9-19'),
 (100,'5538 4853 2218 2449','244','2020-46-12','2023-51-25'),
 (101,'455662 462837 7694','600','2020-28-17','2023-23-9'),
 (102,'522774 687533 8621','582','2019-37-18','2023-54-1'),
 (103,'547 47375 44385 549','144','2016-52-29','2023-21-10'),
 (104,'4556 356 37 9835','691','2017-49-4','2023-7-15'),
 (105,'5346 8314 8479 2578','690','2019-37-17','2023-3-6'),
 (106,'4556472387688','418','2018-6-25','2022-11-9'),
 (107,'5234285373654214','433','2020-27-1','2023-49-18'),
 (108,'453972 2361344178','628','2020-45-14','2022-2-24'),
 (109,'544 46934 24476 824','907','2018-40-15','2023-32-15'),
 (110,'4532752353260','200','2018-20-6','2022-59-5'),
 (111,'515487 7478365641','757','2016-29-4','2022-51-26'),
 (112,'4716 814 93 7570','320','2020-34-25','2022-3-17'),
 (113,'5566 2245 7564 6650','616','2022-4-9','2023-16-22'),
 (114,'5357 2245 4869 4574','806','2021-40-17','2023-28-3'),
 (115,'538446 8522549687','783','2017-17-19','2022-0-2'),
 (116,'4916321796127','353','2019-43-1','2023-1-12'),
 (117,'4485 1917 5185 7773','165','2022-39-10','2023-21-1'),
 (118,'4916 7623 9783 1916','608','2021-14-24','2023-17-11'),
 (119,'4533 9163 8674 8738','526','2017-44-7','2022-51-24'),
 (120,'534567 8358778865','237','2017-14-6','2023-50-11'),
 (121,'524 83141 35827 753','725','2020-43-8','2022-48-18'),
 (122,'4916524376750','590','2016-45-12','2023-31-26'),
 (123,'546 98629 73845 412','976','2019-31-7','2023-53-21'),
 (124,'515672 7929735827','980','2016-38-4','2023-0-19'),
 (125,'529746 813632 2642','344','2017-55-13','2023-48-17'),
 (126,'402400 7197683672','204','2016-13-7','2023-9-7'),
 (127,'4916488263591190','220','2015-15-11','2022-15-29'),
 (128,'402 40071 32976 256','183','2020-33-24','2023-10-12'),
 (129,'521 52826 85118 668','300','2018-29-7','2022-13-21'),
 (130,'453236 4878867883','289','2017-5-30','2023-53-9'),
 (131,'453 95769 74237 330','713','2019-33-8','2022-48-13'),
 (132,'4024007187834','683','2022-59-19','2022-9-7'),
 (133,'4024007142789','959','2019-44-2','2023-24-18'),
 (134,'5371 7664 8337 5439','391','2020-42-26','2022-24-5'),
 (135,'418693 535654 8357','153','2022-45-19','2022-43-20'),
 (136,'556533 8984627134','465','2021-16-14','2023-42-21'),
 (137,'512 63437 76563 580','932','2019-45-26','2023-8-10'),
 (138,'491687 668653 9137','265','2021-43-1','2022-24-1'),
 (139,'4024007186612344','382','2017-2-4','2023-6-8'),
 (140,'495748 979215 6711','444','2018-49-12','2023-54-12'),
 (141,'546258 776989 7486','185','2017-24-23','2022-33-6'),
 (142,'5455411348375329','901','2018-41-5','2023-59-12'),
 (143,'546268 5385382527','948','2015-27-10','2022-59-16'),
 (144,'491641 368246 5495','920','2020-5-18','2022-54-22'),
 (145,'455663 6264568329','763','2021-28-25','2022-5-1'),
 (146,'5183683125546376','589','2020-10-5','2023-17-2'),
 (147,'453 24246 81261 417','556','2020-33-10','2023-20-28'),
 (148,'491633 4464475447','905','2016-27-29','2022-57-18'),
 (149,'527465 3619212413','606','2020-21-24','2023-58-18'),
 (150,'5225 9284 8545 9284','569','2016-14-27','2023-12-4'),
 (151,'533 43728 77171 686','224','2018-11-1','2022-4-3'),
 (152,'5267 5698 9143 6927','293','2019-56-22','2023-23-22'),
 (153,'4539 223 85 4743','279','2018-20-9','2023-52-28'),
 (154,'448518 4359395858','191','2020-51-18','2023-2-27'),
 (155,'402400 715685 4199','752','2020-35-26','2022-9-9'),
 (156,'4916647542369237','551','2019-53-15','2022-23-15'),
 (157,'4716 7992 6846 2274','844','2020-27-23','2023-35-26'),
 (158,'527 26634 47977 691','797','2021-59-28','2022-41-5'),
 (159,'538363 3356694583','231','2020-41-27','2022-26-15'),
 (160,'5475877265667813','439','2021-4-10','2023-19-19'),
 (161,'4532277328712485','869','2016-2-25','2023-22-23'),
 (162,'448581 796458 8181','239','2015-20-3','2022-56-14'),
 (163,'436936 5285247161','337','2019-28-3','2022-34-12'),
 (164,'522837 337872 1598','589','2020-14-7','2023-8-7'),
 (165,'5363 5676 4673 4375','154','2017-20-17','2022-26-13'),
 (166,'4485 413 83 7397','793','2017-18-14','2022-23-8'),
 (167,'558 15236 24358 659','534','2021-2-30','2023-54-22'),
 (168,'529 84941 76965 362','957','2020-39-13','2022-1-8'),
 (169,'4786328425846396','880','2016-13-13','2022-13-10'),
 (170,'433737 4291462243','956','2018-52-7','2023-39-6'),
 (171,'5272826884732842','979','2016-10-2','2023-37-18'),
 (172,'553187 6715186731','507','2017-40-24','2023-25-5'),
 (173,'521293 4333626525','250','2021-3-2','2022-48-13'),
 (174,'527398 826843 5795','249','2021-16-5','2023-4-2'),
 (175,'5165 6631 4465 7646','899','2015-38-4','2022-36-6'),
 (176,'5565558426597583','189','2017-41-21','2023-13-5'),
 (177,'465128 1768763367','859','2016-29-30','2022-16-11'),
 (178,'534 87666 15834 238','724','2015-7-19','2023-13-17'),
 (179,'5235673635688618','960','2016-14-14','2023-23-13'),
 (180,'544268 7544633126','213','2016-17-14','2023-39-6'),
 (181,'5321824788623754','832','2021-27-27','2023-50-27'),
 (182,'526234 7926284793','590','2018-54-13','2023-21-27'),
 (183,'555913 845915 6223','466','2021-47-30','2023-24-5'),
 (184,'448527 237496 5886','732','2018-40-3','2023-27-26'),
 (185,'5236246524755878','713','2019-36-6','2023-3-26'),
 (186,'471684 473874 1863','466','2020-42-30','2022-41-18'),
 (187,'5426361758586525','859','2022-7-14','2023-32-25'),
 (188,'4916 4542 1621 2268','214','2019-12-28','2022-23-23'),
 (189,'453978 2443383461','566','2017-49-18','2023-41-24'),
 (190,'4459 8673 6413 4872','375','2016-43-14','2023-33-9'),
 (191,'492 91211 16718 463','794','2016-30-4','2023-58-2'),
 (192,'5577 7126 4763 4362','802','2018-28-10','2022-22-23'),
 (193,'5245 4235 5858 1764','162','2019-1-3','2022-37-30'),
 (194,'524773 7793762121','891','2016-48-25','2022-28-24'),
 (195,'517647 543774 8652','685','2021-7-26','2022-47-18'),
 (196,'455633 281433 3568','500','2018-39-20','2022-50-2'),
 (197,'4539765518898521','577','2020-45-23','2023-47-18'),
 (198,'448537 476266 4327','665','2020-56-4','2023-46-21'),
 (199,'413129 9872847736','235','2018-0-1','2022-52-17'),
 (200,'532 65233 36127 541','357','2021-30-1','2023-43-14'),
 (201,'5574338325734226','671','2019-35-13','2023-22-30'),
 (202,'4378 2231 7725 4762','467','2018-33-29','2022-46-8'),
 (203,'5321 5256 4595 4189','962','2017-25-19','2023-42-9'),
 (204,'519 15227 33447 371','464','2022-13-13','2023-53-15'),
 (205,'512575 926626 7476','725','2019-39-22','2023-34-16'),
 (206,'522163 154936 6347','620','2016-20-11','2022-33-12'),
 (207,'4024 0071 2285 4422','813','2019-52-20','2023-0-1'),
 (208,'535475 722866 8163','150','2016-59-12','2023-9-27'),
 (209,'4532746536822260','567','2017-47-20','2023-44-18'),
 (210,'453233 647117 7761','412','2021-19-30','2022-58-13'),
 (211,'448522 175438 6874','658','2017-1-2','2022-18-21'),
 (212,'5382457252775457','696','2019-13-24','2022-18-4'),
 (213,'532663 734394 6584','469','2016-27-2','2023-0-11'),
 (214,'5118368829883164','360','2018-24-8','2022-18-26'),
 (215,'543272 9568468716','654','2015-23-13','2022-44-1'),
 (216,'455613 9487926465','207','2020-49-21','2023-25-30'),
 (217,'455 65478 45512 498','544','2018-13-16','2022-50-4'),
 (218,'4929 2182 3554 8977','692','2020-42-23','2023-58-27'),
 (219,'448574 4572558473','409','2016-10-14','2022-57-19'),
 (220,'4556113772728','158','2017-17-4','2023-49-9'),
 (221,'553734 5936486571','355','2016-30-11','2022-47-28'),
 (222,'5574838677195793','294','2016-8-12','2022-50-28'),
 (223,'4716 2236 1162 1965','285','2018-36-22','2022-32-2'),
 (224,'5349792378873378','489','2022-10-2','2023-10-13'),
 (225,'4556 827 59 7460','953','2018-25-28','2023-34-14'),
 (226,'511863 1359373629','754','2019-56-1','2022-9-15'),
 (227,'556 36825 65197 880','391','2016-28-20','2023-49-8'),
 (228,'5316324847545491','518','2020-57-10','2023-11-13'),
 (229,'448 52642 82222 518','323','2017-21-16','2022-10-6'),
 (230,'4929 763 24 2690','269','2020-5-24','2022-29-3'),
 (231,'4539 575 29 1239','546','2016-36-7','2023-27-8'),
 (232,'5274532974125263','827','2016-27-3','2022-22-17'),
 (233,'528441 2797622820','269','2018-41-29','2023-49-1'),
 (234,'531335 5932824980','722','2015-25-28','2022-44-19'),
 (235,'492 94682 68641 419','291','2022-9-22','2023-49-24'),
 (236,'4786 542 63 3395','609','2019-37-30','2022-24-23'),
 (237,'5493 9625 8335 4431','189','2019-22-24','2022-14-31'),
 (238,'4716872876868172','161','2019-14-22','2023-31-9'),
 (239,'4929586763274574','927','2020-13-10','2023-42-10'),
 (240,'4916 2752 8562 7213','279','2017-57-26','2022-43-15'),
 (241,'4642 529 44 7251','202','2020-4-2','2023-55-21'),
 (242,'514131 868683 2235','165','2016-3-12','2022-33-5'),
 (243,'4716524831597475','694','2017-40-8','2023-35-21'),
 (244,'448787 765745 9916','553','2017-50-4','2022-46-20'),
 (245,'455 62886 46477 546','589','2018-50-7','2022-6-26'),
 (246,'533353 4632437725','278','2022-29-31','2023-18-26'),
 (247,'5462658475538662','744','2022-40-12','2023-27-28'),
 (248,'4556 489 62 3562','635','2018-21-26','2023-7-13'),
 (249,'4663545774379','250','2018-47-12','2022-23-17'),
 (250,'4024 0071 4564 2473','575','2016-58-9','2022-19-9'),
 (251,'4556936482174','135','2021-48-12','2023-43-2'),
 (252,'448 51456 66738 569','311','2022-12-19','2023-35-22'),
 (253,'453 92686 22256 561','645','2021-11-21','2023-39-30'),
 (254,'5175416135823844','570','2021-57-8','2023-49-11'),
 (255,'5294863642281170','222','2018-0-11','2022-56-21'),
 (256,'455 62285 42981 639','378','2020-40-9','2023-50-3'),
 (257,'5553645867314380','703','2022-40-22','2022-19-19'),
 (258,'538 53646 78743 357','284','2017-21-10','2023-43-4'),
 (259,'471664 7118887861','329','2020-33-28','2022-3-24'),
 (260,'519641 452282 3621','975','2021-0-22','2022-50-16'),
 (261,'453298 828238 6369','975','2018-4-28','2023-10-12'),
 (262,'455652 3486163842','779','2018-14-6','2022-46-19'),
 (263,'5441 9889 5784 2738','246','2015-15-23','2022-9-29'),
 (264,'4716334243544655','855','2015-42-28','2023-5-24'),
 (265,'515 47866 55852 240','601','2020-3-11','2022-44-8'),
 (266,'453277 1737274517','985','2021-32-13','2023-49-5'),
 (267,'5536622645726740','533','2021-50-1','2023-28-20'),
 (268,'4929 525 25 5170','752','2020-33-4','2023-45-21'),
 (269,'491695 263717 6749','636','2015-33-25','2022-8-15'),
 (270,'444 71917 36992 346','920','2021-1-1','2023-24-5'),
 (271,'4916852861530','659','2021-18-18','2023-58-14'),
 (272,'542873 826326 6883','868','2020-23-1','2022-58-14'),
 (273,'5341871342385533','300','2018-43-21','2023-5-29'),
 (274,'523535 1389337522','899','2017-26-10','2023-44-10'),
 (275,'545 41352 88418 952','788','2017-11-22','2022-50-20'),
 (276,'402 40071 74855 871','818','2017-33-14','2023-50-31'),
 (277,'455667 543523 5467','737','2020-43-6','2022-21-5'),
 (278,'514525 5282525480','134','2017-12-3','2023-12-21'),
 (279,'4916863671464','953','2016-28-22','2023-4-23'),
 (280,'519498 8225433335','701','2017-49-30','2023-16-2'),
 (281,'5383238563818247','665','2019-46-12','2022-54-25'),
 (282,'5294384652787436','283','2018-40-13','2022-17-20'),
 (283,'5518 4475 8634 6882','636','2017-25-6','2023-36-7'),
 (284,'453 95989 62554 575','147','2020-18-11','2022-3-4'),
 (285,'523855 8539485434','206','2021-18-24','2022-23-18'),
 (286,'552842 424754 7826','607','2020-31-29','2023-45-1'),
 (287,'548223 1295588329','444','2020-20-7','2022-54-10'),
 (288,'4485 5765 5228 8238','168','2018-51-7','2022-49-13'),
 (289,'5298 2412 5666 3684','840','2020-25-11','2023-54-31'),
 (290,'559 55523 26524 528','348','2015-13-11','2023-11-24'),
 (291,'5149 2532 2277 6772','126','2015-49-10','2023-1-19'),
 (292,'453262 813426 5755','970','2020-10-21','2023-44-8'),
 (293,'5363 3876 3673 3224','538','2015-51-30','2022-42-18'),
 (294,'5278 5799 3574 1775','711','2017-13-20','2022-9-5'),
 (295,'471686 248758 4623','404','2020-35-27','2023-27-23'),
 (296,'4485583325541554','940','2020-40-19','2022-16-19'),
 (297,'5473 2258 4457 5853','722','2021-58-23','2022-39-31'),
 (298,'455628 474463 1761','818','2020-30-16','2023-17-31'),
 (299,'5442 2687 6373 2756','299','2021-10-30','2023-41-30'),
 (300,'537644 764423 9666','183','2020-2-24','2023-29-2'),
 (301,'4539 3753 3822 5226','227','2017-31-25','2023-9-8'),
 (302,'556777 6684644255','565','2021-22-20','2023-48-20'),
 (303,'4485 3437 8537 7571','810','2018-9-7','2023-43-19'),
 (304,'5481993332634686','593','2019-28-17','2022-33-10'),
 (305,'4539248453547','396','2015-5-23','2023-22-1'),
 (306,'4024 0071 7722 3374','441','2016-36-25','2023-48-24'),
 (307,'544544 3483863622','152','2016-59-19','2023-2-18'),
 (308,'5255654369796939','416','2016-2-5','2023-19-25'),
 (309,'455647 2553251744','900','2017-19-8','2023-33-21'),
 (310,'4929465687664782','128','2020-12-9','2023-18-5'),
 (311,'455 61223 86527 238','218','2016-30-6','2022-27-30'),
 (312,'455 67344 67644 771','194','2021-37-21','2022-58-24'),
 (313,'5167 4643 3251 5318','206','2015-34-3','2023-18-22'),
 (314,'5385931763773968','217','2021-43-1','2022-14-26'),
 (315,'421648 855141 6636','767','2021-2-22','2023-9-18'),
 (316,'517 12479 37987 964','893','2016-7-15','2023-38-11'),
 (317,'4556141628421','672','2019-42-29','2023-4-5'),
 (318,'532287 487229 8251','547','2020-16-31','2023-25-31'),
 (319,'4916984622742888','398','2017-38-19','2022-51-20'),
 (320,'4556847337655759','844','2021-36-31','2023-47-20'),
 (321,'559133 8186258348','514','2022-43-15','2022-24-7'),
 (322,'512387 627569 6743','196','2022-3-24','2023-15-9'),
 (323,'448522 2929634362','861','2020-53-9','2023-18-2'),
 (324,'448 53548 88965 329','453','2019-39-18','2023-8-29'),
 (325,'4556 2184 4341 4939','900','2018-32-28','2023-28-30'),
 (326,'4485281467590','370','2018-23-7','2022-0-10'),
 (327,'455622 485866 4380','991','2019-45-13','2022-52-8'),
 (328,'471 61688 48868 287','152','2017-29-23','2022-6-15'),
 (329,'5229463113583368','114','2021-2-11','2022-10-4'),
 (330,'471 68519 53244 945','962','2020-15-13','2022-54-12'),
 (331,'4539498736998986','260','2018-26-25','2023-1-14'),
 (332,'5188352662596732','249','2019-50-4','2022-38-9'),
 (333,'491 63476 41752 561','833','2021-26-19','2023-33-10'),
 (334,'512958 489376 8324','417','2022-32-3','2023-10-22'),
 (335,'557888 244461 8956','232','2016-33-5','2023-1-8'),
 (336,'5497787317567719','143','2015-24-4','2022-37-24'),
 (337,'471673 1586852514','674','2019-17-20','2022-30-9'),
 (338,'5185 8513 9344 3489','744','2018-46-17','2023-50-25'),
 (339,'453943 7863839431','855','2016-56-31','2023-52-27'),
 (340,'491655 9124142132','515','2021-39-26','2023-18-18'),
 (341,'4485672838656','624','2022-17-22','2023-58-31'),
 (342,'471633 8357155372','798','2017-29-25','2022-24-13'),
 (343,'495 23555 73217 631','722','2018-13-15','2023-10-2'),
 (344,'548461 3144652570','796','2018-47-24','2022-44-26'),
 (345,'4024007173437382','964','2016-12-29','2023-27-18'),
 (346,'498522 635236 3642','768','2016-40-31','2023-56-13'),
 (347,'543225 475825 4453','271','2019-22-16','2022-37-17'),
 (348,'4024 0071 2883 5425','715','2020-35-5','2022-44-31'),
 (349,'4556 6898 2338 5347','966','2017-26-24','2023-9-15'),
 (350,'558644 628983 6246','208','2022-22-23','2022-48-28'),
 (351,'4539871438732','309','2022-54-2','2022-14-2'),
 (352,'538876 122396 4718','194','2020-28-29','2022-35-18'),
 (353,'4716453556863','182','2019-40-25','2022-53-22'),
 (354,'4716 628 61 5537','176','2021-8-18','2023-4-7'),
 (355,'4539 8486 3984 9860','240','2022-19-16','2023-16-7'),
 (356,'531 73626 73965 887','805','2020-46-31','2023-1-18'),
 (357,'542992 8344573170','989','2017-38-11','2023-28-3'),
 (358,'522687 736483 6659','474','2021-27-27','2022-15-19'),
 (359,'5273 1947 8864 6231','707','2019-59-29','2022-6-11'),
 (360,'4916 748 53 7351','824','2018-39-8','2022-46-4'),
 (361,'536633 355174 9297','654','2020-12-9','2023-51-20'),
 (362,'4716 5263 7621 5397','210','2019-7-9','2022-57-25'),
 (363,'518549 632382 5346','130','2021-22-10','2023-16-4'),
 (364,'5465857638358326','393','2022-22-26','2023-18-24'),
 (365,'4929158123364','682','2020-7-2','2023-1-28'),
 (366,'553 57427 44628 521','371','2020-9-26','2022-16-19'),
 (367,'541191 1775923973','892','2016-24-31','2022-32-13'),
 (368,'4716933643267252','953','2017-14-12','2023-6-23'),
 (369,'546146 1717798751','815','2017-36-22','2023-3-25'),
 (370,'471646 3688268320','311','2022-57-19','2023-31-24'),
 (371,'4485661634242427','151','2017-25-1','2023-28-7'),
 (372,'492 92182 25321 260','789','2016-31-6','2022-45-25'),
 (373,'453 95134 45664 446','871','2017-19-26','2023-23-9'),
 (374,'4485 4663 4851 1160','319','2019-36-21','2022-41-18'),
 (375,'4532958737974861','666','2018-47-2','2022-34-30'),
 (376,'533 44444 83482 854','522','2020-4-19','2022-27-21'),
 (377,'4556445434260','648','2016-33-25','2023-11-20'),
 (378,'471 69342 66628 770','241','2020-41-29','2023-54-15'),
 (379,'471 68949 13478 757','766','2016-12-27','2022-26-11'),
 (380,'453 92741 36594 588','602','2017-35-22','2022-47-23'),
 (381,'4929826856353921','503','2016-45-2','2023-56-22'),
 (382,'4539385174676812','280','2021-22-21','2023-11-10'),
 (383,'453965 652637 3476','429','2022-8-20','2023-35-20'),
 (384,'492 95454 61978 860','688','2019-12-7','2023-20-8'),
 (385,'4248642449586','415','2017-48-21','2023-56-3'),
 (386,'5375998314751241','434','2017-51-19','2022-34-20'),
 (387,'4539 771 81 6623','393','2022-56-19','2023-6-11'),
 (388,'402 40071 48648 444','122','2022-5-3','2023-35-7'),
 (389,'535876 6519946994','564','2018-2-26','2023-49-5'),
 (390,'4716 2322 7676 8946','522','2016-22-19','2022-48-26'),
 (391,'4532663733238','515','2019-27-12','2023-54-10'),
 (392,'512 66611 15577 221','500','2019-19-26','2022-59-9'),
 (393,'5142422556458458','642','2018-30-17','2023-50-4'),
 (394,'5257 6999 9251 2375','661','2022-57-29','2022-54-14'),
 (395,'448 57484 47369 727','627','2020-16-23','2023-14-19'),
 (396,'5354856639217386','469','2021-41-5','2023-35-31'),
 (397,'4024007186620','442','2021-50-22','2023-2-3'),
 (398,'5166 3224 4232 9148','648','2020-30-18','2023-52-11'),
 (399,'534 45885 14244 366','913','2016-34-18','2022-14-19'),
 (400,'541723 2721828644','752','2018-6-25','2022-9-7'),
 (401,'4024 0071 1487 5724','189','2017-35-15','2023-17-2'),
 (402,'5422 4775 7258 7657','777','2016-41-28','2022-44-27'),
 (403,'547 95323 77821 560','531','2015-5-19','2023-19-16'),
 (404,'492954 6837765767','961','2016-5-31','2022-41-4'),
 (405,'471645 5329338884','448','2016-20-8','2022-28-10'),
 (406,'471 65972 79757 223','772','2017-31-7','2023-14-7'),
 (407,'5337 6876 2397 4712','124','2020-21-30','2022-32-24'),
 (408,'5366623412677798','571','2016-26-15','2023-31-15'),
 (409,'491642 6943972927','434','2021-30-1','2023-6-8'),
 (410,'471685 572673 2441','611','2021-21-27','2023-31-16'),
 (411,'514 57558 67972 247','453','2017-26-13','2023-33-19'),
 (412,'548478 7834357730','255','2019-19-6','2023-5-22'),
 (413,'5423798574127310','656','2021-31-19','2023-7-22'),
 (414,'556442 512953 4357','227','2021-15-1','2022-20-14'),
 (415,'5292855363453360','205','2022-40-11','2023-40-2'),
 (416,'5545 7777 4847 5220','197','2018-32-4','2023-53-9'),
 (417,'549268 672854 6855','738','2015-20-15','2022-55-28'),
 (418,'4929559815998','416','2018-26-1','2023-30-23'),
 (419,'551916 4867734269','684','2017-20-22','2023-20-23'),
 (420,'5266 1536 7392 4490','220','2020-38-6','2022-6-4'),
 (421,'4716486946511','189','2021-39-24','2023-22-4'),
 (422,'524 83295 71573 737','435','2021-44-10','2022-45-11'),
 (423,'5465 3475 8165 9656','673','2018-32-9','2022-28-2'),
 (424,'548 68833 62586 390','644','2020-24-4','2023-46-12'),
 (425,'4916 545 66 4770','778','2021-8-30','2023-19-21'),
 (426,'4485632422264246','550','2018-44-15','2022-23-3'),
 (427,'492953 558483 1674','404','2021-33-2','2023-12-11'),
 (428,'4916375555767','377','2019-56-18','2022-19-14'),
 (429,'4556 492 63 8722','149','2022-31-23','2022-34-16'),
 (430,'4273257712276','422','2017-0-14','2023-54-27'),
 (431,'548623 3633358437','969','2021-9-2','2023-49-23'),
 (432,'455 62616 56768 583','168','2017-23-15','2023-22-23'),
 (433,'4716 352 58 3885','494','2019-20-20','2023-14-1'),
 (434,'5533142468543174','831','2022-2-23','2023-32-13'),
 (435,'525 68994 97533 329','804','2017-11-27','2022-19-8'),
 (436,'522 28459 23371 710','189','2021-52-1','2022-32-12'),
 (437,'5465 7766 4458 6656','890','2019-29-14','2022-17-24'),
 (438,'448563 3779862772','279','2016-21-15','2023-33-11'),
 (439,'5452557444875852','436','2016-17-30','2022-31-29'),
 (440,'5382 3884 5557 8440','972','2022-40-27','2022-23-28'),
 (441,'492 96555 17549 779','441','2018-44-29','2022-33-10'),
 (442,'5585 9681 5228 2845','189','2017-17-25','2023-21-10'),
 (443,'4532438641450','520','2017-6-15','2022-24-12'),
 (444,'453246 366845 8562','772','2016-35-28','2023-1-19'),
 (445,'4556627238321283','985','2017-48-5','2023-54-29'),
 (446,'4485324828527','370','2016-26-6','2023-8-22'),
 (447,'455676 5645843737','932','2017-54-21','2022-54-21'),
 (448,'549282 2151244664','808','2018-25-3','2023-37-8'),
 (449,'492 93836 68288 887','120','2020-29-3','2022-23-30'),
 (450,'4916 856 38 6765','902','2021-26-21','2023-39-6'),
 (451,'491638 5986943312','178','2017-13-24','2023-15-25'),
 (452,'402 40071 87724 411','397','2021-50-5','2022-19-2'),
 (453,'4354547239930','159','2018-59-17','2022-37-11'),
 (454,'534461 542917 5888','909','2015-20-2','2022-39-20'),
 (455,'4916 921 44 5430','247','2019-38-30','2023-11-5'),
 (456,'4024007135586599','142','2019-39-27','2023-51-7'),
 (457,'534782 4281374590','703','2021-58-22','2022-21-17'),
 (458,'543 88798 74782 260','956','2016-29-1','2023-6-17'),
 (459,'4532 833 72 3168','163','2016-3-15','2023-46-8'),
 (460,'512132 3252535851','256','2017-53-12','2023-4-29'),
 (461,'4929 532 38 4856','143','2018-31-12','2023-58-4'),
 (462,'453 28361 67871 742','152','2018-29-25','2023-19-14'),
 (463,'4539 3218 8362 2490','341','2019-40-16','2022-29-15'),
 (464,'4556375953347','115','2018-54-25','2023-32-17'),
 (465,'4024007119589','656','2022-48-25','2023-1-16'),
 (466,'455672 227246 4618','707','2019-19-13','2023-19-24'),
 (467,'5345257795659663','786','2022-30-10','2023-11-14'),
 (468,'531664 727961 3332','208','2019-10-22','2022-40-8'),
 (469,'5535 2154 9532 3196','395','2022-30-11','2022-25-23'),
 (470,'496469 9986264136','847','2021-47-23','2023-19-23'),
 (471,'513846 874473 9933','222','2017-2-11','2023-7-21'),
 (472,'4866337258580','620','2016-4-24','2023-40-3'),
 (473,'555 86243 23635 568','877','2020-59-8','2023-23-22'),
 (474,'545614 947413 7431','327','2016-44-12','2023-34-21'),
 (475,'5387 8937 7826 8491','562','2022-22-18','2022-49-24'),
 (476,'547488 184227 8756','572','2018-34-29','2023-23-28'),
 (477,'532 52996 46843 850','391','2016-29-31','2023-27-15'),
 (478,'4556 523 88 9385','523','2017-30-18','2022-3-11'),
 (479,'453238 6684568587','467','2021-7-28','2022-54-15'),
 (480,'536542 4324353375','309','2022-41-1','2023-27-23'),
 (481,'524718 8716584673','461','2021-44-10','2022-18-4'),
 (482,'453274 7146657369','918','2022-9-28','2023-4-29'),
 (483,'5443 4566 7432 5864','373','2018-8-25','2023-18-18'),
 (484,'553 59766 77748 589','148','2017-5-13','2022-48-27'),
 (485,'555457 356654 3449','961','2016-31-10','2022-32-21'),
 (486,'4485575233661342','422','2018-47-3','2022-39-1'),
 (487,'5465862735268584','137','2021-31-24','2022-0-17'),
 (488,'549994 529977 8120','196','2018-49-2','2023-23-12'),
 (489,'4532154343661','433','2018-32-17','2023-47-7'),
 (490,'5198 6192 8554 5280','889','2021-23-22','2022-39-31'),
 (491,'4916 228 31 2440','445','2021-5-5','2023-14-14'),
 (492,'5248533448976714','625','2017-17-16','2022-2-15'),
 (493,'5385 7358 5586 8556','565','2021-31-9','2023-47-21'),
 (494,'453937 157527 6840','927','2021-41-29','2023-7-8'),
 (495,'4539732395766','120','2019-10-5','2023-54-29'),
 (496,'545 23624 61665 876','976','2022-44-27','2022-35-4'),
 (497,'5498242424674668','223','2020-29-19','2023-3-26'),
 (498,'402400 7135877451','982','2020-2-2','2023-6-23'),
 (499,'521 96227 22677 364','578','2018-41-15','2022-7-26'),
 (500,'448546 859888 1251','114','2017-50-18','2022-37-27');
INSERT INTO "tarjeta_tipo_marca" ("tarjeta_tipo_marca_id","tarjeta_id","tipo_tarjeta_id","marca_tarjeta_id") VALUES (1,1,2,1),
 (2,2,2,2),
 (3,3,2,2),
 (4,4,2,2),
 (5,5,2,1),
 (6,6,2,1),
 (7,7,2,2),
 (8,8,2,2),
 (9,9,2,1),
 (10,10,2,1),
 (11,11,2,1),
 (12,12,2,1),
 (13,13,2,1),
 (14,14,2,1),
 (15,15,2,2),
 (16,16,2,2),
 (17,17,2,2),
 (18,18,2,1),
 (19,19,2,1),
 (20,20,2,2),
 (21,21,2,2),
 (22,22,2,2),
 (23,23,2,1),
 (24,24,2,1),
 (25,25,2,2),
 (26,26,2,1),
 (27,27,2,2),
 (28,28,2,1),
 (29,29,2,2),
 (30,30,2,2),
 (31,31,2,2),
 (32,32,2,1),
 (33,33,2,1),
 (34,34,2,2),
 (35,35,2,1),
 (36,36,2,1),
 (37,37,2,1),
 (38,38,2,1),
 (39,39,2,2),
 (40,40,2,2),
 (41,41,2,1),
 (42,42,2,2),
 (43,43,2,1),
 (44,44,2,1),
 (45,45,2,1),
 (46,46,2,2),
 (47,47,2,2),
 (48,48,2,1),
 (49,49,2,1),
 (50,50,2,1),
 (51,51,2,2),
 (52,52,2,1),
 (53,53,2,1),
 (54,54,2,2),
 (55,55,2,1),
 (56,56,2,1),
 (57,57,2,1),
 (58,58,2,1),
 (59,59,2,2),
 (60,60,2,2),
 (61,61,2,1),
 (62,62,2,2),
 (63,63,2,1),
 (64,64,2,2),
 (65,65,2,1),
 (66,66,2,1),
 (67,67,2,1),
 (68,68,2,1),
 (69,69,2,2),
 (70,70,2,1),
 (71,71,2,1),
 (72,72,2,1),
 (73,73,2,2),
 (74,74,2,2),
 (75,75,2,1),
 (76,76,2,2),
 (77,77,2,2),
 (78,78,2,1),
 (79,79,2,1),
 (80,80,2,1),
 (81,81,2,1),
 (82,82,2,1),
 (83,83,2,2),
 (84,84,2,1),
 (85,85,2,1),
 (86,86,2,1),
 (87,87,2,2),
 (88,88,2,1),
 (89,89,2,1),
 (90,90,2,1),
 (91,91,2,2),
 (92,92,2,2),
 (93,93,2,2),
 (94,94,2,2),
 (95,95,2,1),
 (96,96,2,2),
 (97,97,2,2),
 (98,98,2,2),
 (99,99,2,1),
 (100,100,2,2),
 (101,101,2,1),
 (102,102,2,1),
 (103,103,2,1),
 (104,104,2,1),
 (105,105,2,2),
 (106,106,2,2),
 (107,107,2,1),
 (108,108,2,2),
 (109,109,2,1),
 (110,110,2,2),
 (111,111,2,1),
 (112,112,2,1),
 (113,113,2,1),
 (114,114,2,2),
 (115,115,2,1),
 (116,116,2,2),
 (117,117,2,1),
 (118,118,2,1),
 (119,119,2,2),
 (120,120,2,1),
 (121,121,2,2),
 (122,122,2,2),
 (123,123,2,1),
 (124,124,2,2),
 (125,125,2,1),
 (126,126,2,1),
 (127,127,2,1),
 (128,128,2,2),
 (129,129,2,1),
 (130,130,2,2),
 (131,131,2,1),
 (132,132,2,1),
 (133,133,2,1),
 (134,134,2,2),
 (135,135,2,2),
 (136,136,2,2),
 (137,137,2,1),
 (138,138,2,2),
 (139,139,2,2),
 (140,140,2,1),
 (141,141,2,2),
 (142,142,2,2),
 (143,143,2,2),
 (144,144,2,1),
 (145,145,2,1),
 (146,146,2,2),
 (147,147,2,1),
 (148,148,2,1),
 (149,149,2,2),
 (150,150,2,1),
 (151,151,2,2),
 (152,152,2,2),
 (153,153,2,1),
 (154,154,2,2),
 (155,155,2,1),
 (156,156,2,2),
 (157,157,2,2),
 (158,158,2,2),
 (159,159,2,2),
 (160,160,2,1),
 (161,161,2,2),
 (162,162,2,2),
 (163,163,2,1),
 (164,164,2,1),
 (165,165,2,2),
 (166,166,2,2),
 (167,167,2,1),
 (168,168,2,1),
 (169,169,2,2),
 (170,170,2,1),
 (171,171,2,1),
 (172,172,2,2),
 (173,173,2,1),
 (174,174,2,1),
 (175,175,2,1),
 (176,176,2,2),
 (177,177,2,2),
 (178,178,2,2),
 (179,179,2,2),
 (180,180,2,2),
 (181,181,2,1),
 (182,182,2,2),
 (183,183,2,2),
 (184,184,2,1),
 (185,185,2,1),
 (186,186,2,1),
 (187,187,2,1),
 (188,188,2,2),
 (189,189,2,2),
 (190,190,2,1),
 (191,191,2,1),
 (192,192,2,2),
 (193,193,2,1),
 (194,194,2,2),
 (195,195,2,1),
 (196,196,2,2),
 (197,197,2,2),
 (198,198,2,2),
 (199,199,2,1),
 (200,200,2,1),
 (201,201,2,1),
 (202,202,2,2),
 (203,203,2,2),
 (204,204,2,1),
 (205,205,2,2),
 (206,206,2,1),
 (207,207,2,2),
 (208,208,2,2),
 (209,209,2,1),
 (210,210,2,2),
 (211,211,2,1),
 (212,212,2,1),
 (213,213,2,1),
 (214,214,2,1),
 (215,215,2,2),
 (216,216,2,1),
 (217,217,2,2),
 (218,218,2,2),
 (219,219,2,1),
 (220,220,2,1),
 (221,221,2,1),
 (222,222,2,1),
 (223,223,2,2),
 (224,224,2,2),
 (225,225,2,2),
 (226,226,2,2),
 (227,227,2,1),
 (228,228,2,1),
 (229,229,2,2),
 (230,230,2,2),
 (231,231,2,2),
 (232,232,2,2),
 (233,233,2,1),
 (234,234,2,1),
 (235,235,2,2),
 (236,236,2,1),
 (237,237,2,2),
 (238,238,2,1),
 (239,239,2,2),
 (240,240,2,1),
 (241,241,2,1),
 (242,242,2,2),
 (243,243,2,2),
 (244,244,2,2),
 (245,245,2,1),
 (246,246,2,2),
 (247,247,2,1),
 (248,248,2,2),
 (249,249,2,2),
 (250,250,2,1),
 (251,251,2,1),
 (252,252,2,2),
 (253,253,2,1),
 (254,254,2,1),
 (255,255,2,2),
 (256,256,2,1),
 (257,257,2,1),
 (258,258,2,2),
 (259,259,2,1),
 (260,260,2,1),
 (261,261,2,2),
 (262,262,2,2),
 (263,263,2,2),
 (264,264,2,1),
 (265,265,2,2),
 (266,266,2,1),
 (267,267,2,2),
 (268,268,2,2),
 (269,269,2,2),
 (270,270,2,2),
 (271,271,2,2),
 (272,272,2,2),
 (273,273,2,2),
 (274,274,2,1),
 (275,275,2,2),
 (276,276,2,1),
 (277,277,2,1),
 (278,278,2,1),
 (279,279,2,1),
 (280,280,2,2),
 (281,281,2,2),
 (282,282,2,2),
 (283,283,2,1),
 (284,284,2,1),
 (285,285,2,2),
 (286,286,2,1),
 (287,287,2,2),
 (288,288,2,2),
 (289,289,2,1),
 (290,290,2,1),
 (291,291,2,2),
 (292,292,2,2),
 (293,293,2,1),
 (294,294,2,2),
 (295,295,2,1),
 (296,296,2,2),
 (297,297,2,1),
 (298,298,2,1),
 (299,299,2,2),
 (300,300,2,1),
 (301,301,2,1),
 (302,302,2,2),
 (303,303,2,2),
 (304,304,2,1),
 (305,305,2,2),
 (306,306,2,1),
 (307,307,2,2),
 (308,308,2,2),
 (309,309,2,2),
 (310,310,2,2),
 (311,311,2,1),
 (312,312,2,1),
 (313,313,2,1),
 (314,314,2,1),
 (315,315,2,2),
 (316,316,2,2),
 (317,317,2,1),
 (318,318,2,1),
 (319,319,2,2),
 (320,320,2,2),
 (321,321,2,1),
 (322,322,2,2),
 (323,323,2,1),
 (324,324,2,2),
 (325,325,2,1),
 (326,326,2,2),
 (327,327,2,2),
 (328,328,2,2),
 (329,329,2,1),
 (330,330,2,1),
 (331,331,2,1),
 (332,332,2,1),
 (333,333,2,1),
 (334,334,2,2),
 (335,335,2,2),
 (336,336,2,2),
 (337,337,2,2),
 (338,338,2,2),
 (339,339,2,1),
 (340,340,2,1),
 (341,341,2,1),
 (342,342,2,2),
 (343,343,2,1),
 (344,344,2,1),
 (345,345,2,2),
 (346,346,2,1),
 (347,347,2,1),
 (348,348,2,1),
 (349,349,2,2),
 (350,350,2,1),
 (351,351,2,1),
 (352,352,2,1),
 (353,353,2,2),
 (354,354,2,1),
 (355,355,2,2),
 (356,356,2,1),
 (357,357,2,1),
 (358,358,2,2),
 (359,359,2,1),
 (360,360,2,2),
 (361,361,2,1),
 (362,362,2,2),
 (363,363,2,1),
 (364,364,2,2),
 (365,365,2,1),
 (366,366,2,1),
 (367,367,2,1),
 (368,368,2,1),
 (369,369,2,2),
 (370,370,2,1),
 (371,371,2,2),
 (372,372,2,1),
 (373,373,2,1),
 (374,374,2,1),
 (375,375,2,1),
 (376,376,2,1),
 (377,377,2,2),
 (378,378,2,2),
 (379,379,2,1),
 (380,380,2,1),
 (381,381,2,1),
 (382,382,2,1),
 (383,383,2,1),
 (384,384,2,2),
 (385,385,2,2),
 (386,386,2,2),
 (387,387,2,1),
 (388,388,2,1),
 (389,389,2,1),
 (390,390,2,1),
 (391,391,2,2),
 (392,392,2,1),
 (393,393,2,1),
 (394,394,2,1),
 (395,395,2,1),
 (396,396,2,2),
 (397,397,2,2),
 (398,398,2,1),
 (399,399,2,2),
 (400,400,2,2),
 (401,401,2,2),
 (402,402,2,2),
 (403,403,2,2),
 (404,404,2,2),
 (405,405,2,1),
 (406,406,2,1),
 (407,407,2,1),
 (408,408,2,1),
 (409,409,2,1),
 (410,410,2,2),
 (411,411,2,2),
 (412,412,2,2),
 (413,413,2,1),
 (414,414,2,1),
 (415,415,2,2),
 (416,416,2,1),
 (417,417,2,2),
 (418,418,2,2),
 (419,419,2,1),
 (420,420,2,1),
 (421,421,2,2),
 (422,422,2,2),
 (423,423,2,2),
 (424,424,2,2),
 (425,425,2,1),
 (426,426,2,1),
 (427,427,2,2),
 (428,428,2,1),
 (429,429,2,1),
 (430,430,2,1),
 (431,431,2,1),
 (432,432,2,1),
 (433,433,2,1),
 (434,434,2,1),
 (435,435,2,2),
 (436,436,2,2),
 (437,437,2,2),
 (438,438,2,2),
 (439,439,2,1),
 (440,440,2,1),
 (441,441,2,2),
 (442,442,2,1),
 (443,443,2,2),
 (444,444,2,1),
 (445,445,2,2),
 (446,446,2,1),
 (447,447,2,1),
 (448,448,2,1),
 (449,449,2,1),
 (450,450,2,2),
 (451,451,2,1),
 (452,452,2,2),
 (453,453,2,2),
 (454,454,2,1),
 (455,455,2,2),
 (456,456,2,2),
 (457,457,2,2),
 (458,458,2,2),
 (459,459,2,1),
 (460,460,2,2),
 (461,461,2,1),
 (462,462,2,2),
 (463,463,2,2),
 (464,464,2,2),
 (465,465,2,2),
 (466,466,2,1),
 (467,467,2,2),
 (468,468,2,1),
 (469,469,2,2),
 (470,470,2,1),
 (471,471,2,1),
 (472,472,2,2),
 (473,473,2,1),
 (474,474,2,1),
 (475,475,2,2),
 (476,476,2,1),
 (477,477,2,2),
 (478,478,2,1),
 (479,479,2,2),
 (480,480,2,2),
 (481,481,2,2),
 (482,482,2,2),
 (483,483,2,2),
 (484,484,2,1),
 (485,485,2,1),
 (486,486,2,1),
 (487,487,2,1),
 (488,488,2,1),
 (489,489,2,2),
 (490,490,2,2),
 (491,491,2,2),
 (492,492,2,2),
 (493,493,2,1),
 (494,494,2,2),
 (495,495,2,1),
 (496,496,2,2),
 (497,497,2,1),
 (498,498,2,2),
 (499,499,2,1),
 (500,500,2,2);
INSERT INTO "cliente_cuenta_tipo_tarjeta" ("cliente_cuenta_tipo_tarjeta_id","customer_id","tipo_cliente_id","caja_pesos","caja_dolares","caja_ahorro","tarjeta_tipo_marca_id") VALUES (1,1,1,1,0,1,1),
 (2,2,2,1,1,1,2),
 (3,3,3,1,1,1,3),
 (4,4,1,1,0,1,4),
 (5,5,2,1,1,1,5),
 (6,6,3,1,1,1,6),
 (7,7,1,1,0,1,7),
 (8,8,2,1,1,1,8),
 (9,9,3,1,1,1,9),
 (10,10,1,1,0,1,10),
 (11,11,2,1,1,1,11),
 (12,12,3,1,1,1,12),
 (13,13,1,1,0,1,13),
 (14,14,2,1,1,1,14),
 (15,15,3,1,1,1,15),
 (16,16,1,1,0,1,16),
 (17,17,2,1,1,1,17),
 (18,18,3,1,1,1,18),
 (19,19,1,1,0,1,19),
 (20,20,2,1,1,1,20),
 (21,21,3,1,1,1,21),
 (22,22,1,1,0,1,22),
 (23,23,2,1,1,1,23),
 (24,24,3,1,1,1,24),
 (25,25,1,1,0,1,25),
 (26,26,2,1,1,1,26),
 (27,27,3,1,1,1,27),
 (28,28,1,1,0,1,28),
 (29,29,2,1,1,1,29),
 (30,30,3,1,1,1,30),
 (31,31,1,1,0,1,31),
 (32,32,2,1,1,1,32),
 (33,33,3,1,1,1,33),
 (34,34,1,1,0,1,34),
 (35,35,2,1,1,1,35),
 (36,36,3,1,1,1,36),
 (37,37,1,1,0,1,37),
 (38,38,2,1,1,1,38),
 (39,39,3,1,1,1,39),
 (40,40,1,1,0,1,40),
 (41,41,2,1,1,1,41),
 (42,42,3,1,1,1,42),
 (43,43,1,1,0,1,43),
 (44,44,2,1,1,1,44),
 (45,45,3,1,1,1,45),
 (46,46,1,1,0,1,46),
 (47,47,2,1,1,1,47),
 (48,48,3,1,1,1,48),
 (49,49,1,1,0,1,49),
 (50,50,2,1,1,1,50),
 (51,51,3,1,1,1,51),
 (52,52,1,1,0,1,52),
 (53,53,2,1,1,1,53),
 (54,54,3,1,1,1,54),
 (55,55,1,1,0,1,55),
 (56,56,2,1,1,1,56),
 (57,57,3,1,1,1,57),
 (58,58,1,1,0,1,58),
 (59,59,2,1,1,1,59),
 (60,60,3,1,1,1,60),
 (61,61,1,1,0,1,61),
 (62,62,2,1,1,1,62),
 (63,63,3,1,1,1,63),
 (64,64,1,1,0,1,64),
 (65,65,2,1,1,1,65),
 (66,66,3,1,1,1,66),
 (67,67,1,1,0,1,67),
 (68,68,2,1,1,1,68),
 (69,69,3,1,1,1,69),
 (70,70,1,1,0,1,70),
 (71,71,2,1,1,1,71),
 (72,72,3,1,1,1,72),
 (73,73,1,1,0,1,73),
 (74,74,2,1,1,1,74),
 (75,75,3,1,1,1,75),
 (76,76,1,1,0,1,76),
 (77,77,2,1,1,1,77),
 (78,78,3,1,1,1,78),
 (79,79,1,1,0,1,79),
 (80,80,2,1,1,1,80),
 (81,81,3,1,1,1,81),
 (82,82,1,1,0,1,82),
 (83,83,2,1,1,1,83),
 (84,84,3,1,1,1,84),
 (85,85,1,1,0,1,85),
 (86,86,2,1,1,1,86),
 (87,87,3,1,1,1,87),
 (88,88,1,1,0,1,88),
 (89,89,2,1,1,1,89),
 (90,90,3,1,1,1,90),
 (91,91,1,1,0,1,91),
 (92,92,2,1,1,1,92),
 (93,93,3,1,1,1,93),
 (94,94,1,1,0,1,94),
 (95,95,2,1,1,1,95),
 (96,96,3,1,1,1,96),
 (97,97,1,1,0,1,97),
 (98,98,2,1,1,1,98),
 (99,99,3,1,1,1,99),
 (100,100,1,1,0,1,100),
 (101,101,2,1,1,1,101),
 (102,102,3,1,1,1,102),
 (103,103,1,1,0,1,103),
 (104,104,2,1,1,1,104),
 (105,105,3,1,1,1,105),
 (106,106,1,1,0,1,106),
 (107,107,2,1,1,1,107),
 (108,108,3,1,1,1,108),
 (109,109,1,1,0,1,109),
 (110,110,2,1,1,1,110),
 (111,111,3,1,1,1,111),
 (112,112,1,1,0,1,112),
 (113,113,2,1,1,1,113),
 (114,114,3,1,1,1,114),
 (115,115,1,1,0,1,115),
 (116,116,2,1,1,1,116),
 (117,117,3,1,1,1,117),
 (118,118,1,1,0,1,118),
 (119,119,2,1,1,1,119),
 (120,120,3,1,1,1,120),
 (121,121,1,1,0,1,121),
 (122,122,2,1,1,1,122),
 (123,123,3,1,1,1,123),
 (124,124,1,1,0,1,124),
 (125,125,2,1,1,1,125),
 (126,126,3,1,1,1,126),
 (127,127,1,1,0,1,127),
 (128,128,2,1,1,1,128),
 (129,129,3,1,1,1,129),
 (130,130,1,1,0,1,130),
 (131,131,2,1,1,1,131),
 (132,132,3,1,1,1,132),
 (133,133,1,1,0,1,133),
 (134,134,2,1,1,1,134),
 (135,135,3,1,1,1,135),
 (136,136,1,1,0,1,136),
 (137,137,2,1,1,1,137),
 (138,138,3,1,1,1,138),
 (139,139,1,1,0,1,139),
 (140,140,2,1,1,1,140),
 (141,141,3,1,1,1,141),
 (142,142,1,1,0,1,142),
 (143,143,2,1,1,1,143),
 (144,144,3,1,1,1,144),
 (145,145,1,1,0,1,145),
 (146,146,2,1,1,1,146),
 (147,147,3,1,1,1,147),
 (148,148,1,1,0,1,148),
 (149,149,2,1,1,1,149),
 (150,150,3,1,1,1,150),
 (151,151,1,1,0,1,151),
 (152,152,2,1,1,1,152),
 (153,153,3,1,1,1,153),
 (154,154,1,1,0,1,154),
 (155,155,2,1,1,1,155),
 (156,156,3,1,1,1,156),
 (157,157,1,1,0,1,157),
 (158,158,2,1,1,1,158),
 (159,159,3,1,1,1,159),
 (160,160,1,1,0,1,160),
 (161,161,2,1,1,1,161),
 (162,162,3,1,1,1,162),
 (163,163,1,1,0,1,163),
 (164,164,2,1,1,1,164),
 (165,165,3,1,1,1,165),
 (166,166,1,1,0,1,166),
 (167,167,2,1,1,1,167),
 (168,168,3,1,1,1,168),
 (169,169,1,1,0,1,169),
 (170,170,2,1,1,1,170),
 (171,171,3,1,1,1,171),
 (172,172,1,1,0,1,172),
 (173,173,2,1,1,1,173),
 (174,174,3,1,1,1,174),
 (175,175,1,1,0,1,175),
 (176,176,2,1,1,1,176),
 (177,177,3,1,1,1,177),
 (178,178,1,1,0,1,178),
 (179,179,2,1,1,1,179),
 (180,180,3,1,1,1,180),
 (181,181,1,1,0,1,181),
 (182,182,2,1,1,1,182),
 (183,183,3,1,1,1,183),
 (184,184,1,1,0,1,184),
 (185,185,2,1,1,1,185),
 (186,186,3,1,1,1,186),
 (187,187,1,1,0,1,187),
 (188,188,2,1,1,1,188),
 (189,189,3,1,1,1,189),
 (190,190,1,1,0,1,190),
 (191,191,2,1,1,1,191),
 (192,192,3,1,1,1,192),
 (193,193,1,1,0,1,193),
 (194,194,2,1,1,1,194),
 (195,195,3,1,1,1,195),
 (196,196,1,1,0,1,196),
 (197,197,2,1,1,1,197),
 (198,198,3,1,1,1,198),
 (199,199,1,1,0,1,199),
 (200,200,2,1,1,1,200),
 (201,201,3,1,1,1,201),
 (202,202,1,1,0,1,202),
 (203,203,2,1,1,1,203),
 (204,204,3,1,1,1,204),
 (205,205,1,1,0,1,205),
 (206,206,2,1,1,1,206),
 (207,207,3,1,1,1,207),
 (208,208,1,1,0,1,208),
 (209,209,2,1,1,1,209),
 (210,210,3,1,1,1,210),
 (211,211,1,1,0,1,211),
 (212,212,2,1,1,1,212),
 (213,213,3,1,1,1,213),
 (214,214,1,1,0,1,214),
 (215,215,2,1,1,1,215),
 (216,216,3,1,1,1,216),
 (217,217,1,1,0,1,217),
 (218,218,2,1,1,1,218),
 (219,219,3,1,1,1,219),
 (220,220,1,1,0,1,220),
 (221,221,2,1,1,1,221),
 (222,222,3,1,1,1,222),
 (223,223,1,1,0,1,223),
 (224,224,2,1,1,1,224),
 (225,225,3,1,1,1,225),
 (226,226,1,1,0,1,226),
 (227,227,2,1,1,1,227),
 (228,228,3,1,1,1,228),
 (229,229,1,1,0,1,229),
 (230,230,2,1,1,1,230),
 (231,231,3,1,1,1,231),
 (232,232,1,1,0,1,232),
 (233,233,2,1,1,1,233),
 (234,234,3,1,1,1,234),
 (235,235,1,1,0,1,235),
 (236,236,2,1,1,1,236),
 (237,237,3,1,1,1,237),
 (238,238,1,1,0,1,238),
 (239,239,2,1,1,1,239),
 (240,240,3,1,1,1,240),
 (241,241,1,1,0,1,241),
 (242,242,2,1,1,1,242),
 (243,243,3,1,1,1,243),
 (244,244,1,1,0,1,244),
 (245,245,2,1,1,1,245),
 (246,246,3,1,1,1,246),
 (247,247,1,1,0,1,247),
 (248,248,2,1,1,1,248),
 (249,249,3,1,1,1,249),
 (250,250,1,1,0,1,250),
 (251,251,2,1,1,1,251),
 (252,252,3,1,1,1,252),
 (253,253,1,1,0,1,253),
 (254,254,2,1,1,1,254),
 (255,255,3,1,1,1,255),
 (256,256,1,1,0,1,256),
 (257,257,2,1,1,1,257),
 (258,258,3,1,1,1,258),
 (259,259,1,1,0,1,259),
 (260,260,2,1,1,1,260),
 (261,261,3,1,1,1,261),
 (262,262,1,1,0,1,262),
 (263,263,2,1,1,1,263),
 (264,264,3,1,1,1,264),
 (265,265,1,1,0,1,265),
 (266,266,2,1,1,1,266),
 (267,267,3,1,1,1,267),
 (268,268,1,1,0,1,268),
 (269,269,2,1,1,1,269),
 (270,270,3,1,1,1,270),
 (271,271,1,1,0,1,271),
 (272,272,2,1,1,1,272),
 (273,273,3,1,1,1,273),
 (274,274,1,1,0,1,274),
 (275,275,2,1,1,1,275),
 (276,276,3,1,1,1,276),
 (277,277,1,1,0,1,277),
 (278,278,2,1,1,1,278),
 (279,279,3,1,1,1,279),
 (280,280,1,1,0,1,280),
 (281,281,2,1,1,1,281),
 (282,282,3,1,1,1,282),
 (283,283,1,1,0,1,283),
 (284,284,2,1,1,1,284),
 (285,285,3,1,1,1,285),
 (286,286,1,1,0,1,286),
 (287,287,2,1,1,1,287),
 (288,288,3,1,1,1,288),
 (289,289,1,1,0,1,289),
 (290,290,2,1,1,1,290),
 (291,291,3,1,1,1,291),
 (292,292,1,1,0,1,292),
 (293,293,2,1,1,1,293),
 (294,294,3,1,1,1,294),
 (295,295,1,1,0,1,295),
 (296,296,2,1,1,1,296),
 (297,297,3,1,1,1,297),
 (298,298,1,1,0,1,298),
 (299,299,2,1,1,1,299),
 (300,300,3,1,1,1,300),
 (301,301,1,1,0,1,301),
 (302,302,2,1,1,1,302),
 (303,303,3,1,1,1,303),
 (304,304,1,1,0,1,304),
 (305,305,2,1,1,1,305),
 (306,306,3,1,1,1,306),
 (307,307,1,1,0,1,307),
 (308,308,2,1,1,1,308),
 (309,309,3,1,1,1,309),
 (310,310,1,1,0,1,310),
 (311,311,2,1,1,1,311),
 (312,312,3,1,1,1,312),
 (313,313,1,1,0,1,313),
 (314,314,2,1,1,1,314),
 (315,315,3,1,1,1,315),
 (316,316,1,1,0,1,316),
 (317,317,2,1,1,1,317),
 (318,318,3,1,1,1,318),
 (319,319,1,1,0,1,319),
 (320,320,2,1,1,1,320),
 (321,321,3,1,1,1,321),
 (322,322,1,1,0,1,322),
 (323,323,2,1,1,1,323),
 (324,324,3,1,1,1,324),
 (325,325,1,1,0,1,325),
 (326,326,2,1,1,1,326),
 (327,327,3,1,1,1,327),
 (328,328,1,1,0,1,328),
 (329,329,2,1,1,1,329),
 (330,330,3,1,1,1,330),
 (331,331,1,1,0,1,331),
 (332,332,2,1,1,1,332),
 (333,333,3,1,1,1,333),
 (334,334,1,1,0,1,334),
 (335,335,2,1,1,1,335),
 (336,336,3,1,1,1,336),
 (337,337,1,1,0,1,337),
 (338,338,2,1,1,1,338),
 (339,339,3,1,1,1,339),
 (340,340,1,1,0,1,340),
 (341,341,2,1,1,1,341),
 (342,342,3,1,1,1,342),
 (343,343,1,1,0,1,343),
 (344,344,2,1,1,1,344),
 (345,345,3,1,1,1,345),
 (346,346,1,1,0,1,346),
 (347,347,2,1,1,1,347),
 (348,348,3,1,1,1,348),
 (349,349,1,1,0,1,349),
 (350,350,2,1,1,1,350),
 (351,351,3,1,1,1,351),
 (352,352,1,1,0,1,352),
 (353,353,2,1,1,1,353),
 (354,354,3,1,1,1,354),
 (355,355,1,1,0,1,355),
 (356,356,2,1,1,1,356),
 (357,357,3,1,1,1,357),
 (358,358,1,1,0,1,358),
 (359,359,2,1,1,1,359),
 (360,360,3,1,1,1,360),
 (361,361,1,1,0,1,361),
 (362,362,2,1,1,1,362),
 (363,363,3,1,1,1,363),
 (364,364,1,1,0,1,364),
 (365,365,2,1,1,1,365),
 (366,366,3,1,1,1,366),
 (367,367,1,1,0,1,367),
 (368,368,2,1,1,1,368),
 (369,369,3,1,1,1,369),
 (370,370,1,1,0,1,370),
 (371,371,2,1,1,1,371),
 (372,372,3,1,1,1,372),
 (373,373,1,1,0,1,373),
 (374,374,2,1,1,1,374),
 (375,375,3,1,1,1,375),
 (376,376,1,1,0,1,376),
 (377,377,2,1,1,1,377),
 (378,378,3,1,1,1,378),
 (379,379,1,1,0,1,379),
 (380,380,2,1,1,1,380),
 (381,381,3,1,1,1,381),
 (382,382,1,1,0,1,382),
 (383,383,2,1,1,1,383),
 (384,384,3,1,1,1,384),
 (385,385,1,1,0,1,385),
 (386,386,2,1,1,1,386),
 (387,387,3,1,1,1,387),
 (388,388,1,1,0,1,388),
 (389,389,2,1,1,1,389),
 (390,390,3,1,1,1,390),
 (391,391,1,1,0,1,391),
 (392,392,2,1,1,1,392),
 (393,393,3,1,1,1,393),
 (394,394,1,1,0,1,394),
 (395,395,2,1,1,1,395),
 (396,396,3,1,1,1,396),
 (397,397,1,1,0,1,397),
 (398,398,2,1,1,1,398),
 (399,399,3,1,1,1,399),
 (400,400,1,1,0,1,400),
 (401,401,2,1,1,1,401),
 (402,402,3,1,1,1,402),
 (403,403,1,1,0,1,403),
 (404,404,2,1,1,1,404),
 (405,405,3,1,1,1,405),
 (406,406,1,1,0,1,406),
 (407,407,2,1,1,1,407),
 (408,408,3,1,1,1,408),
 (409,409,1,1,0,1,409),
 (410,410,2,1,1,1,410),
 (411,411,3,1,1,1,411),
 (412,412,1,1,0,1,412),
 (413,413,2,1,1,1,413),
 (414,414,3,1,1,1,414),
 (415,415,1,1,0,1,415),
 (416,416,2,1,1,1,416),
 (417,417,3,1,1,1,417),
 (418,418,1,1,0,1,418),
 (419,419,2,1,1,1,419),
 (420,420,3,1,1,1,420),
 (421,421,1,1,0,1,421),
 (422,422,2,1,1,1,422),
 (423,423,3,1,1,1,423),
 (424,424,1,1,0,1,424),
 (425,425,2,1,1,1,425),
 (426,426,3,1,1,1,426),
 (427,427,1,1,0,1,427),
 (428,428,2,1,1,1,428),
 (429,429,3,1,1,1,429),
 (430,430,1,1,0,1,430),
 (431,431,2,1,1,1,431),
 (432,432,3,1,1,1,432),
 (433,433,1,1,0,1,433),
 (434,434,2,1,1,1,434),
 (435,435,3,1,1,1,435),
 (436,436,1,1,0,1,436),
 (437,437,2,1,1,1,437),
 (438,438,3,1,1,1,438),
 (439,439,1,1,0,1,439),
 (440,440,2,1,1,1,440),
 (441,441,3,1,1,1,441),
 (442,442,1,1,0,1,442),
 (443,443,2,1,1,1,443),
 (444,444,3,1,1,1,444),
 (445,445,1,1,0,1,445),
 (446,446,2,1,1,1,446),
 (447,447,3,1,1,1,447),
 (448,448,1,1,0,1,448),
 (449,449,2,1,1,1,449),
 (450,450,3,1,1,1,450),
 (451,451,1,1,0,1,451),
 (452,452,2,1,1,1,452),
 (453,453,3,1,1,1,453),
 (454,454,1,1,0,1,454),
 (455,455,2,1,1,1,455),
 (456,456,3,1,1,1,456),
 (457,457,1,1,0,1,457),
 (458,458,2,1,1,1,458),
 (459,459,3,1,1,1,459),
 (460,460,1,1,0,1,460),
 (461,461,2,1,1,1,461),
 (462,462,3,1,1,1,462),
 (463,463,1,1,0,1,463),
 (464,464,2,1,1,1,464),
 (465,465,3,1,1,1,465),
 (466,466,1,1,0,1,466),
 (467,467,2,1,1,1,467),
 (468,468,3,1,1,1,468),
 (469,469,1,1,0,1,469),
 (470,470,2,1,1,1,470),
 (471,471,3,1,1,1,471),
 (472,472,1,1,0,1,472),
 (473,473,2,1,1,1,473),
 (474,474,3,1,1,1,474),
 (475,475,1,1,0,1,475),
 (476,476,2,1,1,1,476),
 (477,477,3,1,1,1,477),
 (478,478,1,1,0,1,478),
 (479,479,2,1,1,1,479),
 (480,480,3,1,1,1,480),
 (481,481,1,1,0,1,481),
 (482,482,2,1,1,1,482),
 (483,483,3,1,1,1,483),
 (484,484,1,1,0,1,484),
 (485,485,2,1,1,1,485),
 (486,486,3,1,1,1,486),
 (487,487,1,1,0,1,487),
 (488,488,2,1,1,1,488),
 (489,489,3,1,1,1,489),
 (490,490,1,1,0,1,490),
 (491,491,2,1,1,1,491),
 (492,492,3,1,1,1,492),
 (493,493,1,1,0,1,493),
 (494,494,2,1,1,1,494),
 (495,495,3,1,1,1,495),
 (496,496,1,1,0,1,496),
 (497,497,2,1,1,1,497),
 (498,498,3,1,1,1,498),
 (499,499,1,1,0,1,499),
 (500,500,2,1,1,1,500);
INSERT INTO "direccion" ("direccion_id","direccion_calle","direccion_numero_calle","direccion_ciudad","direccion_provincia","direccion_pais") VALUES (1,'DEL CARMEN',72031,'CIUDAD AUTONOMA DE BUENOS AIRES','CIUDAD AUTONOMA DE BUENOS AIRES','ARGENTINA'),
 (2,'IGR ENRIQUE BUTTY',50613,'CIUDAD AUTONOMA DE BUENOS AIRES','CIUDAD AUTONOMA DE BUENOS AIRES','ARGENTINA'),
 (3,'LETONIA',641,'CIUDAD AUTONOMA DE BUENOS AIRES','CIUDAD AUTONOMA DE BUENOS AIRES','ARGENTINA'),
 (4,'MOMPOX',40074,'CIUDAD AUTONOMA DE BUENOS AIRES','CIUDAD AUTONOMA DE BUENOS AIRES','ARGENTINA'),
 (5,'PABLO GIORELLO',8419,'CIUDAD AUTONOMA DE BUENOS AIRES','CIUDAD AUTONOMA DE BUENOS AIRES','ARGENTINA'),
 (6,'PARERA',9663,'CIUDAD AUTONOMA DE BUENOS AIRES','CIUDAD AUTONOMA DE BUENOS AIRES','ARGENTINA'),
 (7,'SGTO CABRAL',11021,'CIUDAD AUTONOMA DE BUENOS AIRES','CIUDAD AUTONOMA DE BUENOS AIRES','ARGENTINA'),
 (8,'USPALLATA',50759,'CIUDAD AUTONOMA DE BUENOS AIRES','CIUDAD AUTONOMA DE BUENOS AIRES','ARGENTINA'),
 (9,'VICTORIA OCAMPO',2117,'CIUDAD AUTONOMA DE BUENOS AIRES','CIUDAD AUTONOMA DE BUENOS AIRES','ARGENTINA'),
 (10,'VIEYRA',4863,'CIUDAD AUTONOMA DE BUENOS AIRES','CIUDAD AUTONOMA DE BUENOS AIRES','ARGENTINA'),
 (11,'AV ANTARTIDA ARGENTINA',68367,'CIUDAD AUTONOMA DE BUENOS AIRES','CIUDAD AUTONOMA DE BUENOS AIRES','ARGENTINA'),
 (12,'AV ELVIRA RAWSON DE DELLEPIANE',6511,'CIUDAD AUTONOMA DE BUENOS AIRES','CIUDAD AUTONOMA DE BUENOS AIRES','ARGENTINA'),
 (13,'ARTURO CAPDEVILLA',4581,'CIUDAD AUTONOMA DE BUENOS AIRES','CIUDAD AUTONOMA DE BUENOS AIRES','ARGENTINA'),
 (14,'AV GRL GELLY Y OBES',60770,'CIUDAD AUTONOMA DE BUENOS AIRES','CIUDAD AUTONOMA DE BUENOS AIRES','ARGENTINA'),
 (15,'AV TOMAS A EDISON',1918,'CIUDAD AUTONOMA DE BUENOS AIRES','CIUDAD AUTONOMA DE BUENOS AIRES','ARGENTINA'),
 (16,'BARRIENTOS',1838,'CIUDAD AUTONOMA DE BUENOS AIRES','CIUDAD AUTONOMA DE BUENOS AIRES','ARGENTINA'),
 (17,'JOSE LEON PAGANO',19584,'CIUDAD AUTONOMA DE BUENOS AIRES','CIUDAD AUTONOMA DE BUENOS AIRES','ARGENTINA'),
 (18,'SIN CORRESPONDENCIA',11978,'CIUDAD AUTONOMA DE BUENOS AIRES','CIUDAD AUTONOMA DE BUENOS AIRES','ARGENTINA'),
 (19,'SOLER',65006,'CIUDAD AUTONOMA DE BUENOS AIRES','CIUDAD AUTONOMA DE BUENOS AIRES','ARGENTINA'),
 (20,'CARLOS GARDEL',8587,'CIUDAD AUTONOMA DE BUENOS AIRES','CIUDAD AUTONOMA DE BUENOS AIRES','ARGENTINA'),
 (21,'MISIONES',48696,'CIUDAD AUTONOMA DE BUENOS AIRES','CIUDAD AUTONOMA DE BUENOS AIRES','ARGENTINA'),
 (22,'SANCHEZ DE BUSTAMANTE',9815,'CIUDAD AUTONOMA DE BUENOS AIRES','CIUDAD AUTONOMA DE BUENOS AIRES','ARGENTINA'),
 (23,'ASCASUBI',4241,'CIUDAD AUTONOMA DE BUENOS AIRES','CIUDAD AUTONOMA DE BUENOS AIRES','ARGENTINA'),
 (24,'AV BENITO PEREZ GALDOS',5768,'CIUDAD AUTONOMA DE BUENOS AIRES','CIUDAD AUTONOMA DE BUENOS AIRES','ARGENTINA'),
 (25,'AV DARACT',22325,'CIUDAD AUTONOMA DE BUENOS AIRES','CIUDAD AUTONOMA DE BUENOS AIRES','ARGENTINA'),
 (26,'AV ISIDRO LOREA',97823,'CIUDAD AUTONOMA DE BUENOS AIRES','CIUDAD AUTONOMA DE BUENOS AIRES','ARGENTINA'),
 (27,'CALLE S N',57982,'CIUDAD AUTONOMA DE BUENOS AIRES','CIUDAD AUTONOMA DE BUENOS AIRES','ARGENTINA'),
 (28,'CALLE S N',6133,'CIUDAD AUTONOMA DE BUENOS AIRES','CIUDAD AUTONOMA DE BUENOS AIRES','ARGENTINA'),
 (29,'CAYASTA',3702,'CIUDAD AUTONOMA DE BUENOS AIRES','CIUDAD AUTONOMA DE BUENOS AIRES','ARGENTINA'),
 (30,'DEKAY',67843,'CIUDAD AUTONOMA DE BUENOS AIRES','CIUDAD AUTONOMA DE BUENOS AIRES','ARGENTINA'),
 (31,'FRANCISCO CAFFERATA',38571,'CIUDAD AUTONOMA DE BUENOS AIRES','CIUDAD AUTONOMA DE BUENOS AIRES','ARGENTINA'),
 (32,'GUAL',2275,'CIUDAD AUTONOMA DE BUENOS AIRES','CIUDAD AUTONOMA DE BUENOS AIRES','ARGENTINA'),
 (33,'INDALECIO GOMEZ',2736,'CIUDAD AUTONOMA DE BUENOS AIRES','CIUDAD AUTONOMA DE BUENOS AIRES','ARGENTINA'),
 (34,'JOSE PAZOS',2046,'CIUDAD AUTONOMA DE BUENOS AIRES','CIUDAD AUTONOMA DE BUENOS AIRES','ARGENTINA'),
 (35,'JUAN M THOME',31242,'CIUDAD AUTONOMA DE BUENOS AIRES','CIUDAD AUTONOMA DE BUENOS AIRES','ARGENTINA'),
 (36,'LLORENTE',9117,'CIUDAD AUTONOMA DE BUENOS AIRES','CIUDAD AUTONOMA DE BUENOS AIRES','ARGENTINA'),
 (37,'LOS TELARES',8149,'CIUDAD AUTONOMA DE BUENOS AIRES','CIUDAD AUTONOMA DE BUENOS AIRES','ARGENTINA'),
 (38,'LUGO',46815,'CIUDAD AUTONOMA DE BUENOS AIRES','CIUDAD AUTONOMA DE BUENOS AIRES','ARGENTINA'),
 (39,'MARCOS SEGUIN',1727,'CIUDAD AUTONOMA DE BUENOS AIRES','CIUDAD AUTONOMA DE BUENOS AIRES','ARGENTINA'),
 (40,'MUTUALISMO',8192,'CIUDAD AUTONOMA DE BUENOS AIRES','CIUDAD AUTONOMA DE BUENOS AIRES','ARGENTINA'),
 (41,'PARACAS',9772,'CIUDAD AUTONOMA DE BUENOS AIRES','CIUDAD AUTONOMA DE BUENOS AIRES','ARGENTINA'),
 (42,'PILCOMAYO',400,'CIUDAD AUTONOMA DE BUENOS AIRES','CIUDAD AUTONOMA DE BUENOS AIRES','ARGENTINA'),
 (43,'PJE S N',9781,'CIUDAD AUTONOMA DE BUENOS AIRES','CIUDAD AUTONOMA DE BUENOS AIRES','ARGENTINA'),
 (44,'ROCHDALE',45845,'CIUDAD AUTONOMA DE BUENOS AIRES','CIUDAD AUTONOMA DE BUENOS AIRES','ARGENTINA'),
 (45,'TIERRA DEL FUEGO',696,'CIUDAD AUTONOMA DE BUENOS AIRES','CIUDAD AUTONOMA DE BUENOS AIRES','ARGENTINA'),
 (46,'WILLIAM C MORRIS',4285,'CIUDAD AUTONOMA DE BUENOS AIRES','CIUDAD AUTONOMA DE BUENOS AIRES','ARGENTINA'),
 (47,'ANGEL PELUFFO',2088,'CIUDAD AUTONOMA DE BUENOS AIRES','CIUDAD AUTONOMA DE BUENOS AIRES','ARGENTINA'),
 (48,'BATHURST',61564,'CIUDAD AUTONOMA DE BUENOS AIRES','CIUDAD AUTONOMA DE BUENOS AIRES','ARGENTINA'),
 (49,'BOGADO',3117,'CIUDAD AUTONOMA DE BUENOS AIRES','CIUDAD AUTONOMA DE BUENOS AIRES','ARGENTINA'),
 (50,'GALLEGOS',8351,'CIUDAD AUTONOMA DE BUENOS AIRES','CIUDAD AUTONOMA DE BUENOS AIRES','ARGENTINA'),
 (51,'INCA',8664,'CIUDAD AUTONOMA DE BUENOS AIRES','CIUDAD AUTONOMA DE BUENOS AIRES','ARGENTINA'),
 (52,'JOSE JULIAN PEREZ',2929,'CIUDAD AUTONOMA DE BUENOS AIRES','CIUDAD AUTONOMA DE BUENOS AIRES','ARGENTINA'),
 (53,'OBRERO ROBERTO NUNEZ',1165,'CIUDAD AUTONOMA DE BUENOS AIRES','CIUDAD AUTONOMA DE BUENOS AIRES','ARGENTINA'),
 (54,'SIN CORRESPONDENCIA',898,'CIUDAD AUTONOMA DE BUENOS AIRES','CIUDAD AUTONOMA DE BUENOS AIRES','ARGENTINA'),
 (55,'ACHAVAL',3194,'CIUDAD AUTONOMA DE BUENOS AIRES','CIUDAD AUTONOMA DE BUENOS AIRES','ARGENTINA'),
 (56,'AV LILLO',59175,'CIUDAD AUTONOMA DE BUENOS AIRES','CIUDAD AUTONOMA DE BUENOS AIRES','ARGENTINA'),
 (57,'AV ROENTGEN',7552,'CIUDAD AUTONOMA DE BUENOS AIRES','CIUDAD AUTONOMA DE BUENOS AIRES','ARGENTINA'),
 (58,'BEADE',51430,'CIUDAD AUTONOMA DE BUENOS AIRES','CIUDAD AUTONOMA DE BUENOS AIRES','ARGENTINA'),
 (59,'BERNAL',2664,'CIUDAD AUTONOMA DE BUENOS AIRES','CIUDAD AUTONOMA DE BUENOS AIRES','ARGENTINA'),
 (60,'FEDERICO GARCIA LORCA',6961,'CIUDAD AUTONOMA DE BUENOS AIRES','CIUDAD AUTONOMA DE BUENOS AIRES','ARGENTINA'),
 (61,'MIRO',791,'CIUDAD AUTONOMA DE BUENOS AIRES','CIUDAD AUTONOMA DE BUENOS AIRES','ARGENTINA'),
 (62,'REPUBLICA DE INDONESIA',8598,'CIUDAD AUTONOMA DE BUENOS AIRES','CIUDAD AUTONOMA DE BUENOS AIRES','ARGENTINA'),
 (63,'AV VERNET',2036,'CIUDAD AUTONOMA DE BUENOS AIRES','CIUDAD AUTONOMA DE BUENOS AIRES','ARGENTINA'),
 (64,'BELL VILLE',2746,'CIUDAD AUTONOMA DE BUENOS AIRES','CIUDAD AUTONOMA DE BUENOS AIRES','ARGENTINA'),
 (65,'CABALLITO',3791,'CIUDAD AUTONOMA DE BUENOS AIRES','CIUDAD AUTONOMA DE BUENOS AIRES','ARGENTINA'),
 (66,'CALCENA',2568,'CIUDAD AUTONOMA DE BUENOS AIRES','CIUDAD AUTONOMA DE BUENOS AIRES','ARGENTINA'),
 (67,'CALLE S N',47507,'CIUDAD AUTONOMA DE BUENOS AIRES','CIUDAD AUTONOMA DE BUENOS AIRES','ARGENTINA'),
 (68,'CALLE S N',6123,'CIUDAD AUTONOMA DE BUENOS AIRES','CIUDAD AUTONOMA DE BUENOS AIRES','ARGENTINA'),
 (69,'CAPERUCITA',689,'CIUDAD AUTONOMA DE BUENOS AIRES','CIUDAD AUTONOMA DE BUENOS AIRES','ARGENTINA'),
 (70,'CARICANCHA',1084,'CIUDAD AUTONOMA DE BUENOS AIRES','CIUDAD AUTONOMA DE BUENOS AIRES','ARGENTINA'),
 (71,'CARLOS BERG',4226,'CIUDAD AUTONOMA DE BUENOS AIRES','CIUDAD AUTONOMA DE BUENOS AIRES','ARGENTINA'),
 (72,'CHARRUA',6966,'CIUDAD AUTONOMA DE BUENOS AIRES','CIUDAD AUTONOMA DE BUENOS AIRES','ARGENTINA'),
 (73,'CIPOLLETTI',2700,'CIUDAD AUTONOMA DE BUENOS AIRES','CIUDAD AUTONOMA DE BUENOS AIRES','ARGENTINA'),
 (74,'LA CAPITAL',2524,'CIUDAD AUTONOMA DE BUENOS AIRES','CIUDAD AUTONOMA DE BUENOS AIRES','ARGENTINA'),
 (75,'PERGAMINO',7041,'CIUDAD AUTONOMA DE BUENOS AIRES','CIUDAD AUTONOMA DE BUENOS AIRES','ARGENTINA'),
 (76,'PERRAULT',1687,'CIUDAD AUTONOMA DE BUENOS AIRES','CIUDAD AUTONOMA DE BUENOS AIRES','ARGENTINA'),
 (77,'RAMON Y CAJAL',6243,'CIUDAD AUTONOMA DE BUENOS AIRES','CIUDAD AUTONOMA DE BUENOS AIRES','ARGENTINA'),
 (78,'SOMELLERA',90228,'CIUDAD AUTONOMA DE BUENOS AIRES','CIUDAD AUTONOMA DE BUENOS AIRES','ARGENTINA'),
 (79,'TIMBO',3720,'CIUDAD AUTONOMA DE BUENOS AIRES','CIUDAD AUTONOMA DE BUENOS AIRES','ARGENTINA'),
 (80,'TTE GRL N LEVALLE',61798,'CIUDAD AUTONOMA DE BUENOS AIRES','CIUDAD AUTONOMA DE BUENOS AIRES','ARGENTINA'),
 (81,'UCACHA',2422,'CIUDAD AUTONOMA DE BUENOS AIRES','CIUDAD AUTONOMA DE BUENOS AIRES','ARGENTINA'),
 (82,'ZAPALA',8378,'CIUDAD AUTONOMA DE BUENOS AIRES','CIUDAD AUTONOMA DE BUENOS AIRES','ARGENTINA'),
 (83,'ALFARERO',1743,'CIUDAD AUTONOMA DE BUENOS AIRES','CIUDAD AUTONOMA DE BUENOS AIRES','ARGENTINA'),
 (84,'ASTURIAS',4615,'CIUDAD AUTONOMA DE BUENOS AIRES','CIUDAD AUTONOMA DE BUENOS AIRES','ARGENTINA'),
 (85,'AV EVA PERON',3651,'CIUDAD AUTONOMA DE BUENOS AIRES','CIUDAD AUTONOMA DE BUENOS AIRES','ARGENTINA'),
 (86,'GUSTAVO VAN MARCK',2758,'CORDOBA','CORDOBA','ARGENTINA'),
 (87,'GUSTAVO WALTHER',28910,'CORDOBA','CORDOBA','ARGENTINA'),
 (88,'BARCELONA',4379,'CIUDAD AUTONOMA DE BUENOS AIRES','CIUDAD AUTONOMA DE BUENOS AIRES','ARGENTINA'),
 (89,'CALLE S N',3096,'CIUDAD AUTONOMA DE BUENOS AIRES','CIUDAD AUTONOMA DE BUENOS AIRES','ARGENTINA'),
 (90,'CHAJARI',68059,'CIUDAD AUTONOMA DE BUENOS AIRES','CIUDAD AUTONOMA DE BUENOS AIRES','ARGENTINA'),
 (91,'CURA BROCHERO',3368,'CIUDAD AUTONOMA DE BUENOS AIRES','CIUDAD AUTONOMA DE BUENOS AIRES','ARGENTINA'),
 (92,'GRL NAPOLEON URIBURU',3816,'CIUDAD AUTONOMA DE BUENOS AIRES','CIUDAD AUTONOMA DE BUENOS AIRES','ARGENTINA'),
 (93,'GUILLERMO HUDSON',3759,'CIUDAD AUTONOMA DE BUENOS AIRES','CIUDAD AUTONOMA DE BUENOS AIRES','ARGENTINA'),
 (94,'LOS CEDROS',7153,'CIUDAD AUTONOMA DE BUENOS AIRES','CIUDAD AUTONOMA DE BUENOS AIRES','ARGENTINA'),
 (95,'MALDONADO',9248,'CIUDAD AUTONOMA DE BUENOS AIRES','CIUDAD AUTONOMA DE BUENOS AIRES','ARGENTINA'),
 (96,'PAILEBOT DAVISON',4324,'CIUDAD AUTONOMA DE BUENOS AIRES','CIUDAD AUTONOMA DE BUENOS AIRES','ARGENTINA'),
 (97,'PJE S N',894,'CIUDAD AUTONOMA DE BUENOS AIRES','CIUDAD AUTONOMA DE BUENOS AIRES','ARGENTINA'),
 (98,'RIO NEGRO',21968,'CIUDAD AUTONOMA DE BUENOS AIRES','CIUDAD AUTONOMA DE BUENOS AIRES','ARGENTINA'),
 (99,'SANTA CATALINA',89317,'CIUDAD AUTONOMA DE BUENOS AIRES','CIUDAD AUTONOMA DE BUENOS AIRES','ARGENTINA'),
 (100,'HECTOR ODDONE',644,'CORDOBA','CORDOBA','ARGENTINA'),
 (101,'VERACRUZ',15855,'CIUDAD AUTONOMA DE BUENOS AIRES','CIUDAD AUTONOMA DE BUENOS AIRES','ARGENTINA'),
 (102,'VALMTE IRIZAR',3447,'CIUDAD AUTONOMA DE BUENOS AIRES','CIUDAD AUTONOMA DE BUENOS AIRES','ARGENTINA'),
 (103,'VICENTE DE SIMONE',37584,'CIUDAD AUTONOMA DE BUENOS AIRES','CIUDAD AUTONOMA DE BUENOS AIRES','ARGENTINA'),
 (104,'VILLA DE MASNOU',9262,'CIUDAD AUTONOMA DE BUENOS AIRES','CIUDAD AUTONOMA DE BUENOS AIRES','ARGENTINA'),
 (105,'AV 27 DE FEBRERO',1871,'CIUDAD AUTONOMA DE BUENOS AIRES','CIUDAD AUTONOMA DE BUENOS AIRES','ARGENTINA'),
 (106,'ASTURIAS',38862,'CIUDAD AUTONOMA DE BUENOS AIRES','CIUDAD AUTONOMA DE BUENOS AIRES','ARGENTINA'),
 (107,'CARLOS MOREL',3372,'CIUDAD AUTONOMA DE BUENOS AIRES','CIUDAD AUTONOMA DE BUENOS AIRES','ARGENTINA'),
 (108,'COTOCOLLAO',24288,'CIUDAD AUTONOMA DE BUENOS AIRES','CIUDAD AUTONOMA DE BUENOS AIRES','ARGENTINA'),
 (109,'CURITYBA',4771,'CIUDAD AUTONOMA DE BUENOS AIRES','CIUDAD AUTONOMA DE BUENOS AIRES','ARGENTINA'),
 (110,'EL CARDENAL',4667,'CIUDAD AUTONOMA DE BUENOS AIRES','CIUDAD AUTONOMA DE BUENOS AIRES','ARGENTINA'),
 (111,'EL CARPINTERO',81657,'CIUDAD AUTONOMA DE BUENOS AIRES','CIUDAD AUTONOMA DE BUENOS AIRES','ARGENTINA'),
 (112,'EL CERRO',55918,'CIUDAD AUTONOMA DE BUENOS AIRES','CIUDAD AUTONOMA DE BUENOS AIRES','ARGENTINA'),
 (113,'EL CHACHO',1511,'CIUDAD AUTONOMA DE BUENOS AIRES','CIUDAD AUTONOMA DE BUENOS AIRES','ARGENTINA'),
 (114,'FINLANDIA',37112,'CIUDAD AUTONOMA DE BUENOS AIRES','CIUDAD AUTONOMA DE BUENOS AIRES','ARGENTINA'),
 (115,'FRAGATA CEFIRO',2261,'CIUDAD AUTONOMA DE BUENOS AIRES','CIUDAD AUTONOMA DE BUENOS AIRES','ARGENTINA'),
 (116,'FRANCISCO J ORTIZ',1858,'CIUDAD AUTONOMA DE BUENOS AIRES','CIUDAD AUTONOMA DE BUENOS AIRES','ARGENTINA'),
 (117,'GERONIMO CORTES',11047,'CIUDAD AUTONOMA DE BUENOS AIRES','CIUDAD AUTONOMA DE BUENOS AIRES','ARGENTINA'),
 (118,'GRAHAM R CUNNINGHAME',430,'CIUDAD AUTONOMA DE BUENOS AIRES','CIUDAD AUTONOMA DE BUENOS AIRES','ARGENTINA'),
 (119,'GRL CESAR DIAZ',1648,'CIUDAD AUTONOMA DE BUENOS AIRES','CIUDAD AUTONOMA DE BUENOS AIRES','ARGENTINA'),
 (120,'GUIPUZCOA',4577,'CIUDAD AUTONOMA DE BUENOS AIRES','CIUDAD AUTONOMA DE BUENOS AIRES','ARGENTINA'),
 (121,'JOSE R BALTORE',94717,'CIUDAD AUTONOMA DE BUENOS AIRES','CIUDAD AUTONOMA DE BUENOS AIRES','ARGENTINA'),
 (122,'JUAN B PRIMOLI',2751,'CIUDAD AUTONOMA DE BUENOS AIRES','CIUDAD AUTONOMA DE BUENOS AIRES','ARGENTINA'),
 (123,'JUAN LEON PALLIERE',3966,'CIUDAD AUTONOMA DE BUENOS AIRES','CIUDAD AUTONOMA DE BUENOS AIRES','ARGENTINA'),
 (124,'MARIA REMEDIOS DEL VALLE',41863,'CIUDAD AUTONOMA DE BUENOS AIRES','CIUDAD AUTONOMA DE BUENOS AIRES','ARGENTINA'),
 (125,'MOLINA',6070,'CIUDAD AUTONOMA DE BUENOS AIRES','CIUDAD AUTONOMA DE BUENOS AIRES','ARGENTINA'),
 (126,'ONESIMO LEGUIZAMON',3420,'CIUDAD AUTONOMA DE BUENOS AIRES','CIUDAD AUTONOMA DE BUENOS AIRES','ARGENTINA'),
 (127,'PASAJE PARTICULAR',85717,'CIUDAD AUTONOMA DE BUENOS AIRES','CIUDAD AUTONOMA DE BUENOS AIRES','ARGENTINA'),
 (128,'PASEO DE LOS ARTISTAS',4698,'CIUDAD AUTONOMA DE BUENOS AIRES','CIUDAD AUTONOMA DE BUENOS AIRES','ARGENTINA'),
 (129,'PJE LA MISERICORDIA',3701,'CIUDAD AUTONOMA DE BUENOS AIRES','CIUDAD AUTONOMA DE BUENOS AIRES','ARGENTINA'),
 (130,'PJE TOMAS VALENCIA',1477,'CIUDAD AUTONOMA DE BUENOS AIRES','CIUDAD AUTONOMA DE BUENOS AIRES','ARGENTINA'),
 (131,'POLONIA',987,'CIUDAD AUTONOMA DE BUENOS AIRES','CIUDAD AUTONOMA DE BUENOS AIRES','ARGENTINA'),
 (132,'PRELADO D B RISSO PATRON',15767,'CIUDAD AUTONOMA DE BUENOS AIRES','CIUDAD AUTONOMA DE BUENOS AIRES','ARGENTINA'),
 (133,'TRENQUE LAUQUEN',1490,'CIUDAD AUTONOMA DE BUENOS AIRES','CIUDAD AUTONOMA DE BUENOS AIRES','ARGENTINA'),
 (134,'TTE CANDIDO DE LA SALA',4874,'CIUDAD AUTONOMA DE BUENOS AIRES','CIUDAD AUTONOMA DE BUENOS AIRES','ARGENTINA'),
 (135,'TUYU',8405,'CIUDAD AUTONOMA DE BUENOS AIRES','CIUDAD AUTONOMA DE BUENOS AIRES','ARGENTINA'),
 (136,'YERBAL',4734,'CIUDAD AUTONOMA DE BUENOS AIRES','CIUDAD AUTONOMA DE BUENOS AIRES','ARGENTINA'),
 (137,'ACONCAGUA',94499,'CIUDAD AUTONOMA DE BUENOS AIRES','CIUDAD AUTONOMA DE BUENOS AIRES','ARGENTINA'),
 (138,'ALICANTE',56690,'CIUDAD AUTONOMA DE BUENOS AIRES','CIUDAD AUTONOMA DE BUENOS AIRES','ARGENTINA'),
 (139,'AV LACARRA',8604,'CIUDAD AUTONOMA DE BUENOS AIRES','CIUDAD AUTONOMA DE BUENOS AIRES','ARGENTINA'),
 (140,'BEYROUTH',3784,'CIUDAD AUTONOMA DE BUENOS AIRES','CIUDAD AUTONOMA DE BUENOS AIRES','ARGENTINA'),
 (141,'COLIGUE',7430,'CIUDAD AUTONOMA DE BUENOS AIRES','CIUDAD AUTONOMA DE BUENOS AIRES','ARGENTINA'),
 (142,'COLIQUEO',1102,'CIUDAD AUTONOMA DE BUENOS AIRES','CIUDAD AUTONOMA DE BUENOS AIRES','ARGENTINA'),
 (143,'DOLORES',2764,'CIUDAD AUTONOMA DE BUENOS AIRES','CIUDAD AUTONOMA DE BUENOS AIRES','ARGENTINA'),
 (144,'EMILIO CASTELAR',89076,'CIUDAD AUTONOMA DE BUENOS AIRES','CIUDAD AUTONOMA DE BUENOS AIRES','ARGENTINA'),
 (145,'EMILIO DE ALVEAR',30661,'CIUDAD AUTONOMA DE BUENOS AIRES','CIUDAD AUTONOMA DE BUENOS AIRES','ARGENTINA'),
 (146,'GARCIA DE COSSIO',5861,'CIUDAD AUTONOMA DE BUENOS AIRES','CIUDAD AUTONOMA DE BUENOS AIRES','ARGENTINA'),
 (147,'JOSE DE MATURANA',5056,'CIUDAD AUTONOMA DE BUENOS AIRES','CIUDAD AUTONOMA DE BUENOS AIRES','ARGENTINA'),
 (148,'LA DILIGENCIA',48381,'CIUDAD AUTONOMA DE BUENOS AIRES','CIUDAD AUTONOMA DE BUENOS AIRES','ARGENTINA'),
 (149,'MANZONI',59048,'CIUDAD AUTONOMA DE BUENOS AIRES','CIUDAD AUTONOMA DE BUENOS AIRES','ARGENTINA'),
 (150,'MAR DEL PLATA',18741,'CIUDAD AUTONOMA DE BUENOS AIRES','CIUDAD AUTONOMA DE BUENOS AIRES','ARGENTINA'),
 (151,'MARIA A DE LA PAZ Y FIGUEROA',1017,'CIUDAD AUTONOMA DE BUENOS AIRES','CIUDAD AUTONOMA DE BUENOS AIRES','ARGENTINA'),
 (152,'MENENDEZ Y PELAYO',1329,'CIUDAD AUTONOMA DE BUENOS AIRES','CIUDAD AUTONOMA DE BUENOS AIRES','ARGENTINA'),
 (153,'MIGUEL COUTO',3591,'CIUDAD AUTONOMA DE BUENOS AIRES','CIUDAD AUTONOMA DE BUENOS AIRES','ARGENTINA'),
 (154,'MILTON',2412,'CIUDAD AUTONOMA DE BUENOS AIRES','CIUDAD AUTONOMA DE BUENOS AIRES','ARGENTINA'),
 (155,'MIRAMAR',1834,'CIUDAD AUTONOMA DE BUENOS AIRES','CIUDAD AUTONOMA DE BUENOS AIRES','ARGENTINA'),
 (156,'NANDUTI',1777,'CIUDAD AUTONOMA DE BUENOS AIRES','CIUDAD AUTONOMA DE BUENOS AIRES','ARGENTINA'),
 (157,'PEHUAJO',88432,'CIUDAD AUTONOMA DE BUENOS AIRES','CIUDAD AUTONOMA DE BUENOS AIRES','ARGENTINA'),
 (158,'SAN NICOLAS',31783,'CIUDAD AUTONOMA DE BUENOS AIRES','CIUDAD AUTONOMA DE BUENOS AIRES','ARGENTINA'),
 (159,'SIMBRON',972,'CIUDAD AUTONOMA DE BUENOS AIRES','CIUDAD AUTONOMA DE BUENOS AIRES','ARGENTINA'),
 (160,'ALMAGRO',4884,'CIUDAD AUTONOMA DE BUENOS AIRES','CIUDAD AUTONOMA DE BUENOS AIRES','ARGENTINA'),
 (161,'AV CHORROARIN',2291,'CIUDAD AUTONOMA DE BUENOS AIRES','CIUDAD AUTONOMA DE BUENOS AIRES','ARGENTINA'),
 (162,'AV JOSE FAGNANO',3563,'CIUDAD AUTONOMA DE BUENOS AIRES','CIUDAD AUTONOMA DE BUENOS AIRES','ARGENTINA'),
 (163,'HERNANDO MAGALLANES',6697,'CORDOBA','CORDOBA','ARGENTINA'),
 (164,'AV TTE GRL DONATO ALVAREZ',2857,'CIUDAD AUTONOMA DE BUENOS AIRES','CIUDAD AUTONOMA DE BUENOS AIRES','ARGENTINA'),
 (165,'BASILIO CITTADINI',2209,'CIUDAD AUTONOMA DE BUENOS AIRES','CIUDAD AUTONOMA DE BUENOS AIRES','ARGENTINA'),
 (166,'BERNARDO DE LEON',1648,'CIUDAD AUTONOMA DE BUENOS AIRES','CIUDAD AUTONOMA DE BUENOS AIRES','ARGENTINA'),
 (167,'DR ALEJANDRO POSADAS',1075,'CIUDAD AUTONOMA DE BUENOS AIRES','CIUDAD AUTONOMA DE BUENOS AIRES','ARGENTINA'),
 (168,'FRANCO',98455,'CIUDAD AUTONOMA DE BUENOS AIRES','CIUDAD AUTONOMA DE BUENOS AIRES','ARGENTINA'),
 (169,'GABINO EZEIZA',29069,'CIUDAD AUTONOMA DE BUENOS AIRES','CIUDAD AUTONOMA DE BUENOS AIRES','ARGENTINA'),
 (170,'GAZETA DE BUENOS AIRES',9926,'CIUDAD AUTONOMA DE BUENOS AIRES','CIUDAD AUTONOMA DE BUENOS AIRES','ARGENTINA'),
 (171,'INDIO',69474,'CIUDAD AUTONOMA DE BUENOS AIRES','CIUDAD AUTONOMA DE BUENOS AIRES','ARGENTINA'),
 (172,'IGR AGUSTIN GONZALEZ',2137,'CIUDAD AUTONOMA DE BUENOS AIRES','CIUDAD AUTONOMA DE BUENOS AIRES','ARGENTINA'),
 (173,'JOSE INGENIEROS',3278,'CIUDAD AUTONOMA DE BUENOS AIRES','CIUDAD AUTONOMA DE BUENOS AIRES','ARGENTINA'),
 (174,'LA CALANDRIA',20118,'CIUDAD AUTONOMA DE BUENOS AIRES','CIUDAD AUTONOMA DE BUENOS AIRES','ARGENTINA'),
 (175,'MAGDALENA',39780,'CIUDAD AUTONOMA DE BUENOS AIRES','CIUDAD AUTONOMA DE BUENOS AIRES','ARGENTINA'),
 (176,'MANUEL DE SAN GINES',28332,'CIUDAD AUTONOMA DE BUENOS AIRES','CIUDAD AUTONOMA DE BUENOS AIRES','ARGENTINA'),
 (177,'MATEO J MARTINEZ',4550,'CIUDAD AUTONOMA DE BUENOS AIRES','CIUDAD AUTONOMA DE BUENOS AIRES','ARGENTINA'),
 (178,'MIGUEL COUTO',64735,'CIUDAD AUTONOMA DE BUENOS AIRES','CIUDAD AUTONOMA DE BUENOS AIRES','ARGENTINA'),
 (179,'RUSIA',39823,'CIUDAD AUTONOMA DE BUENOS AIRES','CIUDAD AUTONOMA DE BUENOS AIRES','ARGENTINA'),
 (180,'SIERRA GRANDE',51760,'CIUDAD AUTONOMA DE BUENOS AIRES','CIUDAD AUTONOMA DE BUENOS AIRES','ARGENTINA'),
 (181,'VILLA JUNCAL',42316,'CIUDAD AUTONOMA DE BUENOS AIRES','CIUDAD AUTONOMA DE BUENOS AIRES','ARGENTINA'),
 (182,'ARGELIA',1412,'CIUDAD AUTONOMA DE BUENOS AIRES','CIUDAD AUTONOMA DE BUENOS AIRES','ARGENTINA'),
 (183,'HIPOLITO MONTAGNE',9977,'CORDOBA','CORDOBA','ARGENTINA'),
 (184,'AVALOS',3497,'CIUDAD AUTONOMA DE BUENOS AIRES','CIUDAD AUTONOMA DE BUENOS AIRES','ARGENTINA'),
 (185,'CARLOS MOLINA ARROTEA',6770,'CIUDAD AUTONOMA DE BUENOS AIRES','CIUDAD AUTONOMA DE BUENOS AIRES','ARGENTINA'),
 (186,'DR HONORIO LEGUIZAMON',2481,'CIUDAD AUTONOMA DE BUENOS AIRES','CIUDAD AUTONOMA DE BUENOS AIRES','ARGENTINA'),
 (187,'DIAZ COLODRERO',2497,'CIUDAD AUTONOMA DE BUENOS AIRES','CIUDAD AUTONOMA DE BUENOS AIRES','ARGENTINA'),
 (188,'ELSA OCONNOR',1949,'CIUDAD AUTONOMA DE BUENOS AIRES','CIUDAD AUTONOMA DE BUENOS AIRES','ARGENTINA'),
 (189,'EMILIO CIVIT',22444,'CIUDAD AUTONOMA DE BUENOS AIRES','CIUDAD AUTONOMA DE BUENOS AIRES','ARGENTINA'),
 (190,'GAMARRA',88593,'CIUDAD AUTONOMA DE BUENOS AIRES','CIUDAD AUTONOMA DE BUENOS AIRES','ARGENTINA'),
 (191,'ISLANDIA',483,'CIUDAD AUTONOMA DE BUENOS AIRES','CIUDAD AUTONOMA DE BUENOS AIRES','ARGENTINA'),
 (192,'GUSTAVO REARTE',9425,'CIUDAD AUTONOMA DE BUENOS AIRES','CIUDAD AUTONOMA DE BUENOS AIRES','ARGENTINA'),
 (193,'JOAQUIN CASTELLANOS',67768,'CIUDAD AUTONOMA DE BUENOS AIRES','CIUDAD AUTONOMA DE BUENOS AIRES','ARGENTINA'),
 (194,'JORGE CAFRUNE (NO OFICIAL)',3591,'CIUDAD AUTONOMA DE BUENOS AIRES','CIUDAD AUTONOMA DE BUENOS AIRES','ARGENTINA'),
 (195,'JORGE DI PASCUALE',3546,'CIUDAD AUTONOMA DE BUENOS AIRES','CIUDAD AUTONOMA DE BUENOS AIRES','ARGENTINA'),
 (196,'JOSE VARAS',8168,'CIUDAD AUTONOMA DE BUENOS AIRES','CIUDAD AUTONOMA DE BUENOS AIRES','ARGENTINA'),
 (197,'LITUANIA',6088,'CIUDAD AUTONOMA DE BUENOS AIRES','CIUDAD AUTONOMA DE BUENOS AIRES','ARGENTINA'),
 (198,'MANUEL ALVAREZ PRADO',5405,'CIUDAD AUTONOMA DE BUENOS AIRES','CIUDAD AUTONOMA DE BUENOS AIRES','ARGENTINA'),
 (199,'MIGUEL A CAMINO',44066,'CIUDAD AUTONOMA DE BUENOS AIRES','CIUDAD AUTONOMA DE BUENOS AIRES','ARGENTINA'),
 (200,'PLUS ULTRA',8690,'CIUDAD AUTONOMA DE BUENOS AIRES','CIUDAD AUTONOMA DE BUENOS AIRES','ARGENTINA'),
 (201,'PESTALOZZI',13619,'CIUDAD AUTONOMA DE BUENOS AIRES','CIUDAD AUTONOMA DE BUENOS AIRES','ARGENTINA'),
 (202,'PROMETEO',1326,'CIUDAD AUTONOMA DE BUENOS AIRES','CIUDAD AUTONOMA DE BUENOS AIRES','ARGENTINA'),
 (203,'RODRIGO ORTIZ DE ZARATE',6473,'CIUDAD AUTONOMA DE BUENOS AIRES','CIUDAD AUTONOMA DE BUENOS AIRES','ARGENTINA'),
 (204,'RUFINO',2906,'CIUDAD AUTONOMA DE BUENOS AIRES','CIUDAD AUTONOMA DE BUENOS AIRES','ARGENTINA'),
 (205,'SAN FRANCISCO DE ASIS',4099,'CIUDAD AUTONOMA DE BUENOS AIRES','CIUDAD AUTONOMA DE BUENOS AIRES','ARGENTINA'),
 (206,'SANTOS VEGA',4072,'CIUDAD AUTONOMA DE BUENOS AIRES','CIUDAD AUTONOMA DE BUENOS AIRES','ARGENTINA'),
 (207,'AV MELIAN',2170,'CIUDAD AUTONOMA DE BUENOS AIRES','CIUDAD AUTONOMA DE BUENOS AIRES','ARGENTINA'),
 (208,'CALLE S N',6641,'CIUDAD AUTONOMA DE BUENOS AIRES','CIUDAD AUTONOMA DE BUENOS AIRES','ARGENTINA'),
 (209,'DR MARCELO J FITTE',7986,'CIUDAD AUTONOMA DE BUENOS AIRES','CIUDAD AUTONOMA DE BUENOS AIRES','ARGENTINA'),
 (210,'MUNICH',97290,'CIUDAD AUTONOMA DE BUENOS AIRES','CIUDAD AUTONOMA DE BUENOS AIRES','ARGENTINA'),
 (211,'TEGUCIGALPA',4466,'CIUDAD AUTONOMA DE BUENOS AIRES','CIUDAD AUTONOMA DE BUENOS AIRES','ARGENTINA'),
 (212,'ZAVALIA',3589,'CIUDAD AUTONOMA DE BUENOS AIRES','CIUDAD AUTONOMA DE BUENOS AIRES','ARGENTINA'),
 (213,'BILLINGHURST',26305,'CIUDAD AUTONOMA DE BUENOS AIRES','CIUDAD AUTONOMA DE BUENOS AIRES','ARGENTINA'),
 (214,'CONVENCION',18516,'CIUDAD AUTONOMA DE BUENOS AIRES','CIUDAD AUTONOMA DE BUENOS AIRES','ARGENTINA'),
 (215,'DEL SIGNO',5987,'CIUDAD AUTONOMA DE BUENOS AIRES','CIUDAD AUTONOMA DE BUENOS AIRES','ARGENTINA'),
 (216,'INTENDENTE BUNGE',678,'CIUDAD AUTONOMA DE BUENOS AIRES','CIUDAD AUTONOMA DE BUENOS AIRES','ARGENTINA'),
 (217,'JOSE ORTEGA Y GASSET',1816,'CIUDAD AUTONOMA DE BUENOS AIRES','CIUDAD AUTONOMA DE BUENOS AIRES','ARGENTINA'),
 (218,'MIGUEL CANE',4526,'CIUDAD AUTONOMA DE BUENOS AIRES','CIUDAD AUTONOMA DE BUENOS AIRES','ARGENTINA'),
 (219,'PAUNERO',91988,'CIUDAD AUTONOMA DE BUENOS AIRES','CIUDAD AUTONOMA DE BUENOS AIRES','ARGENTINA'),
 (220,'PEREYRA LUCENA',6012,'CIUDAD AUTONOMA DE BUENOS AIRES','CIUDAD AUTONOMA DE BUENOS AIRES','ARGENTINA'),
 (221,'PRINGLES',2250,'CIUDAD AUTONOMA DE BUENOS AIRES','CIUDAD AUTONOMA DE BUENOS AIRES','ARGENTINA'),
 (222,'VIDT',5539,'CIUDAD AUTONOMA DE BUENOS AIRES','CIUDAD AUTONOMA DE BUENOS AIRES','ARGENTINA'),
 (223,'ADOLFO P CARRANZA',82408,'CIUDAD AUTONOMA DE BUENOS AIRES','CIUDAD AUTONOMA DE BUENOS AIRES','ARGENTINA'),
 (224,'ARGANARAS',56259,'CIUDAD AUTONOMA DE BUENOS AIRES','CIUDAD AUTONOMA DE BUENOS AIRES','ARGENTINA'),
 (225,'ANGEL J CARRANZA',2282,'CIUDAD AUTONOMA DE BUENOS AIRES','CIUDAD AUTONOMA DE BUENOS AIRES','ARGENTINA'),
 (226,'AV GARMENDIA',7856,'CIUDAD AUTONOMA DE BUENOS AIRES','CIUDAD AUTONOMA DE BUENOS AIRES','ARGENTINA'),
 (227,'EUGENIO RAMIREZ',4698,'CIUDAD AUTONOMA DE BUENOS AIRES','CIUDAD AUTONOMA DE BUENOS AIRES','ARGENTINA'),
 (228,'MARIO BERNASCONI',72197,'CIUDAD AUTONOMA DE BUENOS AIRES','CIUDAD AUTONOMA DE BUENOS AIRES','ARGENTINA'),
 (229,'MELINCUE',5175,'CIUDAD AUTONOMA DE BUENOS AIRES','CIUDAD AUTONOMA DE BUENOS AIRES','ARGENTINA'),
 (230,'MURCIA',7087,'CIUDAD AUTONOMA DE BUENOS AIRES','CIUDAD AUTONOMA DE BUENOS AIRES','ARGENTINA'),
 (231,'SIN CORRESPONDENCIA',97576,'CIUDAD AUTONOMA DE BUENOS AIRES','CIUDAD AUTONOMA DE BUENOS AIRES','ARGENTINA'),
 (232,'TASSO',5507,'CIUDAD AUTONOMA DE BUENOS AIRES','CIUDAD AUTONOMA DE BUENOS AIRES','ARGENTINA'),
 (233,'URDININEA',1763,'CIUDAD AUTONOMA DE BUENOS AIRES','CIUDAD AUTONOMA DE BUENOS AIRES','ARGENTINA'),
 (234,'HUGO BORNANCINI',4868,'CORDOBA','CORDOBA','ARGENTINA'),
 (235,'A GHIRALDO',4983,'ALMIRANTE BROWN','BUENOS AIRES','ARGENTINA'),
 (236,'AGRELO',4748,'ALMIRANTE BROWN','BUENOS AIRES','ARGENTINA'),
 (237,'ALICE',4139,'ALMIRANTE BROWN','BUENOS AIRES','ARGENTINA'),
 (238,'ARDOHAIN',7360,'ALMIRANTE BROWN','BUENOS AIRES','ARGENTINA'),
 (239,'AV BURGWARD',3734,'ALMIRANTE BROWN','BUENOS AIRES','ARGENTINA'),
 (240,'HUINCUL',70539,'CORDOBA','CORDOBA','ARGENTINA'),
 (241,'GUANUSACATE',13710,'CORDOBA','CORDOBA','ARGENTINA'),
 (242,'IDIAZABAL',1836,'CORDOBA','CORDOBA','ARGENTINA'),
 (243,'B BEQUER',16081,'ALMIRANTE BROWN','BUENOS AIRES','ARGENTINA'),
 (244,'BATALLA DE C RAYADA',2173,'ALMIRANTE BROWN','BUENOS AIRES','ARGENTINA'),
 (245,'BENITO LYNCH',422,'ALMIRANTE BROWN','BUENOS AIRES','ARGENTINA'),
 (246,'BERAZAIN',3833,'ALMIRANTE BROWN','BUENOS AIRES','ARGENTINA'),
 (247,'BURGOS',8937,'ALMIRANTE BROWN','BUENOS AIRES','ARGENTINA'),
 (248,'C RIPPAMONTI',9832,'ALMIRANTE BROWN','BUENOS AIRES','ARGENTINA'),
 (249,'CALLE 18',6038,'ALMIRANTE BROWN','BUENOS AIRES','ARGENTINA'),
 (250,'CALLE S N',2083,'ALMIRANTE BROWN','BUENOS AIRES','ARGENTINA'),
 (251,'CALLE S N',679,'ALMIRANTE BROWN','BUENOS AIRES','ARGENTINA'),
 (252,'CASTRO',59595,'ALMIRANTE BROWN','BUENOS AIRES','ARGENTINA'),
 (253,'CHANAR',1425,'ALMIRANTE BROWN','BUENOS AIRES','ARGENTINA'),
 (254,'DIEGO VILLAROEL',1297,'ALMIRANTE BROWN','BUENOS AIRES','ARGENTINA'),
 (255,'DR LUIS AGOTE',32072,'ALMIRANTE BROWN','BUENOS AIRES','ARGENTINA'),
 (256,'ECHEVERRY',9063,'ALMIRANTE BROWN','BUENOS AIRES','ARGENTINA'),
 (257,'EL CHURRINCHE',75979,'ALMIRANTE BROWN','BUENOS AIRES','ARGENTINA'),
 (258,'EL RODEO',5019,'ALMIRANTE BROWN','BUENOS AIRES','ARGENTINA'),
 (259,'F DE CUVAS',68572,'ALMIRANTE BROWN','BUENOS AIRES','ARGENTINA'),
 (260,'FORMOSA',4223,'ALMIRANTE BROWN','BUENOS AIRES','ARGENTINA'),
 (261,'GRL ARTIGAS',95192,'ALMIRANTE BROWN','BUENOS AIRES','ARGENTINA'),
 (262,'GRL HORNOS',78274,'ALMIRANTE BROWN','BUENOS AIRES','ARGENTINA'),
 (263,'GRL ROCA',1823,'ALMIRANTE BROWN','BUENOS AIRES','ARGENTINA'),
 (264,'GUTTERO',26837,'ALMIRANTE BROWN','BUENOS AIRES','ARGENTINA'),
 (265,'IGLESIAS',2954,'ALMIRANTE BROWN','BUENOS AIRES','ARGENTINA'),
 (266,'J CASACUBERTA',6130,'ALMIRANTE BROWN','BUENOS AIRES','ARGENTINA'),
 (267,'J ROSSINI',515,'ALMIRANTE BROWN','BUENOS AIRES','ARGENTINA'),
 (268,'JEFRIE',2481,'ALMIRANTE BROWN','BUENOS AIRES','ARGENTINA'),
 (269,'JOSE M ZUVIRIA',1563,'ALMIRANTE BROWN','BUENOS AIRES','ARGENTINA'),
 (270,'KENNEDY',7787,'ALMIRANTE BROWN','BUENOS AIRES','ARGENTINA'),
 (271,'LA CONDICION',2878,'ALMIRANTE BROWN','BUENOS AIRES','ARGENTINA'),
 (272,'LA VINCHA',70284,'ALMIRANTE BROWN','BUENOS AIRES','ARGENTINA'),
 (273,'LAS MARGARITAS',7220,'ALMIRANTE BROWN','BUENOS AIRES','ARGENTINA'),
 (274,'LOEDEL POLUMBO',9150,'ALMIRANTE BROWN','BUENOS AIRES','ARGENTINA'),
 (275,'LOS CEDROS',4169,'ALMIRANTE BROWN','BUENOS AIRES','ARGENTINA'),
 (276,'LOS LAGARTOS',599,'ALMIRANTE BROWN','BUENOS AIRES','ARGENTINA'),
 (277,'NEUQUEN',54399,'ALMIRANTE BROWN','BUENOS AIRES','ARGENTINA'),
 (278,'NEWTON',5338,'ALMIRANTE BROWN','BUENOS AIRES','ARGENTINA'),
 (279,'OBLIGADO',296,'ALMIRANTE BROWN','BUENOS AIRES','ARGENTINA'),
 (280,'P PUEYRREDON',61064,'ALMIRANTE BROWN','BUENOS AIRES','ARGENTINA'),
 (281,'PEDRO E PICO',7984,'ALMIRANTE BROWN','BUENOS AIRES','ARGENTINA'),
 (282,'PEDRO ETCHEGOYEN',61438,'ALMIRANTE BROWN','BUENOS AIRES','ARGENTINA'),
 (283,'PELLERANO',24195,'ALMIRANTE BROWN','BUENOS AIRES','ARGENTINA'),
 (284,'PINEDO',929,'ALMIRANTE BROWN','BUENOS AIRES','ARGENTINA'),
 (285,'PRIETO',3831,'ALMIRANTE BROWN','BUENOS AIRES','ARGENTINA'),
 (286,'R CALZADA',543,'ALMIRANTE BROWN','BUENOS AIRES','ARGENTINA'),
 (287,'RESEDA',3429,'ALMIRANTE BROWN','BUENOS AIRES','ARGENTINA'),
 (288,'RICARDO ROJAS',9113,'ALMIRANTE BROWN','BUENOS AIRES','ARGENTINA'),
 (289,'RIZZUTO',1170,'ALMIRANTE BROWN','BUENOS AIRES','ARGENTINA'),
 (290,'ROBERTO ARLT',3681,'ALMIRANTE BROWN','BUENOS AIRES','ARGENTINA'),
 (291,'ROGGERO',3953,'ALMIRANTE BROWN','BUENOS AIRES','ARGENTINA'),
 (292,'RUY DIAZ DE GUZMAN',962,'ALMIRANTE BROWN','BUENOS AIRES','ARGENTINA'),
 (293,'SAN BENITO',1210,'ALMIRANTE BROWN','BUENOS AIRES','ARGENTINA'),
 (294,'SAN MATEO',4031,'ALMIRANTE BROWN','BUENOS AIRES','ARGENTINA'),
 (295,'SAN MARCOS',7727,'ALMIRANTE BROWN','BUENOS AIRES','ARGENTINA'),
 (296,'SANTA TERESA',77606,'ALMIRANTE BROWN','BUENOS AIRES','ARGENTINA'),
 (297,'TABARE',660,'ALMIRANTE BROWN','BUENOS AIRES','ARGENTINA'),
 (298,'TACUAREMBO',4488,'ALMIRANTE BROWN','BUENOS AIRES','ARGENTINA'),
 (299,'TALES',4468,'ALMIRANTE BROWN','BUENOS AIRES','ARGENTINA'),
 (300,'V LORETO',595,'ALMIRANTE BROWN','BUENOS AIRES','ARGENTINA'),
 (301,'CALLE S N',2639,'ALMIRANTE BROWN','BUENOS AIRES','ARGENTINA'),
 (302,'BOEDO',2463,'AVELLANEDA','BUENOS AIRES','ARGENTINA'),
 (303,'CALLE S N',26819,'AVELLANEDA','BUENOS AIRES','ARGENTINA'),
 (304,'CALLE S N',3466,'AVELLANEDA','BUENOS AIRES','ARGENTINA'),
 (305,'CERRITO',62044,'AVELLANEDA','BUENOS AIRES','ARGENTINA'),
 (306,'CERVANTES',5968,'AVELLANEDA','BUENOS AIRES','ARGENTINA'),
 (307,'CNL CESPEDES',3174,'AVELLANEDA','BUENOS AIRES','ARGENTINA'),
 (308,'CORONADO',64671,'AVELLANEDA','BUENOS AIRES','ARGENTINA'),
 (309,'ESMERALDA',2272,'AVELLANEDA','BUENOS AIRES','ARGENTINA'),
 (310,'GERONIMO SALGUERO',4272,'AVELLANEDA','BUENOS AIRES','ARGENTINA'),
 (311,'GRL MOLINA',59832,'AVELLANEDA','BUENOS AIRES','ARGENTINA'),
 (312,'LA BLANCA',3710,'AVELLANEDA','BUENOS AIRES','ARGENTINA'),
 (313,'LAUTARO',2787,'AVELLANEDA','BUENOS AIRES','ARGENTINA'),
 (314,'MANUEL UGARTE',4279,'AVELLANEDA','BUENOS AIRES','ARGENTINA'),
 (315,'PATAGONIA',355,'AVELLANEDA','BUENOS AIRES','ARGENTINA'),
 (316,'PJE S N',1444,'AVELLANEDA','BUENOS AIRES','ARGENTINA'),
 (317,'RAMON LISTA',5783,'AVELLANEDA','BUENOS AIRES','ARGENTINA'),
 (318,'SAN MARINO',4736,'AVELLANEDA','BUENOS AIRES','ARGENTINA'),
 (319,'SPANGENBERG',4018,'AVELLANEDA','BUENOS AIRES','ARGENTINA'),
 (320,'TUPAC AMARU',2794,'AVELLANEDA','BUENOS AIRES','ARGENTINA'),
 (321,'UNION',6410,'AVELLANEDA','BUENOS AIRES','ARGENTINA'),
 (322,'USPALLATA',5300,'AVELLANEDA','BUENOS AIRES','ARGENTINA'),
 (323,'BERUTI',28372,'AVELLANEDA','BUENOS AIRES','ARGENTINA'),
 (324,'FORMOSA',5635,'AYACUCHO','BUENOS AIRES','ARGENTINA'),
 (325,'JUSTINO MORALES',74766,'AYACUCHO','BUENOS AIRES','ARGENTINA'),
 (326,'ANTARTIDA ARGENTINA',6754,'AZUL','BUENOS AIRES','ARGENTINA'),
 (327,'CALLE 303',3901,'AZUL','BUENOS AIRES','ARGENTINA'),
 (328,'CALLE S N',8663,'AZUL','BUENOS AIRES','ARGENTINA'),
 (329,'CALLE S N',5639,'AZUL','BUENOS AIRES','ARGENTINA'),
 (330,'CALLE S N',922,'AZUL','BUENOS AIRES','ARGENTINA'),
 (331,'DE LAS CATIVAS',89134,'AZUL','BUENOS AIRES','ARGENTINA'),
 (332,'FACUNDO QUIROGA',4281,'AZUL','BUENOS AIRES','ARGENTINA'),
 (333,'GUAMINI',2313,'AZUL','BUENOS AIRES','ARGENTINA'),
 (334,'MEXICO - C 11',734,'AZUL','BUENOS AIRES','ARGENTINA'),
 (335,'PJE S N',14674,'AZUL','BUENOS AIRES','ARGENTINA'),
 (336,'PJE SAN CAYETANO',2986,'AZUL','BUENOS AIRES','ARGENTINA'),
 (337,'TIERRA DEL FUEGO',3344,'AZUL','BUENOS AIRES','ARGENTINA'),
 (338,'VENEZUELA',33394,'AZUL','BUENOS AIRES','ARGENTINA'),
 (339,'ALEMANES DEL VOLGA',853,'BAIHA BLANCA','BUENOS AIRES','ARGENTINA'),
 (340,'ARAUJO',1885,'BAIHA BLANCA','BUENOS AIRES','ARGENTINA'),
 (341,'AV DE LAS SOPHORAS',4220,'BAIHA BLANCA','BUENOS AIRES','ARGENTINA'),
 (342,'CALLE S N',19696,'BAIHA BLANCA','BUENOS AIRES','ARGENTINA'),
 (343,'CALLE S N',72403,'BAIHA BLANCA','BUENOS AIRES','ARGENTINA'),
 (344,'CALLE S N',4699,'BAIHA BLANCA','BUENOS AIRES','ARGENTINA'),
 (345,'DAMAS MENDOCINAS',1068,'BAIHA BLANCA','BUENOS AIRES','ARGENTINA'),
 (346,'DE LA SOBERANIA',7332,'BAIHA BLANCA','BUENOS AIRES','ARGENTINA'),
 (347,'ENRIQUE J AGESTA',4094,'BAIHA BLANCA','BUENOS AIRES','ARGENTINA'),
 (348,'EUSKADI',74909,'BAIHA BLANCA','BUENOS AIRES','ARGENTINA'),
 (349,'GALLEGO MORA',37801,'BAIHA BLANCA','BUENOS AIRES','ARGENTINA'),
 (350,'HUMBERTO I',3947,'BAIHA BLANCA','BUENOS AIRES','ARGENTINA'),
 (351,'INMIGRANTES',61890,'BAIHA BLANCA','BUENOS AIRES','ARGENTINA'),
 (352,'J PENNA',1818,'BAIHA BLANCA','BUENOS AIRES','ARGENTINA'),
 (353,'KLOOSTERMAN',4289,'BAIHA BLANCA','BUENOS AIRES','ARGENTINA'),
 (354,'LA PAMPA',8974,'BAIHA BLANCA','BUENOS AIRES','ARGENTINA'),
 (355,'LARREA',820,'BAIHA BLANCA','BUENOS AIRES','ARGENTINA'),
 (356,'LAS COTORRAS',14216,'BAIHA BLANCA','BUENOS AIRES','ARGENTINA'),
 (357,'LOS AROMOS',95171,'BAIHA BLANCA','BUENOS AIRES','ARGENTINA'),
 (358,'LOS NARANJOS',258,'BAIHA BLANCA','BUENOS AIRES','ARGENTINA'),
 (359,'MAPUCHE',81354,'BAIHA BLANCA','BUENOS AIRES','ARGENTINA'),
 (360,'MARTIN FIERRO',9097,'BAIHA BLANCA','BUENOS AIRES','ARGENTINA'),
 (361,'MEJICO 2',4295,'BAIHA BLANCA','BUENOS AIRES','ARGENTINA'),
 (362,'P DE ROGATIS',9445,'BAIHA BLANCA','BUENOS AIRES','ARGENTINA'),
 (363,'P VANGUAROTA',1588,'BAIHA BLANCA','BUENOS AIRES','ARGENTINA'),
 (364,'PAGO CHICO',758,'BAIHA BLANCA','BUENOS AIRES','ARGENTINA'),
 (365,'PENALOZA',6657,'BAIHA BLANCA','BUENOS AIRES','ARGENTINA'),
 (366,'PJE HUSARES',1808,'BAIHA BLANCA','BUENOS AIRES','ARGENTINA'),
 (367,'PRONSATO',5313,'BAIHA BLANCA','BUENOS AIRES','ARGENTINA'),
 (368,'QUINQUELA MARTIN',3319,'BAIHA BLANCA','BUENOS AIRES','ARGENTINA'),
 (369,'QUINTANA',3476,'BAIHA BLANCA','BUENOS AIRES','ARGENTINA'),
 (370,'RENUZ',6696,'BAIHA BLANCA','BUENOS AIRES','ARGENTINA'),
 (371,'RODAS',7528,'BAIHA BLANCA','BUENOS AIRES','ARGENTINA'),
 (372,'CALLE S N',13404,'ARRECIFES','BUENOS AIRES','ARGENTINA'),
 (373,'SALVADOR MAZZA',63420,'BAIHA BLANCA','BUENOS AIRES','ARGENTINA'),
 (374,'SAN JUAN',85200,'BAIHA BLANCA','BUENOS AIRES','ARGENTINA'),
 (375,'SAN LUIS',9551,'BAIHA BLANCA','BUENOS AIRES','ARGENTINA'),
 (376,'SANTO DOMINGO',28677,'BAIHA BLANCA','BUENOS AIRES','ARGENTINA'),
 (377,'SAUCE CHICO',1267,'BAIHA BLANCA','BUENOS AIRES','ARGENTINA'),
 (378,'SEVILLA',1378,'BAIHA BLANCA','BUENOS AIRES','ARGENTINA'),
 (379,'TIERRA DEL FUEGO',2444,'BAIHA BLANCA','BUENOS AIRES','ARGENTINA'),
 (380,'TTE DE FRAGATA LESTANI',4878,'BAIHA BLANCA','BUENOS AIRES','ARGENTINA'),
 (381,'VESPUCIO',8266,'BAIHA BLANCA','BUENOS AIRES','ARGENTINA'),
 (382,'WAICA',84909,'BAIHA BLANCA','BUENOS AIRES','ARGENTINA'),
 (383,'YEPUN',4433,'BAIHA BLANCA','BUENOS AIRES','ARGENTINA'),
 (384,'ZEBALLOS',6480,'BAIHA BLANCA','BUENOS AIRES','ARGENTINA'),
 (385,'CALLE 22',75699,'BALCARCE','BUENOS AIRES','ARGENTINA'),
 (386,'CALLE S N',6186,'BALCARCE','BUENOS AIRES','ARGENTINA'),
 (387,'PJE S N',29297,'BALCARCE','BUENOS AIRES','ARGENTINA'),
 (388,'ALBERDI',1303,'BARADERO','BUENOS AIRES','ARGENTINA'),
 (389,'CALLE S N',6347,'BARADERO','BUENOS AIRES','ARGENTINA'),
 (390,'CHANA',45975,'BARADERO','BUENOS AIRES','ARGENTINA'),
 (391,'ERNESTO CHE GUEVARA',2390,'BARADERO','BUENOS AIRES','ARGENTINA'),
 (392,'JOHN F KENNEDY',16862,'BARADERO','BUENOS AIRES','ARGENTINA'),
 (393,'CALLE 129 A',2892,'BERAZATEGUI','BUENOS AIRES','ARGENTINA'),
 (394,'MALVINAS ARGENTINAS',1054,'BARADERO','BUENOS AIRES','ARGENTINA'),
 (395,'PERITO MORENO',95185,'BARADERO','BUENOS AIRES','ARGENTINA'),
 (396,'SARMIENTO',3862,'BARADERO','BUENOS AIRES','ARGENTINA'),
 (397,'25 DE MAYO',1321,'ARRECIFES','BUENOS AIRES','ARGENTINA'),
 (398,'CALLE S N',4911,'ARRECIFES','BUENOS AIRES','ARGENTINA'),
 (399,'CALLE S N',54726,'ARRECIFES','BUENOS AIRES','ARGENTINA'),
 (400,'COSTA RICA',396,'ARRECIFES','BUENOS AIRES','ARGENTINA'),
 (401,'HORACIO BANCALARI',8458,'ARRECIFES','BUENOS AIRES','ARGENTINA'),
 (402,'SAN LUIS',60889,'ARRECIFES','BUENOS AIRES','ARGENTINA'),
 (403,'SAN PEDRO',1334,'ARRECIFES','BUENOS AIRES','ARGENTINA'),
 (404,'SARDI',61509,'ARRECIFES','BUENOS AIRES','ARGENTINA'),
 (405,'3 DE JULIO - C 51',44689,'BENITO JUAREZ','BUENOS AIRES','ARGENTINA'),
 (406,'CALLE S N',4854,'BENITO JUAREZ','BUENOS AIRES','ARGENTINA'),
 (407,'CALLE S N',4941,'BENITO JUAREZ','BUENOS AIRES','ARGENTINA'),
 (408,'CALLE S N',44347,'BENITO JUAREZ','BUENOS AIRES','ARGENTINA'),
 (409,'CORRIENTES - C 19',549,'BENITO JUAREZ','BUENOS AIRES','ARGENTINA'),
 (410,'GRL RODRIGUEZ - C 28',7069,'BENITO JUAREZ','BUENOS AIRES','ARGENTINA'),
 (411,'MARTI - C 53',2592,'BENITO JUAREZ','BUENOS AIRES','ARGENTINA'),
 (412,'SALINAS GRANDES - C 5',64077,'BENITO JUAREZ','BUENOS AIRES','ARGENTINA'),
 (413,'BARTON',11806,'BERAZATEGUI','BUENOS AIRES','ARGENTINA'),
 (414,'JOHN F KENNEDY',527,'YERBA BUENA-MARCOS PAZ','TUCUMAN','ARGENTINA'),
 (415,'CALLE 118 A',2292,'BERAZATEGUI','BUENOS AIRES','ARGENTINA'),
 (416,'CALLE 12 B',25300,'BERAZATEGUI','BUENOS AIRES','ARGENTINA'),
 (417,'CALLE 120',4509,'BERAZATEGUI','BUENOS AIRES','ARGENTINA'),
 (418,'CALLE 123 A',24832,'BERAZATEGUI','BUENOS AIRES','ARGENTINA'),
 (419,'CALLE 126',77205,'BERAZATEGUI','BUENOS AIRES','ARGENTINA'),
 (420,'CALLE 127',1498,'BERAZATEGUI','BUENOS AIRES','ARGENTINA'),
 (421,'CALLE 129 A',61175,'BERAZATEGUI','BUENOS AIRES','ARGENTINA'),
 (422,'CALLE 129 A',9403,'BERAZATEGUI','BUENOS AIRES','ARGENTINA'),
 (423,'CALLE 132 A',2818,'BERAZATEGUI','BUENOS AIRES','ARGENTINA'),
 (424,'CALLE 137 A',536,'BERAZATEGUI','BUENOS AIRES','ARGENTINA'),
 (425,'CALLE 146',66217,'BERAZATEGUI','BUENOS AIRES','ARGENTINA'),
 (426,'CALLE 152',4593,'BERAZATEGUI','BUENOS AIRES','ARGENTINA'),
 (427,'CALLE 155 A',1378,'BERAZATEGUI','BUENOS AIRES','ARGENTINA'),
 (428,'CALLE 157 A',7102,'BERAZATEGUI','BUENOS AIRES','ARGENTINA'),
 (429,'CALLE 164 A',4939,'BERAZATEGUI','BUENOS AIRES','ARGENTINA'),
 (430,'JUAN PABLO II',4977,'YERBA BUENA-MARCOS PAZ','TUCUMAN','ARGENTINA'),
 (431,'CALLE 206 B',2388,'BERAZATEGUI','BUENOS AIRES','ARGENTINA'),
 (432,'CALLE 215',47558,'BERAZATEGUI','BUENOS AIRES','ARGENTINA'),
 (433,'CALLE 27 A',3155,'BERAZATEGUI','BUENOS AIRES','ARGENTINA'),
 (434,'CALLE 28 A',75565,'BERAZATEGUI','BUENOS AIRES','ARGENTINA'),
 (435,'CALLE 29 A',4019,'BERAZATEGUI','BUENOS AIRES','ARGENTINA'),
 (436,'CALLE 309',4542,'BERAZATEGUI','BUENOS AIRES','ARGENTINA'),
 (437,'CALLE 36 A',46997,'BERAZATEGUI','BUENOS AIRES','ARGENTINA'),
 (438,'CALLE 368 B',3542,'BERAZATEGUI','BUENOS AIRES','ARGENTINA'),
 (439,'CALLE 418 A',64397,'BERAZATEGUI','BUENOS AIRES','ARGENTINA'),
 (440,'CALLE 44 A',3862,'BERAZATEGUI','BUENOS AIRES','ARGENTINA'),
 (441,'CALLE 465',57666,'BERAZATEGUI','BUENOS AIRES','ARGENTINA'),
 (442,'CALLE 535',21510,'BERAZATEGUI','BUENOS AIRES','ARGENTINA'),
 (443,'CALLE 616 A',3264,'BERAZATEGUI','BUENOS AIRES','ARGENTINA'),
 (444,'RAMON CORTEZ',3135,'USHUAIA','TIERRA DEL FUEGO','ARGENTINA'),
 (445,'CALLE 621 A',1710,'BERAZATEGUI','BUENOS AIRES','ARGENTINA'),
 (446,'CALLE 63 A',2828,'BERAZATEGUI','BUENOS AIRES','ARGENTINA'),
 (447,'CALLE 638',23507,'BERAZATEGUI','BUENOS AIRES','ARGENTINA'),
 (448,'CALLE 770',7903,'BERAZATEGUI','BUENOS AIRES','ARGENTINA'),
 (449,'CALLE S N',60537,'BERAZATEGUI','BUENOS AIRES','ARGENTINA'),
 (450,'CALLE S N',72229,'BERAZATEGUI','BUENOS AIRES','ARGENTINA'),
 (451,'TRANSPORTE PATAGONIA',18930,'USHUAIA','TIERRA DEL FUEGO','ARGENTINA'),
 (452,'PASILLO A',76770,'BERAZATEGUI','BUENOS AIRES','ARGENTINA'),
 (453,'AV EVA PERON',26810,'BERAZATEGUI','BUENOS AIRES','ARGENTINA'),
 (454,'169 MARSELLA',42296,'BERISSO','BUENOS AIRES','ARGENTINA'),
 (455,'175 SAAVEDRA',3220,'BERISSO','BUENOS AIRES','ARGENTINA'),
 (456,'CALLE N 5',2440,'BERISSO','BUENOS AIRES','ARGENTINA'),
 (457,'CALLE N 70',3782,'BERISSO','BUENOS AIRES','ARGENTINA'),
 (458,'CALLE S N',2460,'BERISSO','BUENOS AIRES','ARGENTINA'),
 (459,'CALLE S N',61327,'BERISSO','BUENOS AIRES','ARGENTINA'),
 (460,'LOS MOLLES',2203,'BERISSO','BUENOS AIRES','ARGENTINA'),
 (461,'PJE S N',21029,'BERISSO','BUENOS AIRES','ARGENTINA'),
 (462,'ALVEAR',34571,'SAN CARLOS DE BOLIVAR','BUENOS AIRES','ARGENTINA'),
 (463,'CALLE 11',52875,'SAN CARLOS DE BOLIVAR','BUENOS AIRES','ARGENTINA'),
 (464,'CALLE 3',7958,'SAN CARLOS DE BOLIVAR','BUENOS AIRES','ARGENTINA'),
 (465,'CALLE S N',3880,'SAN CARLOS DE BOLIVAR','BUENOS AIRES','ARGENTINA'),
 (466,'CALLE S N',1151,'SAN CARLOS DE BOLIVAR','BUENOS AIRES','ARGENTINA'),
 (467,'A SELPA',4867,'BRAGADO','BUENOS AIRES','ARGENTINA'),
 (468,'COMANDANTE AGUILERA',337,'BRAGADO','BUENOS AIRES','ARGENTINA'),
 (469,'DEL CAMPO',22209,'BRAGADO','BUENOS AIRES','ARGENTINA'),
 (470,'GUIDO',230,'BRAGADO','BUENOS AIRES','ARGENTINA'),
 (471,'LOS TILOS',4229,'BRAGADO','BUENOS AIRES','ARGENTINA'),
 (472,'MAXIMO FERNANDEZ',45910,'BRAGADO','BUENOS AIRES','ARGENTINA'),
 (473,'PJE S N',900,'BRAGADO','BUENOS AIRES','ARGENTINA'),
 (474,'RIO DE LA PLATA',1902,'BRAGADO','BUENOS AIRES','ARGENTINA'),
 (475,'RIO URUGUAY',2629,'BRAGADO','BUENOS AIRES','ARGENTINA'),
 (476,'USHUAIA',2990,'BRAGADO','BUENOS AIRES','ARGENTINA'),
 (477,'VICTORIA OCAMPO',987,'BRAGADO','BUENOS AIRES','ARGENTINA'),
 (478,'ALEXANDER G BELL',81521,'CORONEL BRANDSEN','BUENOS AIRES','ARGENTINA'),
 (479,'BRASIL',4508,'CORONEL BRANDSEN','BUENOS AIRES','ARGENTINA'),
 (480,'BALCARCE',1655,'CORONEL BRANDSEN','BUENOS AIRES','ARGENTINA'),
 (481,'CALLE 1',99589,'CORONEL BRANDSEN','BUENOS AIRES','ARGENTINA'),
 (482,'CALLE 22',59373,'CORONEL BRANDSEN','BUENOS AIRES','ARGENTINA'),
 (483,'CALLE S N',4934,'CORONEL BRANDSEN','BUENOS AIRES','ARGENTINA'),
 (484,'EMILIO DIAZ ARANO',89416,'CORONEL BRANDSEN','BUENOS AIRES','ARGENTINA'),
 (485,'LOPEZ SECO',8586,'CORONEL BRANDSEN','BUENOS AIRES','ARGENTINA'),
 (486,'PJE S N',7941,'CORONEL BRANDSEN','BUENOS AIRES','ARGENTINA'),
 (487,'PROF ELENA URQUIJO',1752,'CORONEL BRANDSEN','BUENOS AIRES','ARGENTINA'),
 (488,'T FERGUSON',15095,'CORONEL BRANDSEN','BUENOS AIRES','ARGENTINA'),
 (489,'26 DE NOVIEMBRE',2014,'CAMPANA','BUENOS AIRES','ARGENTINA'),
 (490,'ALBERTO ARMESTO',31258,'CAMPANA','BUENOS AIRES','ARGENTINA'),
 (491,'BALDRICH',1197,'CAMPANA','BUENOS AIRES','ARGENTINA'),
 (492,'GUACHIPAS',5147,'CORDOBA','CORDOBA','ARGENTINA'),
 (493,'MANUEL PINO',94158,'CORDOBA','CORDOBA','ARGENTINA'),
 (494,'AV PTE QUINTANA',266,'CIUDAD AUTONOMA DE BUENOS AIRES','CIUDAD AUTONOMA DE BUENOS AIRES','ARGENTINA'),
 (495,'BASAVILBASO',2891,'CIUDAD AUTONOMA DE BUENOS AIRES','CIUDAD AUTONOMA DE BUENOS AIRES','ARGENTINA'),
 (496,'AIME PAINE',61358,'CIUDAD AUTONOMA DE BUENOS AIRES','CIUDAD AUTONOMA DE BUENOS AIRES','ARGENTINA'),
 (497,'CALLE S N',4947,'CIUDAD AUTONOMA DE BUENOS AIRES','CIUDAD AUTONOMA DE BUENOS AIRES','ARGENTINA'),
 (498,'PEDRO BONACCIO',274,'FORMOSA','FORMOSA','ARGENTINA'),
 (499,'CORONEL BOGADO',1000,'FORMOSA','FORMOSA','ARGENTINA'),
 (500,'YUNKA',2021,'FORMOSA','FORMOSA','ARGENTINA');
COMMIT;
