--Primera Problematica
--1er item

CREATE TABLE IF NOT EXISTS "tipo_cliente" (
    "tipo_cliente_id"    INTEGER NOT NULL,
    "tipo_cliente_nombre"    TEXT NOT NULL,
    PRIMARY KEY("tipo_cliente_id" AUTOINCREMENT)
);
INSERT INTO "tipo_cliente" ("tipo_cliente_id","tipo_cliente_nombre") VALUES 
 (1,'CLASSIC'),
 (2,'GOLD'),
 (3,'BLACK');
 
 CREATE TABLE IF NOT EXISTS "tipo_cuenta" (
    "tipo_cuenta_id"    INTEGER NOT NULL,
    "tipo_cuenta_nombre"    TEXT nor,
    PRIMARY KEY('tipo_cuenta_id' AUTOINCREMENT)
);
INSERT INTO "tipo_cuenta" ("tipo_cuenta_id","tipo_cuenta_nombre") VALUES 
 (1,'CAJA DE AHORRO EN PESOS'),
 (2,'CAJA DE AHORRO EN DOLARES'),
 (3,'CUENTA CORRIENTE');
 
CREATE TABLE IF NOT EXISTS "marca_tarjeta" (
    "marca_tarjeta_id"    INTEGER NOT NULL,
    "marca_tarjeta_nombre"    TEXT nor,
    PRIMARY KEY('marca_tarjeta_id' AUTOINCREMENT)
);
INSERT INTO "marca_tarjeta" ("marca_tarjeta_id","marca_tarjeta_nombre") VALUES 
 (1,'MASTERCARD'),
 (2,'VISA');
 
 --2do item
CREATE TABLE IF NOT EXISTS "tarjeta" (
    "tarjeta_id"    INTEGER NOT NULL,
    "tarjeta_numero"    varchar(20),
    "tarjeta_cvv"    varchar(3),
    "tarjeta_fecha_otorgamiento"   TEXT,
    "tarjeta_fecha_expiracion"    TEXT,
    PRIMARY KEY("tarjeta_id" AUTOINCREMENT)
);

--3er item
CREATE TABLE IF NOT EXISTS "tarjeta_tipo_marca" (
	"tarjeta_tipo_marca_id"	INTEGER NOT NULL,
	"tarjeta_id"	INTEGER NOT NULL,
	"tipo_tarjeta_id"	INTEGER NOT NULL,
	"marca_tarjeta_id"	INTEGER NOT NULL,
	PRIMARY KEY('tarjeta_tipo_marca_id' AUTOINCREMENT),
	FOREIGN KEY("tarjeta_id") REFERENCES "tarjeta"("tarjeta_id"),
	FOREIGN KEY("tipo_tarjeta_id") REFERENCES "tipo_tarjeta"("tipo_tarjeta_id"),
	FOREIGN KEY("marca_tarjeta_id") REFERENCES "marca_tarjeta"("marca_tarjeta_id")
);
INSERT INTO "tarjeta_tipo_marca" ("tarjeta_tipo_marca_id","tarjeta_id","tipo_tarjeta_id","marca_tarjeta_id") VALUES (1,1,2,1),
 (2,2,2,2),
 (3,3,2,2),
 (4,4,2,2),
 (5,5,2,1),
 (6,6,2,1),
 (7,7,2,2),
 (8,8,2,2),
 (9,9,2,1),
 (10,10,2,1),
 (11,11,2,1),
 (12,12,2,1),
 (13,13,2,1),
 (14,14,2,1),
 (15,15,2,2),
 (16,16,2,2),
 (17,17,2,2),
 (18,18,2,1),
 (19,19,2,1),
 (20,20,2,2),
 (21,21,2,2),
 (22,22,2,2),
 (23,23,2,1),
 (24,24,2,1),
 (25,25,2,2),
 (26,26,2,1),
 (27,27,2,2),
 (28,28,2,1),
 (29,29,2,2),
 (30,30,2,2),
 (31,31,2,2),
 (32,32,2,1),
 (33,33,2,1),
 (34,34,2,2),
 (35,35,2,1),
 (36,36,2,1),
 (37,37,2,1),
 (38,38,2,1),
 (39,39,2,2),
 (40,40,2,2),
 (41,41,2,1),
 (42,42,2,2),
 (43,43,2,1),
 (44,44,2,1),
 (45,45,2,1),
 (46,46,2,2),
 (47,47,2,2),
 (48,48,2,1),
 (49,49,2,1),
 (50,50,2,1),
 (51,51,2,2),
 (52,52,2,1),
 (53,53,2,1),
 (54,54,2,2),
 (55,55,2,1),
 (56,56,2,1),
 (57,57,2,1),
 (58,58,2,1),
 (59,59,2,2),
 (60,60,2,2),
 (61,61,2,1),
 (62,62,2,2),
 (63,63,2,1),
 (64,64,2,2),
 (65,65,2,1),
 (66,66,2,1),
 (67,67,2,1),
 (68,68,2,1),
 (69,69,2,2),
 (70,70,2,1),
 (71,71,2,1),
 (72,72,2,1),
 (73,73,2,2),
 (74,74,2,2),
 (75,75,2,1),
 (76,76,2,2),
 (77,77,2,2),
 (78,78,2,1),
 (79,79,2,1),
 (80,80,2,1),
 (81,81,2,1),
 (82,82,2,1),
 (83,83,2,2),
 (84,84,2,1),
 (85,85,2,1),
 (86,86,2,1),
 (87,87,2,2),
 (88,88,2,1),
 (89,89,2,1),
 (90,90,2,1),
 (91,91,2,2),
 (92,92,2,2),
 (93,93,2,2),
 (94,94,2,2),
 (95,95,2,1),
 (96,96,2,2),
 (97,97,2,2),
 (98,98,2,2),
 (99,99,2,1),
 (100,100,2,2),
 (101,101,2,1),
 (102,102,2,1),
 (103,103,2,1),
 (104,104,2,1),
 (105,105,2,2),
 (106,106,2,2),
 (107,107,2,1),
 (108,108,2,2),
 (109,109,2,1),
 (110,110,2,2),
 (111,111,2,1),
 (112,112,2,1),
 (113,113,2,1),
 (114,114,2,2),
 (115,115,2,1),
 (116,116,2,2),
 (117,117,2,1),
 (118,118,2,1),
 (119,119,2,2),
 (120,120,2,1),
 (121,121,2,2),
 (122,122,2,2),
 (123,123,2,1),
 (124,124,2,2),
 (125,125,2,1),
 (126,126,2,1),
 (127,127,2,1),
 (128,128,2,2),
 (129,129,2,1),
 (130,130,2,2),
 (131,131,2,1),
 (132,132,2,1),
 (133,133,2,1),
 (134,134,2,2),
 (135,135,2,2),
 (136,136,2,2),
 (137,137,2,1),
 (138,138,2,2),
 (139,139,2,2),
 (140,140,2,1),
 (141,141,2,2),
 (142,142,2,2),
 (143,143,2,2),
 (144,144,2,1),
 (145,145,2,1),
 (146,146,2,2),
 (147,147,2,1),
 (148,148,2,1),
 (149,149,2,2),
 (150,150,2,1),
 (151,151,2,2),
 (152,152,2,2),
 (153,153,2,1),
 (154,154,2,2),
 (155,155,2,1),
 (156,156,2,2),
 (157,157,2,2),
 (158,158,2,2),
 (159,159,2,2),
 (160,160,2,1),
 (161,161,2,2),
 (162,162,2,2),
 (163,163,2,1),
 (164,164,2,1),
 (165,165,2,2),
 (166,166,2,2),
 (167,167,2,1),
 (168,168,2,1),
 (169,169,2,2),
 (170,170,2,1),
 (171,171,2,1),
 (172,172,2,2),
 (173,173,2,1),
 (174,174,2,1),
 (175,175,2,1),
 (176,176,2,2),
 (177,177,2,2),
 (178,178,2,2),
 (179,179,2,2),
 (180,180,2,2),
 (181,181,2,1),
 (182,182,2,2),
 (183,183,2,2),
 (184,184,2,1),
 (185,185,2,1),
 (186,186,2,1),
 (187,187,2,1),
 (188,188,2,2),
 (189,189,2,2),
 (190,190,2,1),
 (191,191,2,1),
 (192,192,2,2),
 (193,193,2,1),
 (194,194,2,2),
 (195,195,2,1),
 (196,196,2,2),
 (197,197,2,2),
 (198,198,2,2),
 (199,199,2,1),
 (200,200,2,1),
 (201,201,2,1),
 (202,202,2,2),
 (203,203,2,2),
 (204,204,2,1),
 (205,205,2,2),
 (206,206,2,1),
 (207,207,2,2),
 (208,208,2,2),
 (209,209,2,1),
 (210,210,2,2),
 (211,211,2,1),
 (212,212,2,1),
 (213,213,2,1),
 (214,214,2,1),
 (215,215,2,2),
 (216,216,2,1),
 (217,217,2,2),
 (218,218,2,2),
 (219,219,2,1),
 (220,220,2,1),
 (221,221,2,1),
 (222,222,2,1),
 (223,223,2,2),
 (224,224,2,2),
 (225,225,2,2),
 (226,226,2,2),
 (227,227,2,1),
 (228,228,2,1),
 (229,229,2,2),
 (230,230,2,2),
 (231,231,2,2),
 (232,232,2,2),
 (233,233,2,1),
 (234,234,2,1),
 (235,235,2,2),
 (236,236,2,1),
 (237,237,2,2),
 (238,238,2,1),
 (239,239,2,2),
 (240,240,2,1),
 (241,241,2,1),
 (242,242,2,2),
 (243,243,2,2),
 (244,244,2,2),
 (245,245,2,1),
 (246,246,2,2),
 (247,247,2,1),
 (248,248,2,2),
 (249,249,2,2),
 (250,250,2,1),
 (251,251,2,1),
 (252,252,2,2),
 (253,253,2,1),
 (254,254,2,1),
 (255,255,2,2),
 (256,256,2,1),
 (257,257,2,1),
 (258,258,2,2),
 (259,259,2,1),
 (260,260,2,1),
 (261,261,2,2),
 (262,262,2,2),
 (263,263,2,2),
 (264,264,2,1),
 (265,265,2,2),
 (266,266,2,1),
 (267,267,2,2),
 (268,268,2,2),
 (269,269,2,2),
 (270,270,2,2),
 (271,271,2,2),
 (272,272,2,2),
 (273,273,2,2),
 (274,274,2,1),
 (275,275,2,2),
 (276,276,2,1),
 (277,277,2,1),
 (278,278,2,1),
 (279,279,2,1),
 (280,280,2,2),
 (281,281,2,2),
 (282,282,2,2),
 (283,283,2,1),
 (284,284,2,1),
 (285,285,2,2),
 (286,286,2,1),
 (287,287,2,2),
 (288,288,2,2),
 (289,289,2,1),
 (290,290,2,1),
 (291,291,2,2),
 (292,292,2,2),
 (293,293,2,1),
 (294,294,2,2),
 (295,295,2,1),
 (296,296,2,2),
 (297,297,2,1),
 (298,298,2,1),
 (299,299,2,2),
 (300,300,2,1),
 (301,301,2,1),
 (302,302,2,2),
 (303,303,2,2),
 (304,304,2,1),
 (305,305,2,2),
 (306,306,2,1),
 (307,307,2,2),
 (308,308,2,2),
 (309,309,2,2),
 (310,310,2,2),
 (311,311,2,1),
 (312,312,2,1),
 (313,313,2,1),
 (314,314,2,1),
 (315,315,2,2),
 (316,316,2,2),
 (317,317,2,1),
 (318,318,2,1),
 (319,319,2,2),
 (320,320,2,2),
 (321,321,2,1),
 (322,322,2,2),
 (323,323,2,1),
 (324,324,2,2),
 (325,325,2,1),
 (326,326,2,2),
 (327,327,2,2),
 (328,328,2,2),
 (329,329,2,1),
 (330,330,2,1),
 (331,331,2,1),
 (332,332,2,1),
 (333,333,2,1),
 (334,334,2,2),
 (335,335,2,2),
 (336,336,2,2),
 (337,337,2,2),
 (338,338,2,2),
 (339,339,2,1),
 (340,340,2,1),
 (341,341,2,1),
 (342,342,2,2),
 (343,343,2,1),
 (344,344,2,1),
 (345,345,2,2),
 (346,346,2,1),
 (347,347,2,1),
 (348,348,2,1),
 (349,349,2,2),
 (350,350,2,1),
 (351,351,2,1),
 (352,352,2,1),
 (353,353,2,2),
 (354,354,2,1),
 (355,355,2,2),
 (356,356,2,1),
 (357,357,2,1),
 (358,358,2,2),
 (359,359,2,1),
 (360,360,2,2),
 (361,361,2,1),
 (362,362,2,2),
 (363,363,2,1),
 (364,364,2,2),
 (365,365,2,1),
 (366,366,2,1),
 (367,367,2,1),
 (368,368,2,1),
 (369,369,2,2),
 (370,370,2,1),
 (371,371,2,2),
 (372,372,2,1),
 (373,373,2,1),
 (374,374,2,1),
 (375,375,2,1),
 (376,376,2,1),
 (377,377,2,2),
 (378,378,2,2),
 (379,379,2,1),
 (380,380,2,1),
 (381,381,2,1),
 (382,382,2,1),
 (383,383,2,1),
 (384,384,2,2),
 (385,385,2,2),
 (386,386,2,2),
 (387,387,2,1),
 (388,388,2,1),
 (389,389,2,1),
 (390,390,2,1),
 (391,391,2,2),
 (392,392,2,1),
 (393,393,2,1),
 (394,394,2,1),
 (395,395,2,1),
 (396,396,2,2),
 (397,397,2,2),
 (398,398,2,1),
 (399,399,2,2),
 (400,400,2,2),
 (401,401,2,2),
 (402,402,2,2),
 (403,403,2,2),
 (404,404,2,2),
 (405,405,2,1),
 (406,406,2,1),
 (407,407,2,1),
 (408,408,2,1),
 (409,409,2,1),
 (410,410,2,2),
 (411,411,2,2),
 (412,412,2,2),
 (413,413,2,1),
 (414,414,2,1),
 (415,415,2,2),
 (416,416,2,1),
 (417,417,2,2),
 (418,418,2,2),
 (419,419,2,1),
 (420,420,2,1),
 (421,421,2,2),
 (422,422,2,2),
 (423,423,2,2),
 (424,424,2,2),
 (425,425,2,1),
 (426,426,2,1),
 (427,427,2,2),
 (428,428,2,1),
 (429,429,2,1),
 (430,430,2,1),
 (431,431,2,1),
 (432,432,2,1),
 (433,433,2,1),
 (434,434,2,1),
 (435,435,2,2),
 (436,436,2,2),
 (437,437,2,2),
 (438,438,2,2),
 (439,439,2,1),
 (440,440,2,1),
 (441,441,2,2),
 (442,442,2,1),
 (443,443,2,2),
 (444,444,2,1),
 (445,445,2,2),
 (446,446,2,1),
 (447,447,2,1),
 (448,448,2,1),
 (449,449,2,1),
 (450,450,2,2),
 (451,451,2,1),
 (452,452,2,2),
 (453,453,2,2),
 (454,454,2,1),
 (455,455,2,2),
 (456,456,2,2),
 (457,457,2,2),
 (458,458,2,2),
 (459,459,2,1),
 (460,460,2,2),
 (461,461,2,1),
 (462,462,2,2),
 (463,463,2,2),
 (464,464,2,2),
 (465,465,2,2),
 (466,466,2,1),
 (467,467,2,2),
 (468,468,2,1),
 (469,469,2,2),
 (470,470,2,1),
 (471,471,2,1),
 (472,472,2,2),
 (473,473,2,1),
 (474,474,2,1),
 (475,475,2,2),
 (476,476,2,1),
 (477,477,2,2),
 (478,478,2,1),
 (479,479,2,2),
 (480,480,2,2),
 (481,481,2,2),
 (482,482,2,2),
 (483,483,2,2),
 (484,484,2,1),
 (485,485,2,1),
 (486,486,2,1),
 (487,487,2,1),
 (488,488,2,1),
 (489,489,2,2),
 (490,490,2,2),
 (491,491,2,2),
 (492,492,2,2),
 (493,493,2,1),
 (494,494,2,2),
 (495,495,2,1),
 (496,496,2,2),
 (497,497,2,1),
 (498,498,2,2),
 (499,499,2,1),
 (500,500,2,2);

--4to item
CREATE TABLE IF NOT EXISTS "cliente_cuenta_tipo_tarjeta" (
	"cliente_cuenta_tipo_tarjeta_id"	INTEGER NOT NULL,
	"customer_id"	INTEGER NOT NULL,
	"tipo_cliente_id"	INTEGER NOT NULL,
	"caja_pesos"	INTEGER NOT NULL,
	"caja_dolares"	INTEGER NOT NULL,
	"caja_ahorro"	INTEGER NOT NULL,
	"tarjeta_tipo_marca_id"	INTEGER NOT NULL,
	FOREIGN KEY("customer_id") REFERENCES "cliente"("customer_id"),
	FOREIGN KEY("tarjeta_tipo_marca_id") REFERENCES "tarjeta_tipo_marca"("tarjeta_tipo_marca_id"),
	FOREIGN KEY("tipo_cliente_id") REFERENCES "tipo_cliente"("tipo_cliente_id"),
	PRIMARY KEY("cliente_cuenta_tipo_tarjeta_id" AUTOINCREMENT)
);
INSERT INTO "cliente_cuenta_tipo_tarjeta" ("cliente_cuenta_tipo_tarjeta_id","customer_id","tipo_cliente_id","caja_pesos","caja_dolares","caja_ahorro","tarjeta_tipo_marca_id") VALUES (1,1,1,1,0,1,1),
 (2,2,2,1,1,1,2),
 (3,3,3,1,1,1,3),
 (4,4,1,1,0,1,4),
 (5,5,2,1,1,1,5),
 (6,6,3,1,1,1,6),
 (7,7,1,1,0,1,7),
 (8,8,2,1,1,1,8),
 (9,9,3,1,1,1,9),
 (10,10,1,1,0,1,10),
 (11,11,2,1,1,1,11),
 (12,12,3,1,1,1,12),
 (13,13,1,1,0,1,13),
 (14,14,2,1,1,1,14),
 (15,15,3,1,1,1,15),
 (16,16,1,1,0,1,16),
 (17,17,2,1,1,1,17),
 (18,18,3,1,1,1,18),
 (19,19,1,1,0,1,19),
 (20,20,2,1,1,1,20),
 (21,21,3,1,1,1,21),
 (22,22,1,1,0,1,22),
 (23,23,2,1,1,1,23),
 (24,24,3,1,1,1,24),
 (25,25,1,1,0,1,25),
 (26,26,2,1,1,1,26),
 (27,27,3,1,1,1,27),
 (28,28,1,1,0,1,28),
 (29,29,2,1,1,1,29),
 (30,30,3,1,1,1,30),
 (31,31,1,1,0,1,31),
 (32,32,2,1,1,1,32),
 (33,33,3,1,1,1,33),
 (34,34,1,1,0,1,34),
 (35,35,2,1,1,1,35),
 (36,36,3,1,1,1,36),
 (37,37,1,1,0,1,37),
 (38,38,2,1,1,1,38),
 (39,39,3,1,1,1,39),
 (40,40,1,1,0,1,40),
 (41,41,2,1,1,1,41),
 (42,42,3,1,1,1,42),
 (43,43,1,1,0,1,43),
 (44,44,2,1,1,1,44),
 (45,45,3,1,1,1,45),
 (46,46,1,1,0,1,46),
 (47,47,2,1,1,1,47),
 (48,48,3,1,1,1,48),
 (49,49,1,1,0,1,49),
 (50,50,2,1,1,1,50),
 (51,51,3,1,1,1,51),
 (52,52,1,1,0,1,52),
 (53,53,2,1,1,1,53),
 (54,54,3,1,1,1,54),
 (55,55,1,1,0,1,55),
 (56,56,2,1,1,1,56),
 (57,57,3,1,1,1,57),
 (58,58,1,1,0,1,58),
 (59,59,2,1,1,1,59),
 (60,60,3,1,1,1,60),
 (61,61,1,1,0,1,61),
 (62,62,2,1,1,1,62),
 (63,63,3,1,1,1,63),
 (64,64,1,1,0,1,64),
 (65,65,2,1,1,1,65),
 (66,66,3,1,1,1,66),
 (67,67,1,1,0,1,67),
 (68,68,2,1,1,1,68),
 (69,69,3,1,1,1,69),
 (70,70,1,1,0,1,70),
 (71,71,2,1,1,1,71),
 (72,72,3,1,1,1,72),
 (73,73,1,1,0,1,73),
 (74,74,2,1,1,1,74),
 (75,75,3,1,1,1,75),
 (76,76,1,1,0,1,76),
 (77,77,2,1,1,1,77),
 (78,78,3,1,1,1,78),
 (79,79,1,1,0,1,79),
 (80,80,2,1,1,1,80),
 (81,81,3,1,1,1,81),
 (82,82,1,1,0,1,82),
 (83,83,2,1,1,1,83),
 (84,84,3,1,1,1,84),
 (85,85,1,1,0,1,85),
 (86,86,2,1,1,1,86),
 (87,87,3,1,1,1,87),
 (88,88,1,1,0,1,88),
 (89,89,2,1,1,1,89),
 (90,90,3,1,1,1,90),
 (91,91,1,1,0,1,91),
 (92,92,2,1,1,1,92),
 (93,93,3,1,1,1,93),
 (94,94,1,1,0,1,94),
 (95,95,2,1,1,1,95),
 (96,96,3,1,1,1,96),
 (97,97,1,1,0,1,97),
 (98,98,2,1,1,1,98),
 (99,99,3,1,1,1,99),
 (100,100,1,1,0,1,100),
 (101,101,2,1,1,1,101),
 (102,102,3,1,1,1,102),
 (103,103,1,1,0,1,103),
 (104,104,2,1,1,1,104),
 (105,105,3,1,1,1,105),
 (106,106,1,1,0,1,106),
 (107,107,2,1,1,1,107),
 (108,108,3,1,1,1,108),
 (109,109,1,1,0,1,109),
 (110,110,2,1,1,1,110),
 (111,111,3,1,1,1,111),
 (112,112,1,1,0,1,112),
 (113,113,2,1,1,1,113),
 (114,114,3,1,1,1,114),
 (115,115,1,1,0,1,115),
 (116,116,2,1,1,1,116),
 (117,117,3,1,1,1,117),
 (118,118,1,1,0,1,118),
 (119,119,2,1,1,1,119),
 (120,120,3,1,1,1,120),
 (121,121,1,1,0,1,121),
 (122,122,2,1,1,1,122),
 (123,123,3,1,1,1,123),
 (124,124,1,1,0,1,124),
 (125,125,2,1,1,1,125),
 (126,126,3,1,1,1,126),
 (127,127,1,1,0,1,127),
 (128,128,2,1,1,1,128),
 (129,129,3,1,1,1,129),
 (130,130,1,1,0,1,130),
 (131,131,2,1,1,1,131),
 (132,132,3,1,1,1,132),
 (133,133,1,1,0,1,133),
 (134,134,2,1,1,1,134),
 (135,135,3,1,1,1,135),
 (136,136,1,1,0,1,136),
 (137,137,2,1,1,1,137),
 (138,138,3,1,1,1,138),
 (139,139,1,1,0,1,139),
 (140,140,2,1,1,1,140),
 (141,141,3,1,1,1,141),
 (142,142,1,1,0,1,142),
 (143,143,2,1,1,1,143),
 (144,144,3,1,1,1,144),
 (145,145,1,1,0,1,145),
 (146,146,2,1,1,1,146),
 (147,147,3,1,1,1,147),
 (148,148,1,1,0,1,148),
 (149,149,2,1,1,1,149),
 (150,150,3,1,1,1,150),
 (151,151,1,1,0,1,151),
 (152,152,2,1,1,1,152),
 (153,153,3,1,1,1,153),
 (154,154,1,1,0,1,154),
 (155,155,2,1,1,1,155),
 (156,156,3,1,1,1,156),
 (157,157,1,1,0,1,157),
 (158,158,2,1,1,1,158),
 (159,159,3,1,1,1,159),
 (160,160,1,1,0,1,160),
 (161,161,2,1,1,1,161),
 (162,162,3,1,1,1,162),
 (163,163,1,1,0,1,163),
 (164,164,2,1,1,1,164),
 (165,165,3,1,1,1,165),
 (166,166,1,1,0,1,166),
 (167,167,2,1,1,1,167),
 (168,168,3,1,1,1,168),
 (169,169,1,1,0,1,169),
 (170,170,2,1,1,1,170),
 (171,171,3,1,1,1,171),
 (172,172,1,1,0,1,172),
 (173,173,2,1,1,1,173),
 (174,174,3,1,1,1,174),
 (175,175,1,1,0,1,175),
 (176,176,2,1,1,1,176),
 (177,177,3,1,1,1,177),
 (178,178,1,1,0,1,178),
 (179,179,2,1,1,1,179),
 (180,180,3,1,1,1,180),
 (181,181,1,1,0,1,181),
 (182,182,2,1,1,1,182),
 (183,183,3,1,1,1,183),
 (184,184,1,1,0,1,184),
 (185,185,2,1,1,1,185),
 (186,186,3,1,1,1,186),
 (187,187,1,1,0,1,187),
 (188,188,2,1,1,1,188),
 (189,189,3,1,1,1,189),
 (190,190,1,1,0,1,190),
 (191,191,2,1,1,1,191),
 (192,192,3,1,1,1,192),
 (193,193,1,1,0,1,193),
 (194,194,2,1,1,1,194),
 (195,195,3,1,1,1,195),
 (196,196,1,1,0,1,196),
 (197,197,2,1,1,1,197),
 (198,198,3,1,1,1,198),
 (199,199,1,1,0,1,199),
 (200,200,2,1,1,1,200),
 (201,201,3,1,1,1,201),
 (202,202,1,1,0,1,202),
 (203,203,2,1,1,1,203),
 (204,204,3,1,1,1,204),
 (205,205,1,1,0,1,205),
 (206,206,2,1,1,1,206),
 (207,207,3,1,1,1,207),
 (208,208,1,1,0,1,208),
 (209,209,2,1,1,1,209),
 (210,210,3,1,1,1,210),
 (211,211,1,1,0,1,211),
 (212,212,2,1,1,1,212),
 (213,213,3,1,1,1,213),
 (214,214,1,1,0,1,214),
 (215,215,2,1,1,1,215),
 (216,216,3,1,1,1,216),
 (217,217,1,1,0,1,217),
 (218,218,2,1,1,1,218),
 (219,219,3,1,1,1,219),
 (220,220,1,1,0,1,220),
 (221,221,2,1,1,1,221),
 (222,222,3,1,1,1,222),
 (223,223,1,1,0,1,223),
 (224,224,2,1,1,1,224),
 (225,225,3,1,1,1,225),
 (226,226,1,1,0,1,226),
 (227,227,2,1,1,1,227),
 (228,228,3,1,1,1,228),
 (229,229,1,1,0,1,229),
 (230,230,2,1,1,1,230),
 (231,231,3,1,1,1,231),
 (232,232,1,1,0,1,232),
 (233,233,2,1,1,1,233),
 (234,234,3,1,1,1,234),
 (235,235,1,1,0,1,235),
 (236,236,2,1,1,1,236),
 (237,237,3,1,1,1,237),
 (238,238,1,1,0,1,238),
 (239,239,2,1,1,1,239),
 (240,240,3,1,1,1,240),
 (241,241,1,1,0,1,241),
 (242,242,2,1,1,1,242),
 (243,243,3,1,1,1,243),
 (244,244,1,1,0,1,244),
 (245,245,2,1,1,1,245),
 (246,246,3,1,1,1,246),
 (247,247,1,1,0,1,247),
 (248,248,2,1,1,1,248),
 (249,249,3,1,1,1,249),
 (250,250,1,1,0,1,250),
 (251,251,2,1,1,1,251),
 (252,252,3,1,1,1,252),
 (253,253,1,1,0,1,253),
 (254,254,2,1,1,1,254),
 (255,255,3,1,1,1,255),
 (256,256,1,1,0,1,256),
 (257,257,2,1,1,1,257),
 (258,258,3,1,1,1,258),
 (259,259,1,1,0,1,259),
 (260,260,2,1,1,1,260),
 (261,261,3,1,1,1,261),
 (262,262,1,1,0,1,262),
 (263,263,2,1,1,1,263),
 (264,264,3,1,1,1,264),
 (265,265,1,1,0,1,265),
 (266,266,2,1,1,1,266),
 (267,267,3,1,1,1,267),
 (268,268,1,1,0,1,268),
 (269,269,2,1,1,1,269),
 (270,270,3,1,1,1,270),
 (271,271,1,1,0,1,271),
 (272,272,2,1,1,1,272),
 (273,273,3,1,1,1,273),
 (274,274,1,1,0,1,274),
 (275,275,2,1,1,1,275),
 (276,276,3,1,1,1,276),
 (277,277,1,1,0,1,277),
 (278,278,2,1,1,1,278),
 (279,279,3,1,1,1,279),
 (280,280,1,1,0,1,280),
 (281,281,2,1,1,1,281),
 (282,282,3,1,1,1,282),
 (283,283,1,1,0,1,283),
 (284,284,2,1,1,1,284),
 (285,285,3,1,1,1,285),
 (286,286,1,1,0,1,286),
 (287,287,2,1,1,1,287),
 (288,288,3,1,1,1,288),
 (289,289,1,1,0,1,289),
 (290,290,2,1,1,1,290),
 (291,291,3,1,1,1,291),
 (292,292,1,1,0,1,292),
 (293,293,2,1,1,1,293),
 (294,294,3,1,1,1,294),
 (295,295,1,1,0,1,295),
 (296,296,2,1,1,1,296),
 (297,297,3,1,1,1,297),
 (298,298,1,1,0,1,298),
 (299,299,2,1,1,1,299),
 (300,300,3,1,1,1,300),
 (301,301,1,1,0,1,301),
 (302,302,2,1,1,1,302),
 (303,303,3,1,1,1,303),
 (304,304,1,1,0,1,304),
 (305,305,2,1,1,1,305),
 (306,306,3,1,1,1,306),
 (307,307,1,1,0,1,307),
 (308,308,2,1,1,1,308),
 (309,309,3,1,1,1,309),
 (310,310,1,1,0,1,310),
 (311,311,2,1,1,1,311),
 (312,312,3,1,1,1,312),
 (313,313,1,1,0,1,313),
 (314,314,2,1,1,1,314),
 (315,315,3,1,1,1,315),
 (316,316,1,1,0,1,316),
 (317,317,2,1,1,1,317),
 (318,318,3,1,1,1,318),
 (319,319,1,1,0,1,319),
 (320,320,2,1,1,1,320),
 (321,321,3,1,1,1,321),
 (322,322,1,1,0,1,322),
 (323,323,2,1,1,1,323),
 (324,324,3,1,1,1,324),
 (325,325,1,1,0,1,325),
 (326,326,2,1,1,1,326),
 (327,327,3,1,1,1,327),
 (328,328,1,1,0,1,328),
 (329,329,2,1,1,1,329),
 (330,330,3,1,1,1,330),
 (331,331,1,1,0,1,331),
 (332,332,2,1,1,1,332),
 (333,333,3,1,1,1,333),
 (334,334,1,1,0,1,334),
 (335,335,2,1,1,1,335),
 (336,336,3,1,1,1,336),
 (337,337,1,1,0,1,337),
 (338,338,2,1,1,1,338),
 (339,339,3,1,1,1,339),
 (340,340,1,1,0,1,340),
 (341,341,2,1,1,1,341),
 (342,342,3,1,1,1,342),
 (343,343,1,1,0,1,343),
 (344,344,2,1,1,1,344),
 (345,345,3,1,1,1,345),
 (346,346,1,1,0,1,346),
 (347,347,2,1,1,1,347),
 (348,348,3,1,1,1,348),
 (349,349,1,1,0,1,349),
 (350,350,2,1,1,1,350),
 (351,351,3,1,1,1,351),
 (352,352,1,1,0,1,352),
 (353,353,2,1,1,1,353),
 (354,354,3,1,1,1,354),
 (355,355,1,1,0,1,355),
 (356,356,2,1,1,1,356),
 (357,357,3,1,1,1,357),
 (358,358,1,1,0,1,358),
 (359,359,2,1,1,1,359),
 (360,360,3,1,1,1,360),
 (361,361,1,1,0,1,361),
 (362,362,2,1,1,1,362),
 (363,363,3,1,1,1,363),
 (364,364,1,1,0,1,364),
 (365,365,2,1,1,1,365),
 (366,366,3,1,1,1,366),
 (367,367,1,1,0,1,367),
 (368,368,2,1,1,1,368),
 (369,369,3,1,1,1,369),
 (370,370,1,1,0,1,370),
 (371,371,2,1,1,1,371),
 (372,372,3,1,1,1,372),
 (373,373,1,1,0,1,373),
 (374,374,2,1,1,1,374),
 (375,375,3,1,1,1,375),
 (376,376,1,1,0,1,376),
 (377,377,2,1,1,1,377),
 (378,378,3,1,1,1,378),
 (379,379,1,1,0,1,379),
 (380,380,2,1,1,1,380),
 (381,381,3,1,1,1,381),
 (382,382,1,1,0,1,382),
 (383,383,2,1,1,1,383),
 (384,384,3,1,1,1,384),
 (385,385,1,1,0,1,385),
 (386,386,2,1,1,1,386),
 (387,387,3,1,1,1,387),
 (388,388,1,1,0,1,388),
 (389,389,2,1,1,1,389),
 (390,390,3,1,1,1,390),
 (391,391,1,1,0,1,391),
 (392,392,2,1,1,1,392),
 (393,393,3,1,1,1,393),
 (394,394,1,1,0,1,394),
 (395,395,2,1,1,1,395),
 (396,396,3,1,1,1,396),
 (397,397,1,1,0,1,397),
 (398,398,2,1,1,1,398),
 (399,399,3,1,1,1,399),
 (400,400,1,1,0,1,400),
 (401,401,2,1,1,1,401),
 (402,402,3,1,1,1,402),
 (403,403,1,1,0,1,403),
 (404,404,2,1,1,1,404),
 (405,405,3,1,1,1,405),
 (406,406,1,1,0,1,406),
 (407,407,2,1,1,1,407),
 (408,408,3,1,1,1,408),
 (409,409,1,1,0,1,409),
 (410,410,2,1,1,1,410),
 (411,411,3,1,1,1,411),
 (412,412,1,1,0,1,412),
 (413,413,2,1,1,1,413),
 (414,414,3,1,1,1,414),
 (415,415,1,1,0,1,415),
 (416,416,2,1,1,1,416),
 (417,417,3,1,1,1,417),
 (418,418,1,1,0,1,418),
 (419,419,2,1,1,1,419),
 (420,420,3,1,1,1,420),
 (421,421,1,1,0,1,421),
 (422,422,2,1,1,1,422),
 (423,423,3,1,1,1,423),
 (424,424,1,1,0,1,424),
 (425,425,2,1,1,1,425),
 (426,426,3,1,1,1,426),
 (427,427,1,1,0,1,427),
 (428,428,2,1,1,1,428),
 (429,429,3,1,1,1,429),
 (430,430,1,1,0,1,430),
 (431,431,2,1,1,1,431),
 (432,432,3,1,1,1,432),
 (433,433,1,1,0,1,433),
 (434,434,2,1,1,1,434),
 (435,435,3,1,1,1,435),
 (436,436,1,1,0,1,436),
 (437,437,2,1,1,1,437),
 (438,438,3,1,1,1,438),
 (439,439,1,1,0,1,439),
 (440,440,2,1,1,1,440),
 (441,441,3,1,1,1,441),
 (442,442,1,1,0,1,442),
 (443,443,2,1,1,1,443),
 (444,444,3,1,1,1,444),
 (445,445,1,1,0,1,445),
 (446,446,2,1,1,1,446),
 (447,447,3,1,1,1,447),
 (448,448,1,1,0,1,448),
 (449,449,2,1,1,1,449),
 (450,450,3,1,1,1,450),
 (451,451,1,1,0,1,451),
 (452,452,2,1,1,1,452),
 (453,453,3,1,1,1,453),
 (454,454,1,1,0,1,454),
 (455,455,2,1,1,1,455),
 (456,456,3,1,1,1,456),
 (457,457,1,1,0,1,457),
 (458,458,2,1,1,1,458),
 (459,459,3,1,1,1,459),
 (460,460,1,1,0,1,460),
 (461,461,2,1,1,1,461),
 (462,462,3,1,1,1,462),
 (463,463,1,1,0,1,463),
 (464,464,2,1,1,1,464),
 (465,465,3,1,1,1,465),
 (466,466,1,1,0,1,466),
 (467,467,2,1,1,1,467),
 (468,468,3,1,1,1,468),
 (469,469,1,1,0,1,469),
 (470,470,2,1,1,1,470),
 (471,471,3,1,1,1,471),
 (472,472,1,1,0,1,472),
 (473,473,2,1,1,1,473),
 (474,474,3,1,1,1,474),
 (475,475,1,1,0,1,475),
 (476,476,2,1,1,1,476),
 (477,477,3,1,1,1,477),
 (478,478,1,1,0,1,478),
 (479,479,2,1,1,1,479),
 (480,480,3,1,1,1,480),
 (481,481,1,1,0,1,481),
 (482,482,2,1,1,1,482),
 (483,483,3,1,1,1,483),
 (484,484,1,1,0,1,484),
 (485,485,2,1,1,1,485),
 (486,486,3,1,1,1,486),
 (487,487,1,1,0,1,487),
 (488,488,2,1,1,1,488),
 (489,489,3,1,1,1,489),
 (490,490,1,1,0,1,490),
 (491,491,2,1,1,1,491),
 (492,492,3,1,1,1,492),
 (493,493,1,1,0,1,493),
 (494,494,2,1,1,1,494),
 (495,495,3,1,1,1,495),
 (496,496,1,1,0,1,496),
 (497,497,2,1,1,1,497),
 (498,498,3,1,1,1,498),
 (499,499,1,1,0,1,499),
 (500,500,2,1,1,1,500);

 --5to item
INSERT INTO `tarjeta` (`tarjeta_id`,`tarjeta_numero`,`tarjeta_cvv`,`tarjeta_fecha_otorgamiento`,`tarjeta_fecha_expiracion`)
VALUES
  (1,"448556 621491 5336","644","2015-07-28 ","2025-11-02"),
  (2,"537768 7788523750","992","2015-07-28 ","2023-06-01"),
  (3,"455623 3789923237","977","2015-07-28 ","2026-12-17"),
  (4,"492 96486 18754 943","511","2015-07-28 ","2025-06-03"),
  (5,"4428 664 22 7298","170","2015-07-28 ","2025-09-18"),
  (6,"557786 778856 8520","822","2015-07-28 ","2024-05-05"),
  (7,"491 65429 63114 388","608","2015-07-28 ","2023-02-16"),
  (8,"402400 712148 8750","178","2015-07-28 ","2022-08-21"),
  (9,"515794 828836 4228","512","2015-07-28 ","2023-12-05"),
  (10,"513 71514 33686 950","842","2015-07-28 ","2023-07-18");
INSERT INTO `tarjeta` (`tarjeta_id`,`tarjeta_numero`,`tarjeta_cvv`,`tarjeta_fecha_otorgamiento`,`tarjeta_fecha_expiracion`)
VALUES
  (11,"4716237568163383","521","2015-07-28 ","2023-01-07"),
  (12,"5562388134325678","205","2015-07-28 ","2022-12-23"),
  (13,"4024 0071 4479 5876","578","2015-07-28 ","2024-09-07"),
  (14,"445 23321 34824 887","220","2015-07-28 ","2026-07-03"),
  (15,"536558 728222 5676","609","2015-07-28 ","2023-04-08"),
  (16,"402 40071 75677 738","353","2015-07-28 ","2024-09-24"),
  (17,"4532 483 42 7847","377","2015-07-28 ","2023-03-12"),
  (18,"4539773565822","256","2015-07-28 ","2026-05-28"),
  (19,"4916 334 14 7847","315","2015-07-28 ","2024-05-06"),
  (20,"553652 4276943521","775","2015-07-28 ","2023-11-22");
INSERT INTO `tarjeta` (`tarjeta_id`,`tarjeta_numero`,`tarjeta_cvv`,`tarjeta_fecha_otorgamiento`,`tarjeta_fecha_expiracion`)
VALUES
  (21,"5374 8558 6491 6585","230","2015-07-28 ","2023-07-18"),
  (22,"4212 4227 8537 5668","670","2015-07-28 ","2026-06-02"),
  (23,"471618 7559881636","515","2015-07-28 ","2025-03-02"),
  (24,"4532453152134886","302","2015-07-28 ","2026-05-01"),
  (25,"4716 337 78 6645","503","2015-07-28 ","2024-03-21"),
  (26,"5466 6237 2347 8638","985","2015-07-28 ","2022-03-07"),
  (27,"453258 795258 7783","953","2015-07-28 ","2025-04-03"),
  (28,"4556388618549","509","2015-07-28 ","2026-04-26"),
  (29,"5538 8865 5815 9854","920","2015-07-28 ","2027-01-16"),
  (30,"492 91814 63548 699","698","2015-07-28 ","2023-12-31");
INSERT INTO `tarjeta` (`tarjeta_id`,`tarjeta_numero`,`tarjeta_cvv`,`tarjeta_fecha_otorgamiento`,`tarjeta_fecha_expiracion`)
VALUES
  (31,"532825 352824 8495","650","2015-07-28 ","2027-01-20"),
  (32,"463 84461 48459 816","723","2015-07-28 ","2023-01-04"),
  (33,"4716513135856","232","2015-07-28 ","2025-11-09"),
  (34,"5333 1582 6577 3477","953","2015-07-28 ","2021-08-19"),
  (35,"4024007122856","781","2015-07-28 ","2023-01-11"),
  (36,"471659 3665553581","490","2015-07-28 ","2025-04-29"),
  (37,"533713 923442 6427","226","2015-07-28 ","2025-05-16"),
  (38,"4916 4888 9757 8670","748","2015-07-28 ","2023-11-28"),
  (39,"423 32781 57827 925","688","2015-07-28 ","2023-02-03"),
  (40,"5357 4637 6614 8786","774","2015-07-28 ","2021-09-06");
INSERT INTO `tarjeta` (`tarjeta_id`,`tarjeta_numero`,`tarjeta_cvv`,`tarjeta_fecha_otorgamiento`,`tarjeta_fecha_expiracion`)
VALUES
  (41,"5588 2685 7178 5792","398","2015-07-28 ","2025-04-15"),
  (42,"549281 6357862790","262","2015-07-28 ","2022-02-01"),
  (43,"448 55587 34168 751","830","2015-07-28 ","2023-10-09"),
  (44,"5431224796772155","113","2015-07-28 ","2023-10-10"),
  (45,"4485226644466521","442","2015-07-28 ","2023-01-15"),
  (46,"5282675683263238","153","2015-07-28 ","2026-09-30"),
  (47,"4485 927 41 7298","787","2015-07-28 ","2022-12-18"),
  (48,"5588 4533 3835 3544","576","2015-07-28 ","2027-03-18"),
  (49,"4485 7569 5218 8713","945","2015-07-28 ","2023-11-08"),
  (50,"4485676568556","603","2015-07-28 ","2027-02-11");
INSERT INTO `tarjeta` (`tarjeta_id`,`tarjeta_numero`,`tarjeta_cvv`,`tarjeta_fecha_otorgamiento`,`tarjeta_fecha_expiracion`)
VALUES
  (51,"514553 9928683872","179","2015-07-28 ","2023-06-01"),
  (52,"517238 4483638367","342","2015-07-28 ","2022-11-04"),
  (53,"4485656125152721","990","2015-07-28 ","2022-02-05"),
  (54,"453227 863559 4657","525","2015-07-28 ","2025-07-31"),
  (55,"471643 8835287787","113","2015-07-28 ","2024-02-09"),
  (56,"4532455897485366","388","2015-07-28 ","2025-06-26"),
  (57,"4556 236 54 5290","654","2015-07-28 ","2022-02-10"),
  (58,"4916 8646 1523 8468","291","2015-07-28 ","2026-05-24"),
  (59,"4485 6987 7475 4464","488","2015-07-28 ","2021-08-07"),
  (60,"549732 718658 3487","607","2015-07-28 ","2024-11-22");
INSERT INTO `tarjeta` (`tarjeta_id`,`tarjeta_numero`,`tarjeta_cvv`,`tarjeta_fecha_otorgamiento`,`tarjeta_fecha_expiracion`)
VALUES
  (61,"4929466728376774","111","2015-07-28 ","2026-01-03"),
  (62,"491641 466725 5778","512","2015-07-28 ","2022-11-30"),
  (63,"5153574217363786","696","2015-07-28 ","2025-05-13"),
  (64,"4325 691 39 7435","604","2015-07-28 ","2026-05-01"),
  (65,"5538526721418841","799","2015-07-28 ","2023-06-08"),
  (66,"4532248878833492","408","2015-07-28 ","2025-08-23"),
  (67,"4916 238 52 5478","591","2015-07-28 ","2023-08-30"),
  (68,"492 94666 82684 536","600","2015-07-28 ","2024-06-22"),
  (69,"517542 551343 8216","690","2015-07-28 ","2025-01-16"),
  (70,"523827 665812 7121","340","2015-07-28 ","2021-09-15");
INSERT INTO `tarjeta` (`tarjeta_id`,`tarjeta_numero`,`tarjeta_cvv`,`tarjeta_fecha_otorgamiento`,`tarjeta_fecha_expiracion`)
VALUES
  (71,"453 23764 58858 421","202","2015-07-28 ","2026-07-08"),
  (72,"455687 377657 6553","646","2015-07-28 ","2024-11-26"),
  (73,"453 26387 52857 742","905","2015-07-28 ","2026-04-05"),
  (74,"556 53333 18572 254","493","2015-07-28 ","2022-08-27"),
  (75,"4024007147259","785","2015-07-28 ","2023-03-04"),
  (76,"5372122757356649","563","2015-07-28 ","2026-02-04"),
  (77,"492 92343 46236 428","285","2015-07-28 ","2026-08-06"),
  (78,"552 64455 18722 154","980","2015-07-28 ","2022-11-18"),
  (79,"538 97888 19653 255","992","2015-07-28 ","2026-02-26"),
  (80,"448538 5452257750","563","2015-07-28 ","2024-09-26");
INSERT INTO `tarjeta` (`tarjeta_id`,`tarjeta_numero`,`tarjeta_cvv`,`tarjeta_fecha_otorgamiento`,`tarjeta_fecha_expiracion`)
VALUES
  (81,"492 93242 55138 648","421","2015-07-28 ","2025-07-29"),
  (82,"4485 8999 6675 2460","770","2015-07-28 ","2025-09-23"),
  (83,"455667 373427 6456","422","2015-07-28 ","2023-06-27"),
  (84,"4929644538241","484","2015-07-28 ","2027-05-11"),
  (85,"518 54976 68267 888","308","2015-07-28 ","2021-10-10"),
  (86,"559 85197 84738 640","874","2015-07-28 ","2022-05-12"),
  (87,"471685 4567857680","961","2015-07-28 ","2023-02-22"),
  (88,"4485771894881","708","2015-07-28 ","2022-02-01"),
  (89,"492 95725 35396 457","354","2015-07-28 ","2026-10-13"),
  (90,"515798 8573832240","534","2015-07-28 ","2024-03-13");
INSERT INTO `tarjeta` (`tarjeta_id`,`tarjeta_numero`,`tarjeta_cvv`,`tarjeta_fecha_otorgamiento`,`tarjeta_fecha_expiracion`)
VALUES
  (91,"5432 8421 7963 7882","280","2015-07-28 ","2025-12-06"),
  (92,"543594 2764252795","601","2015-07-28 ","2024-01-09"),
  (93,"5384 5788 4117 4288","929","2015-07-28 ","2025-02-25"),
  (94,"4024 0071 6426 2476","393","2015-07-28 ","2022-02-20"),
  (95,"4485 2522 2826 1583","475","2015-07-28 ","2023-10-03"),
  (96,"471 65752 24374 682","824","2015-07-28 ","2021-09-06"),
  (97,"518392 9382617628","148","2015-07-28 ","2024-11-09"),
  (98,"514969 339152 9678","633","2015-07-28 ","2024-06-20"),
  (99,"491675 359873 3985","467","2015-07-28 ","2024-02-28"),
  (100,"546 84655 83334 537","888","2015-07-28 ","2025-11-10");
INSERT INTO `tarjeta` (`tarjeta_id`,`tarjeta_numero`,`tarjeta_cvv`,`tarjeta_fecha_otorgamiento`,`tarjeta_fecha_expiracion`)
VALUES
  (101,"5451366147181464","375","2015-07-28 ","2022-05-11"),
  (102,"5468656759241536","238","2015-07-28 ","2024-02-18"),
  (103,"512834 428345 3461","171","2015-07-28 ","2022-12-28"),
  (104,"453915 757258 5618","649","2015-07-28 ","2025-10-16"),
  (105,"4539 747 57 4256","824","2015-07-28 ","2024-01-14"),
  (106,"5237252368467256","377","2015-07-28 ","2025-09-16"),
  (107,"402400 7152925639","666","2015-07-28 ","2024-01-18"),
  (108,"5258729455835861","993","2015-07-28 ","2025-10-06"),
  (109,"471632 378674 7452","706","2015-07-28 ","2025-01-07"),
  (110,"453933 113891 2679","319","2015-07-28 ","2023-11-09");
INSERT INTO `tarjeta` (`tarjeta_id`,`tarjeta_numero`,`tarjeta_cvv`,`tarjeta_fecha_otorgamiento`,`tarjeta_fecha_expiracion`)
VALUES
  (111,"4485 928 89 5880","652","2015-07-28 ","2027-01-27"),
  (112,"402400 713131 9797","831","2015-07-28 ","2025-06-07"),
  (113,"4716 3559 2845 1510","262","2015-07-28 ","2022-01-09"),
  (114,"4716258723557749","152","2015-07-28 ","2026-09-21"),
  (115,"448 54335 53387 553","606","2015-07-28 ","2026-01-01"),
  (116,"4297 426 74 9877","533","2015-07-28 ","2021-09-10"),
  (117,"455 68796 64385 247","211","2015-07-28 ","2021-09-06"),
  (118,"4556557511459","535","2015-07-28 ","2023-08-07"),
  (119,"5137374294759845","612","2015-07-28 ","2022-07-01"),
  (120,"5473 4756 6984 8287","366","2015-07-28 ","2022-11-23");
INSERT INTO `tarjeta` (`tarjeta_id`,`tarjeta_numero`,`tarjeta_cvv`,`tarjeta_fecha_otorgamiento`,`tarjeta_fecha_expiracion`)
VALUES
  (121,"538654 672988 8954","651","2015-07-28 ","2025-08-08"),
  (122,"453292 7537369424","908","2015-07-28 ","2024-10-26"),
  (123,"4556382355544","920","2015-07-28 ","2024-09-08"),
  (124,"5351578858826266","308","2015-07-28 ","2025-07-06"),
  (125,"548279 744362 2384","471","2015-07-28 ","2021-10-09"),
  (126,"5169156339562644","859","2015-07-28 ","2023-06-09"),
  (127,"4556376853152744","938","2015-07-28 ","2022-12-11"),
  (128,"4024 007 18 4856","353","2015-07-28 ","2025-02-12"),
  (129,"4539 9887 3554 2926","563","2015-07-28 ","2022-06-07"),
  (130,"544 42958 32233 332","150","2015-07-28 ","2023-12-18");
INSERT INTO `tarjeta` (`tarjeta_id`,`tarjeta_numero`,`tarjeta_cvv`,`tarjeta_fecha_otorgamiento`,`tarjeta_fecha_expiracion`)
VALUES
  (131,"5478548663543768","553","2015-07-28 ","2025-11-20"),
  (132,"525925 764384 4149","765","2015-07-28 ","2026-08-19"),
  (133,"453 21787 23298 270","761","2015-07-28 ","2022-07-19"),
  (134,"453947 8565267182","704","2015-07-28 ","2025-02-25"),
  (135,"554665 3695282753","817","2015-07-28 ","2023-01-13"),
  (136,"519774 4548734645","361","2015-07-28 ","2026-04-28"),
  (137,"453 28484 94513 756","264","2015-07-28 ","2026-09-22"),
  (138,"5219 4871 5955 3821","167","2015-07-28 ","2023-07-17"),
  (139,"5137 8182 7777 9220","374","2015-07-28 ","2021-10-21"),
  (140,"516672 221798 7691","258","2015-07-28 ","2025-01-28");
INSERT INTO `tarjeta` (`tarjeta_id`,`tarjeta_numero`,`tarjeta_cvv`,`tarjeta_fecha_otorgamiento`,`tarjeta_fecha_expiracion`)
VALUES
  (141,"515422 4674514724","240","2015-07-28 ","2026-07-20"),
  (142,"553794 6917626737","865","2015-07-28 ","2021-10-25"),
  (143,"491656 912328 1674","460","2015-07-28 ","2026-11-28"),
  (144,"5455 5843 6481 4551","615","2015-07-28 ","2022-04-09"),
  (145,"492962 2445685430","616","2015-07-28 ","2022-05-20"),
  (146,"545667 4299256348","980","2015-07-28 ","2023-12-15"),
  (147,"477753 8712455237","905","2015-07-28 ","2026-01-26"),
  (148,"558 26844 42565 575","269","2015-07-28 ","2026-09-17"),
  (149,"5222 2444 6498 3440","953","2015-07-28 ","2021-11-07"),
  (150,"402400 7172523125","787","2015-07-28 ","2023-07-15");
INSERT INTO `tarjeta` (`tarjeta_id`,`tarjeta_numero`,`tarjeta_cvv`,`tarjeta_fecha_otorgamiento`,`tarjeta_fecha_expiracion`)
VALUES
  (151,"533872 3137625968","848","2015-07-28 ","2027-01-01"),
  (152,"448538 374571 4125","445","2015-07-28 ","2024-04-23"),
  (153,"448 53643 44848 647","581","2015-07-28 ","2023-04-30"),
  (154,"529151 394258 8211","628","2015-07-28 ","2023-09-04"),
  (155,"5145222987352867","703","2015-07-28 ","2027-01-09"),
  (156,"453 98548 37319 896","826","2015-07-28 ","2023-12-13"),
  (157,"555 57655 33268 832","496","2015-07-28 ","2024-11-03"),
  (158,"453279 4525456161","429","2015-07-28 ","2025-04-15"),
  (159,"558 77356 82463 528","159","2015-07-28 ","2024-06-16"),
  (160,"534126 665783 9374","991","2015-07-28 ","2027-06-23");
INSERT INTO `tarjeta` (`tarjeta_id`,`tarjeta_numero`,`tarjeta_cvv`,`tarjeta_fecha_otorgamiento`,`tarjeta_fecha_expiracion`)
VALUES
  (161,"5245435253742178","279","2015-07-28 ","2024-03-21"),
  (162,"544 72948 52344 134","507","2015-07-28 ","2025-05-18"),
  (163,"524712 268637 5762","348","2015-07-28 ","2022-01-20"),
  (164,"546318 774858 7842","360","2015-07-28 ","2023-01-16"),
  (165,"5456612534573531","903","2015-07-28 ","2023-09-09"),
  (166,"548811 6127947351","724","2015-07-28 ","2024-03-21"),
  (167,"529 92649 33654 370","628","2015-07-28 ","2022-07-26"),
  (168,"492944 466723 6671","858","2015-07-28 ","2024-07-26"),
  (169,"5265 2572 5511 3538","978","2015-07-28 ","2025-01-28"),
  (170,"522153 2327743642","548","2015-07-28 ","2026-05-26");
INSERT INTO `tarjeta` (`tarjeta_id`,`tarjeta_numero`,`tarjeta_cvv`,`tarjeta_fecha_otorgamiento`,`tarjeta_fecha_expiracion`)
VALUES
  (171,"517246 7576425436","673","2015-07-28 ","2026-11-10"),
  (172,"523275 3835255781","754","2015-07-28 ","2025-12-19"),
  (173,"4485832851698","132","2015-07-28 ","2025-02-11"),
  (174,"424 52444 67142 732","122","2015-07-28 ","2026-08-11"),
  (175,"453 92389 93774 849","624","2015-07-28 ","2026-02-26"),
  (176,"555133 944748 4747","943","2015-07-28 ","2024-02-03"),
  (177,"525396 4236555810","676","2015-07-28 ","2026-09-13"),
  (178,"4556578289137484","234","2015-07-28 ","2021-08-27"),
  (179,"542386 144893 3998","778","2015-07-28 ","2027-07-19"),
  (180,"5241 4575 7869 8640","761","2015-07-28 ","2022-07-17");
INSERT INTO `tarjeta` (`tarjeta_id`,`tarjeta_numero`,`tarjeta_cvv`,`tarjeta_fecha_otorgamiento`,`tarjeta_fecha_expiracion`)
VALUES
  (181,"448534 583384 3751","720","2015-07-28 ","2026-08-05"),
  (182,"5116 5154 3479 5421","128","2015-07-28 ","2025-05-08"),
  (183,"512332 7656349841","657","2015-07-28 ","2026-11-20"),
  (184,"5454359558244795","388","2015-07-28 ","2025-03-30"),
  (185,"453 24931 43857 286","863","2015-07-28 ","2022-10-27"),
  (186,"5299277772344853","821","2015-07-28 ","2026-01-01"),
  (187,"523129 2538584644","152","2015-07-28 ","2025-08-03"),
  (188,"533632 425765 4789","856","2015-07-28 ","2024-01-24"),
  (189,"541 66337 72287 849","578","2015-07-28 ","2027-01-28"),
  (190,"4539664268742","297","2015-07-28 ","2024-11-16");
INSERT INTO `tarjeta` (`tarjeta_id`,`tarjeta_numero`,`tarjeta_cvv`,`tarjeta_fecha_otorgamiento`,`tarjeta_fecha_expiracion`)
VALUES
  (191,"4929499359917","270","2015-07-28 ","2022-12-14"),
  (192,"402400 7144384796","858","2015-07-28 ","2027-06-20"),
  (193,"492 95553 52842 638","131","2015-07-28 ","2022-09-05"),
  (194,"539465 7928965541","346","2015-07-28 ","2022-05-19"),
  (195,"521343 472842 3736","641","2015-07-28 ","2026-10-27"),
  (196,"527969 9136836825","892","2015-07-28 ","2022-06-29"),
  (197,"526 27419 35442 139","199","2015-07-28 ","2024-03-26"),
  (198,"545 74443 11645 525","166","2015-07-28 ","2022-05-17"),
  (199,"542294 5665585853","322","2015-07-28 ","2022-04-10"),
  (200,"491625 498677 2834","854","2015-07-28 ","2024-01-17");
INSERT INTO `tarjeta` (`tarjeta_id`,`tarjeta_numero`,`tarjeta_cvv`,`tarjeta_fecha_otorgamiento`,`tarjeta_fecha_expiracion`)
VALUES
  (201,"5366 3183 6483 8254","803","2015-07-28 ","2024-09-26"),
  (202,"4556646125584","734","2015-07-28 ","2025-03-24"),
  (203,"5462764683872354","408","2015-07-28 ","2025-01-17"),
  (204,"453 92847 96989 424","216","2015-07-28 ","2026-05-14"),
  (205,"4539 9531 3854 2550","906","2015-07-28 ","2025-07-31"),
  (206,"532948 3471618530","685","2015-07-28 ","2024-07-02"),
  (207,"5543887142436272","455","2015-07-28 ","2022-04-24"),
  (208,"453245 145895 8438","341","2015-07-28 ","2021-10-31"),
  (209,"5242494256353452","640","2015-07-28 ","2023-01-29"),
  (210,"4929344397396789","277","2015-07-28 ","2023-06-26");
INSERT INTO `tarjeta` (`tarjeta_id`,`tarjeta_numero`,`tarjeta_cvv`,`tarjeta_fecha_otorgamiento`,`tarjeta_fecha_expiracion`)
VALUES
  (211,"5333 6733 8636 4428","389","2015-07-28 ","2025-01-22"),
  (212,"536428 8882218788","402","2015-07-28 ","2023-09-17"),
  (213,"451738 2434927172","864","2015-07-28 ","2026-10-14"),
  (214,"513267 6336757271","126","2015-07-28 ","2022-07-24"),
  (215,"5466749276286373","723","2015-07-28 ","2027-02-06"),
  (216,"538387 3828688488","652","2015-07-28 ","2025-02-01"),
  (217,"517152 222883 8351","295","2015-07-28 ","2021-09-29"),
  (218,"4965 3546 7577 5294","228","2015-07-28 ","2024-10-05"),
  (219,"4024 007 18 2934","238","2015-07-28 ","2023-10-26"),
  (220,"448532 7347945322","717","2015-07-28 ","2026-07-07");
INSERT INTO `tarjeta` (`tarjeta_id`,`tarjeta_numero`,`tarjeta_cvv`,`tarjeta_fecha_otorgamiento`,`tarjeta_fecha_expiracion`)
VALUES
  (221,"5459 5737 4162 8772","890","2015-07-28 ","2026-11-21"),
  (222,"536452 8457859544","506","2015-07-28 ","2026-11-13"),
  (223,"4532244824886","516","2015-07-28 ","2023-12-11"),
  (224,"5431 2845 7765 6274","208","2015-07-28 ","2025-09-11"),
  (225,"434 97336 51737 237","952","2015-07-28 ","2027-02-06"),
  (226,"534224 663946 5372","733","2015-07-28 ","2025-12-19"),
  (227,"491632 445626 8215","784","2015-07-28 ","2025-12-22"),
  (228,"453 22348 74234 760","488","2015-07-28 ","2026-07-03"),
  (229,"546252 584747 5461","361","2015-07-28 ","2025-04-02"),
  (230,"402 40071 94366 230","586","2015-07-28 ","2025-05-01");
INSERT INTO `tarjeta` (`tarjeta_id`,`tarjeta_numero`,`tarjeta_cvv`,`tarjeta_fecha_otorgamiento`,`tarjeta_fecha_expiracion`)
VALUES
  (231,"515442 131654 6854","497","2015-07-28 ","2026-08-30"),
  (232,"466737 144549 2530","873","2015-07-28 ","2022-06-15"),
  (233,"4449 5328 4375 7510","802","2015-07-28 ","2023-08-05"),
  (234,"453 22461 28612 492","854","2015-07-28 ","2022-07-17"),
  (235,"4532656852462726","709","2015-07-28 ","2023-04-10"),
  (236,"557761 887545 2486","672","2015-07-28 ","2024-02-04"),
  (237,"5341 1363 4846 6582","781","2015-07-28 ","2023-07-01"),
  (238,"5575 5535 3842 4683","145","2015-07-28 ","2021-10-13"),
  (239,"4384646775583","205","2015-07-28 ","2022-01-19"),
  (240,"5486566441857680","156","2015-07-28 ","2021-10-26");
INSERT INTO `tarjeta` (`tarjeta_id`,`tarjeta_numero`,`tarjeta_cvv`,`tarjeta_fecha_otorgamiento`,`tarjeta_fecha_expiracion`)
VALUES
  (241,"4929435253737","423","2015-07-28 ","2025-09-02"),
  (242,"4716 5267 1256 7832","227","2015-07-28 ","2025-06-29"),
  (243,"5293 1633 8164 3735","813","2015-07-28 ","2024-05-14"),
  (244,"5317252664937351","463","2015-07-28 ","2024-04-20"),
  (245,"515 86435 82883 564","754","2015-07-28 ","2023-12-19"),
  (246,"4024 007 13 4265","670","2015-07-28 ","2023-10-10"),
  (247,"4024 007 13 8589","925","2015-07-28 ","2023-07-28"),
  (248,"543 31775 12626 550","193","2015-07-28 ","2021-11-11"),
  (249,"4422 2748 6838 5551","884","2015-07-28 ","2025-10-10"),
  (250,"527874 8387625527","559","2015-07-28 ","2026-09-28");
INSERT INTO `tarjeta` (`tarjeta_id`,`tarjeta_numero`,`tarjeta_cvv`,`tarjeta_fecha_otorgamiento`,`tarjeta_fecha_expiracion`)
VALUES
  (251,"517163 7474253269","383","2015-07-28 ","2025-11-29"),
  (252,"514574 2279488533","400","2015-07-28 ","2023-02-13"),
  (253,"524 72934 87822 979","327","2015-07-28 ","2027-06-01"),
  (254,"4485 388 82 4495","142","2015-07-28 ","2024-09-09"),
  (255,"539696 4417256756","715","2015-07-28 ","2021-08-01"),
  (256,"5444777297723733","784","2015-07-28 ","2024-02-22"),
  (257,"455667 565742 8758","652","2015-07-28 ","2024-07-31"),
  (258,"5548 5584 3217 3470","631","2015-07-28 ","2024-02-05"),
  (259,"5233836359746852","225","2015-07-28 ","2024-03-02"),
  (260,"5135 2114 9615 9774","122","2015-07-28 ","2026-11-09");
INSERT INTO `tarjeta` (`tarjeta_id`,`tarjeta_numero`,`tarjeta_cvv`,`tarjeta_fecha_otorgamiento`,`tarjeta_fecha_expiracion`)
VALUES
  (261,"492 92233 12189 851","880","2015-07-28 ","2024-03-22"),
  (262,"455694 3714966552","678","2015-07-28 ","2021-12-26"),
  (263,"556 91531 92855 435","543","2015-07-28 ","2025-10-29"),
  (264,"542847 5335772750","243","2015-07-28 ","2023-01-26"),
  (265,"517752 458551 2284","766","2015-07-28 ","2026-09-23"),
  (266,"453227 414488 5843","743","2015-07-28 ","2026-11-20"),
  (267,"5182578658425959","773","2015-07-28 ","2026-07-30"),
  (268,"522244 267568 3722","484","2015-07-28 ","2025-01-11"),
  (269,"5281394375596282","389","2015-07-28 ","2027-06-24"),
  (270,"4532 7315 7842 5479","780","2015-07-28 ","2027-02-14");
INSERT INTO `tarjeta` (`tarjeta_id`,`tarjeta_numero`,`tarjeta_cvv`,`tarjeta_fecha_otorgamiento`,`tarjeta_fecha_expiracion`)
VALUES
  (271,"5532819383774569","836","2015-07-28 ","2024-07-06"),
  (272,"5173 3291 6822 5310","392","2015-07-28 ","2025-06-13"),
  (273,"523338 577833 7570","701","2015-07-28 ","2022-11-15"),
  (274,"471685 552288 6565","503","2015-07-28 ","2025-07-22"),
  (275,"453931 5645367287","214","2015-07-28 ","2024-12-22"),
  (276,"521644 554648 3444","189","2015-07-28 ","2026-12-13"),
  (277,"5557292338243371","111","2015-07-28 ","2026-06-17"),
  (278,"5528 4167 4557 9475","229","2015-07-28 ","2027-02-27"),
  (279,"4485 925 27 8247","772","2015-07-28 ","2021-12-18"),
  (280,"521 61558 86486 648","219","2015-07-28 ","2026-02-13");
INSERT INTO `tarjeta` (`tarjeta_id`,`tarjeta_numero`,`tarjeta_cvv`,`tarjeta_fecha_otorgamiento`,`tarjeta_fecha_expiracion`)
VALUES
  (281,"4929 8548 8468 3440","544","2015-07-28 ","2023-01-11"),
  (282,"522781 482576 3767","738","2015-07-28 ","2027-05-26"),
  (283,"5367837366477166","260","2015-07-28 ","2022-04-06"),
  (284,"536 34524 44732 998","888","2015-07-28 ","2023-08-20"),
  (285,"516 47842 96828 172","634","2015-07-28 ","2022-07-12"),
  (286,"515 52775 86781 673","514","2015-07-28 ","2023-03-23"),
  (287,"5531559862444620","504","2015-07-28 ","2024-09-04"),
  (288,"4024007187455347","661","2015-07-28 ","2023-07-19"),
  (289,"527163 663344 4230","739","2015-07-28 ","2025-03-28"),
  (290,"5588756534241929","517","2015-07-28 ","2025-12-14");
INSERT INTO `tarjeta` (`tarjeta_id`,`tarjeta_numero`,`tarjeta_cvv`,`tarjeta_fecha_otorgamiento`,`tarjeta_fecha_expiracion`)
VALUES
  (291,"5436 6836 6864 6455","328","2015-07-28 ","2022-11-27"),
  (292,"4024007144684252","854","2015-07-28 ","2022-02-14"),
  (293,"455632 9151325538","789","2015-07-28 ","2024-02-19"),
  (294,"4929 274 24 5687","349","2015-07-28 ","2025-12-21"),
  (295,"4716 5445 4476 3958","145","2015-07-28 ","2024-01-20"),
  (296,"513658 3712357781","568","2015-07-28 ","2023-05-23"),
  (297,"413994 364777 3378","808","2015-07-28 ","2026-01-17"),
  (298,"473775 844524 5189","783","2015-07-28 ","2022-10-24"),
  (299,"4916178577364","952","2015-07-28 ","2025-08-01"),
  (300,"4916 5686 2483 7737","554","2015-07-28 ","2021-10-05");
INSERT INTO `tarjeta` (`tarjeta_id`,`tarjeta_numero`,`tarjeta_cvv`,`tarjeta_fecha_otorgamiento`,`tarjeta_fecha_expiracion`)
VALUES
  (301,"4024 007 15 1517","753","2015-07-28 ","2027-02-06"),
  (302,"5132 8546 7722 8653","155","2015-07-28 ","2025-12-31"),
  (303,"5382827254622495","956","2015-07-28 ","2026-05-02"),
  (304,"402400 7126555934","116","2015-07-28 ","2022-12-31"),
  (305,"4916765861781269","309","2015-07-28 ","2022-09-11"),
  (306,"455675 695285 4474","714","2015-07-28 ","2025-11-25"),
  (307,"4916 2653 8328 4777","521","2015-07-28 ","2022-01-20"),
  (308,"448529 6563254539","484","2015-07-28 ","2026-02-22"),
  (309,"518844 346267 4942","738","2015-07-28 ","2025-02-13"),
  (310,"402400 7171734749","687","2015-07-28 ","2022-08-18");
INSERT INTO `tarjeta` (`tarjeta_id`,`tarjeta_numero`,`tarjeta_cvv`,`tarjeta_fecha_otorgamiento`,`tarjeta_fecha_expiracion`)
VALUES
  (311,"492 99362 58522 179","597","2015-07-28 ","2026-12-20"),
  (312,"471634 2627559728","716","2015-07-28 ","2022-09-17"),
  (313,"5354 4443 3837 3428","247","2015-07-28 ","2025-04-02"),
  (314,"533323 465947 4319","140","2015-07-28 ","2025-05-10"),
  (315,"546 55512 26484 145","753","2015-07-28 ","2021-10-02"),
  (316,"4929763436888","278","2015-07-28 ","2026-06-27"),
  (317,"518217 748346 3788","574","2015-07-28 ","2025-09-13"),
  (318,"4672 744 24 8671","514","2015-07-28 ","2026-05-21"),
  (319,"5122 2876 8917 2779","800","2015-07-28 ","2022-09-04"),
  (320,"523557 8665443240","372","2015-07-28 ","2027-07-24");
INSERT INTO `tarjeta` (`tarjeta_id`,`tarjeta_numero`,`tarjeta_cvv`,`tarjeta_fecha_otorgamiento`,`tarjeta_fecha_expiracion`)
VALUES
  (321,"541 84286 23639 647","136","2015-07-28 ","2025-12-15"),
  (322,"524854 3689752559","804","2015-07-28 ","2024-10-05"),
  (323,"471677 7758568362","158","2015-07-28 ","2023-06-24"),
  (324,"5412645153646645","200","2015-07-28 ","2022-11-26"),
  (325,"4539825558725412","765","2015-07-28 ","2021-12-07"),
  (326,"4024007158336690","894","2015-07-28 ","2024-04-30"),
  (327,"5273867589236589","831","2015-07-28 ","2025-06-17"),
  (328,"418882 487354 9692","271","2015-07-28 ","2022-04-18"),
  (329,"4539922837543862","677","2015-07-28 ","2022-04-24"),
  (330,"453294 3715387377","780","2015-07-28 ","2023-01-16");
INSERT INTO `tarjeta` (`tarjeta_id`,`tarjeta_numero`,`tarjeta_cvv`,`tarjeta_fecha_otorgamiento`,`tarjeta_fecha_expiracion`)
VALUES
  (331,"474426 7486257534","462","2015-07-28 ","2027-05-01"),
  (332,"4024007176431","847","2015-07-28 ","2022-09-01"),
  (333,"539872 381487 5636","534","2015-07-28 ","2022-08-12"),
  (334,"5396 4136 3772 4672","634","2015-07-28 ","2023-06-23"),
  (335,"5558686712767864","214","2015-07-28 ","2023-04-08"),
  (336,"532 67318 56484 339","818","2015-07-28 ","2022-02-23"),
  (337,"4556143385634254","167","2015-07-28 ","2024-06-18"),
  (338,"4556617432589","816","2015-07-28 ","2023-06-01"),
  (339,"554 46389 32473 747","443","2015-07-28 ","2022-12-07"),
  (340,"422 76976 55277 143","240","2015-07-28 ","2024-01-19");
INSERT INTO `tarjeta` (`tarjeta_id`,`tarjeta_numero`,`tarjeta_cvv`,`tarjeta_fecha_otorgamiento`,`tarjeta_fecha_expiracion`)
VALUES
  (341,"4024007136765","366","2015-07-28 ","2022-10-26"),
  (342,"5338122468341727","428","2015-07-28 ","2024-12-21"),
  (343,"5135692188415899","236","2015-07-28 ","2026-10-06"),
  (344,"5219 1877 6387 3496","184","2015-07-28 ","2023-04-12"),
  (345,"5423 3538 8787 9494","593","2015-07-28 ","2023-08-20"),
  (346,"4532275765669","198","2015-07-28 ","2022-06-04"),
  (347,"4539 436 93 3532","876","2015-07-28 ","2023-01-15"),
  (348,"455631 963898 1763","585","2015-07-28 ","2025-03-29"),
  (349,"453 26327 23657 661","865","2015-07-28 ","2023-08-03"),
  (350,"471 63854 34653 622","629","2015-07-28 ","2025-10-13");
INSERT INTO `tarjeta` (`tarjeta_id`,`tarjeta_numero`,`tarjeta_cvv`,`tarjeta_fecha_otorgamiento`,`tarjeta_fecha_expiracion`)
VALUES
  (351,"5554 1675 1368 2457","409","2015-07-28 ","2025-05-15"),
  (352,"524164 7486235879","777","2015-07-28 ","2022-04-13"),
  (353,"4929 893 86 5733","336","2015-07-28 ","2026-01-07"),
  (354,"4929286658141","945","2015-07-28 ","2026-01-31"),
  (355,"402400 7189564591","614","2015-07-28 ","2025-03-14"),
  (356,"517 19828 83864 367","922","2015-07-28 ","2025-11-11"),
  (357,"5283 2633 3355 5219","224","2015-07-28 ","2023-01-11"),
  (358,"491617 834868 3787","790","2015-07-28 ","2022-06-29"),
  (359,"5437 3814 4388 5386","824","2015-07-28 ","2024-05-23"),
  (360,"4024 0071 5243 2693","517","2015-07-28 ","2022-03-08");
INSERT INTO `tarjeta` (`tarjeta_id`,`tarjeta_numero`,`tarjeta_cvv`,`tarjeta_fecha_otorgamiento`,`tarjeta_fecha_expiracion`)
VALUES
  (361,"547688 351741 1421","809","2015-07-28 ","2026-02-04"),
  (362,"531946 8471178538","165","2015-07-28 ","2025-06-16"),
  (363,"5281556339453749","165","2015-07-28 ","2024-08-12"),
  (364,"4916975272591633","913","2015-07-28 ","2022-06-15"),
  (365,"491655 294736 5774","723","2015-07-28 ","2026-06-12"),
  (366,"5534289765342864","212","2015-07-28 ","2022-02-14"),
  (367,"448 54456 57596 798","918","2015-07-28 ","2021-11-12"),
  (368,"5273282853532723","252","2015-07-28 ","2022-02-04"),
  (369,"5538399762447693","661","2015-07-28 ","2022-09-08"),
  (370,"4532775889860","703","2015-07-28 ","2023-09-03");
INSERT INTO `tarjeta` (`tarjeta_id`,`tarjeta_numero`,`tarjeta_cvv`,`tarjeta_fecha_otorgamiento`,`tarjeta_fecha_expiracion`)
VALUES
  (371,"5534 1266 6443 8239","315","2015-07-28 ","2025-02-03"),
  (372,"5566431378842721","498","2015-07-28 ","2021-09-18"),
  (373,"558763 6134684481","250","2015-07-28 ","2027-03-31"),
  (374,"5153471443252422","362","2015-07-28 ","2026-06-04"),
  (375,"5423312876665462","195","2015-07-28 ","2023-07-14"),
  (376,"4716 3788 9124 6220","148","2015-07-28 ","2021-08-27"),
  (377,"479 35591 38481 664","145","2015-07-28 ","2021-08-25"),
  (378,"4539794572237","846","2015-07-28 ","2027-07-23"),
  (379,"4532 725 82 5394","625","2015-07-28 ","2021-12-17"),
  (380,"553189 273336 8474","484","2015-07-28 ","2023-04-26");
INSERT INTO `tarjeta` (`tarjeta_id`,`tarjeta_numero`,`tarjeta_cvv`,`tarjeta_fecha_otorgamiento`,`tarjeta_fecha_expiracion`)
VALUES
  (381,"517541 896884 3329","265","2015-07-28 ","2024-03-12"),
  (382,"4916 7983 7678 4411","223","2015-07-28 ","2025-03-23"),
  (383,"5376 7432 9225 6816","637","2015-07-28 ","2023-08-10"),
  (384,"4929 329 48 8597","636","2015-07-28 ","2024-04-22"),
  (385,"4556 3689 7772 8830","574","2015-07-28 ","2026-11-10"),
  (386,"5431331667433765","836","2015-07-28 ","2024-12-02"),
  (387,"4485 661 94 2949","297","2015-07-28 ","2025-04-17"),
  (388,"4532 375 84 3358","372","2015-07-28 ","2026-12-27"),
  (389,"4024 0071 1995 7279","330","2015-07-28 ","2021-10-26"),
  (390,"4485796826777","481","2015-07-28 ","2023-04-10");
INSERT INTO `tarjeta` (`tarjeta_id`,`tarjeta_numero`,`tarjeta_cvv`,`tarjeta_fecha_otorgamiento`,`tarjeta_fecha_expiracion`)
VALUES
  (391,"4929 589 86 1764","534","2015-07-28 ","2023-03-26"),
  (392,"522 55698 81693 470","833","2015-07-28 ","2022-05-26"),
  (393,"4434 2461 6555 4119","533","2015-07-28 ","2024-03-26"),
  (394,"402400 7193748560","326","2015-07-28 ","2025-11-06"),
  (395,"556865 5778245238","734","2015-07-28 ","2023-09-15"),
  (396,"558 74193 93413 912","770","2015-07-28 ","2023-07-13"),
  (397,"4916 576 73 7545","357","2015-07-28 ","2021-08-17"),
  (398,"4485461864773435","572","2015-07-28 ","2023-06-21"),
  (399,"5331423649182569","359","2015-07-28 ","2026-08-08"),
  (400,"4485551276648","776","2015-07-28 ","2025-03-22");
INSERT INTO `tarjeta` (`tarjeta_id`,`tarjeta_numero`,`tarjeta_cvv`,`tarjeta_fecha_otorgamiento`,`tarjeta_fecha_expiracion`)
VALUES
  (401,"552166 692748 3832","445","2015-07-28 ","2025-12-06"),
  (402,"4916695862729","841","2015-07-28 ","2026-07-06"),
  (403,"471685 439342 9738","505","2015-07-28 ","2022-10-08"),
  (404,"491668 487974 7628","497","2015-07-28 ","2021-08-18"),
  (405,"448551 2333426748","829","2015-07-28 ","2025-08-31"),
  (406,"5533492228872490","855","2015-07-28 ","2023-07-21"),
  (407,"5464 8146 4882 4566","998","2015-07-28 ","2025-03-05"),
  (408,"544542 7326248927","983","2015-07-28 ","2024-11-20"),
  (409,"4532 2385 7498 8872","281","2015-07-28 ","2022-09-27"),
  (410,"522481 1768357857","843","2015-07-28 ","2026-04-03");
INSERT INTO `tarjeta` (`tarjeta_id`,`tarjeta_numero`,`tarjeta_cvv`,`tarjeta_fecha_otorgamiento`,`tarjeta_fecha_expiracion`)
VALUES
  (411,"453254 5335885944","805","2015-07-28 ","2024-05-12"),
  (412,"5161537339613248","569","2015-07-28 ","2022-10-29"),
  (413,"4929278758313","571","2015-07-28 ","2025-01-02"),
  (414,"511913 7277555692","884","2015-07-28 ","2027-07-09"),
  (415,"5584 2593 5363 1373","882","2015-07-28 ","2026-01-11"),
  (416,"4929847846569426","784","2015-07-28 ","2024-06-08"),
  (417,"5454 6458 5686 4254","589","2015-07-28 ","2022-12-25"),
  (418,"543859 279368 7854","329","2015-07-28 ","2025-05-19"),
  (419,"537354 935619 2323","332","2015-07-28 ","2024-01-02"),
  (420,"4539 8866 8925 2122","787","2015-07-28 ","2023-12-04");
INSERT INTO `tarjeta` (`tarjeta_id`,`tarjeta_numero`,`tarjeta_cvv`,`tarjeta_fecha_otorgamiento`,`tarjeta_fecha_expiracion`)
VALUES
  (421,"4532 838 72 3635","354","2015-07-28 ","2025-01-15"),
  (422,"5317255531485827","704","2015-07-28 ","2023-07-29"),
  (423,"4716556583996","589","2015-07-28 ","2022-05-10"),
  (424,"523 25286 46859 330","475","2015-07-28 ","2021-12-10"),
  (425,"4539847545164","191","2015-07-28 ","2026-10-22"),
  (426,"4556 9664 9461 2112","987","2015-07-28 ","2021-08-11"),
  (427,"5158 3139 8695 9226","258","2015-07-28 ","2024-05-20"),
  (428,"492953 158373 3433","767","2015-07-28 ","2022-09-10"),
  (429,"448535 387571 7560","198","2015-07-28 ","2021-09-09"),
  (430,"522644 476755 8115","684","2015-07-28 ","2026-04-16");
INSERT INTO `tarjeta` (`tarjeta_id`,`tarjeta_numero`,`tarjeta_cvv`,`tarjeta_fecha_otorgamiento`,`tarjeta_fecha_expiracion`)
VALUES
  (431,"455647 5554542748","366","2015-07-28 ","2026-10-29"),
  (432,"5447621818341624","607","2015-07-28 ","2022-07-18"),
  (433,"4572 443 49 7357","131","2015-07-28 ","2026-09-28"),
  (434,"4485 5257 2942 3863","525","2015-07-28 ","2024-03-19"),
  (435,"491621 655627 6751","515","2015-07-28 ","2025-08-18"),
  (436,"5364434487276611","962","2015-07-28 ","2027-04-24"),
  (437,"559148 4463244831","931","2015-07-28 ","2024-07-20"),
  (438,"553481 532357 9355","189","2015-07-28 ","2022-11-25"),
  (439,"471687 7377533977","766","2015-07-28 ","2027-03-02"),
  (440,"512458 864177 8431","655","2015-07-28 ","2022-07-07");
INSERT INTO `tarjeta` (`tarjeta_id`,`tarjeta_numero`,`tarjeta_cvv`,`tarjeta_fecha_otorgamiento`,`tarjeta_fecha_expiracion`)
VALUES
  (441,"5555397626954472","982","2015-07-28 ","2024-04-14"),
  (442,"524233 577763 7339","862","2015-07-28 ","2022-11-30"),
  (443,"4916 7674 4532 4442","606","2015-07-28 ","2027-06-21"),
  (444,"4556361232753743","842","2015-07-28 ","2023-10-05"),
  (445,"5418 6679 4736 7829","958","2015-07-28 ","2023-06-13"),
  (446,"402 40071 67527 750","383","2015-07-28 ","2026-07-02"),
  (447,"541155 553692 6393","345","2015-07-28 ","2022-05-16"),
  (448,"543876 757781 4425","916","2015-07-28 ","2026-01-02"),
  (449,"4539 668 28 4364","259","2015-07-28 ","2024-03-10"),
  (450,"536751 625483 5228","345","2015-07-28 ","2023-10-19");
INSERT INTO `tarjeta` (`tarjeta_id`,`tarjeta_numero`,`tarjeta_cvv`,`tarjeta_fecha_otorgamiento`,`tarjeta_fecha_expiracion`)
VALUES
  (451,"543 54663 16987 633","806","2015-07-28 ","2026-02-03"),
  (452,"491613 5825585661","721","2015-07-28 ","2022-06-21"),
  (453,"523 67376 96863 466","541","2015-07-28 ","2021-07-29"),
  (454,"4024007121766346","149","2015-07-28 ","2025-11-04"),
  (455,"448542 9548678460","122","2015-07-28 ","2022-08-29"),
  (456,"4539673247273","607","2015-07-28 ","2024-02-20"),
  (457,"4532512776743","287","2015-07-28 ","2026-08-20"),
  (458,"491662 625666 6285","403","2015-07-28 ","2025-06-04"),
  (459,"5361 4885 3222 7246","776","2015-07-28 ","2027-02-12"),
  (460,"427696 8658669861","745","2015-07-28 ","2021-12-14");
INSERT INTO `tarjeta` (`tarjeta_id`,`tarjeta_numero`,`tarjeta_cvv`,`tarjeta_fecha_otorgamiento`,`tarjeta_fecha_expiracion`)
VALUES
  (461,"4532863651264671","693","2015-07-28 ","2026-12-25"),
  (462,"4539 415 27 6861","610","2015-07-28 ","2021-09-03"),
  (463,"448525 9259647689","959","2015-07-28 ","2026-03-09"),
  (464,"5589668751684542","778","2015-07-28 ","2024-12-01"),
  (465,"5528 6776 5429 7256","123","2015-07-28 ","2025-08-17"),
  (466,"448521 545274 8633","984","2015-07-28 ","2022-12-11"),
  (467,"453975 788485 7280","800","2015-07-28 ","2022-01-18"),
  (468,"4716745589623","213","2015-07-28 ","2024-05-28"),
  (469,"559 75718 38634 987","242","2015-07-28 ","2022-04-27"),
  (470,"4464783576355895","762","2015-07-28 ","2022-06-05");
INSERT INTO `tarjeta` (`tarjeta_id`,`tarjeta_numero`,`tarjeta_cvv`,`tarjeta_fecha_otorgamiento`,`tarjeta_fecha_expiracion`)
VALUES
  (471,"555654 761758 3529","265","2015-07-28 ","2022-11-02"),
  (472,"453263 717783 5291","386","2015-07-28 ","2022-04-18"),
  (473,"518771 748463 8238","327","2015-07-28 ","2023-06-20"),
  (474,"5363 5351 9373 1656","349","2015-07-28 ","2022-02-02"),
  (475,"5242 9745 2513 7539","623","2015-07-28 ","2021-09-19"),
  (476,"4352 842 33 2384","309","2015-07-28 ","2027-06-02"),
  (477,"546 78416 88752 412","690","2015-07-28 ","2021-11-04"),
  (478,"4532677936178823","390","2015-07-28 ","2022-08-02"),
  (479,"4186546626964462","492","2015-07-28 ","2021-10-05"),
  (480,"5395836255478737","839","2015-07-28 ","2026-12-05");
INSERT INTO `tarjeta` (`tarjeta_id`,`tarjeta_numero`,`tarjeta_cvv`,`tarjeta_fecha_otorgamiento`,`tarjeta_fecha_expiracion`)
VALUES
  (481,"536 78425 22565 714","141","2015-07-28 ","2025-06-12"),
  (482,"5296 6245 1786 7552","731","2015-07-28 ","2025-09-14"),
  (483,"444 77381 68276 885","514","2015-07-28 ","2025-10-19"),
  (484,"5197 7721 9554 2375","208","2015-07-28 ","2025-04-01"),
  (485,"4485341392614","759","2015-07-28 ","2023-04-05"),
  (486,"518 66232 53522 960","323","2015-07-28 ","2023-05-09"),
  (487,"445358 343664 2539","156","2015-07-28 ","2026-06-19"),
  (488,"555376 8148642815","553","2015-07-28 ","2022-01-21"),
  (489,"4716 5864 3287 6590","641","2015-07-28 ","2025-05-19"),
  (490,"538 84323 78592 494","829","2015-07-28 ","2022-01-14");
INSERT INTO `tarjeta` (`tarjeta_id`,`tarjeta_numero`,`tarjeta_cvv`,`tarjeta_fecha_otorgamiento`,`tarjeta_fecha_expiracion`)
VALUES
  (491,"5147986981467529","336","2015-07-28 ","2027-01-11"),
  (492,"491666 1814455582","547","2015-07-28 ","2027-04-27"),
  (493,"4916558692650","908","2015-07-28 ","2025-02-14"),
  (494,"5146 2812 8764 6476","397","2015-07-28 ","2026-03-27"),
  (495,"4539738875662","732","2015-07-28 ","2024-07-19"),
  (496,"556 95451 13466 426","436","2015-07-28 ","2023-11-19"),
  (497,"4556 575 13 9796","243","2015-07-28 ","2023-12-18"),
  (498,"4556479668954294","506","2015-07-28 ","2027-03-25"),
  (499,"402 40071 76238 878","179","2015-07-28 ","2026-01-14"),
  (500,"5282496132381889","497","2015-07-28 ","2027-06-06");


--6to item
CREATE TABLE IF NOT EXISTS "direccion" (
	"direccion_id"	INTEGER NOT NULL,
	"direccion_calle"	TEXT NOT NULL,
	"direccion_numero_calle"	INTEGER NOT NULL,
	"direccion_ciudad"	TEXT NOT NULL,
	"direccion_provincia"	TEXT NOT NULL,
	"direccion_pais"	TEXT NOT NULL,
	PRIMARY KEY("direccion_id" AUTOINCREMENT)
);

--7mo item
INSERT INTO "direccion" ("direccion_id","direccion_calle","direccion_numero_calle","direccion_ciudad","direccion_provincia","direccion_pais") VALUES (1,'DEL CARMEN',72031,'CIUDAD AUTONOMA DE BUENOS AIRES','CIUDAD AUTONOMA DE BUENOS AIRES','ARGENTINA'),
 (2,'IGR ENRIQUE BUTTY',50613,'CIUDAD AUTONOMA DE BUENOS AIRES','CIUDAD AUTONOMA DE BUENOS AIRES','ARGENTINA'),
 (3,'LETONIA',641,'CIUDAD AUTONOMA DE BUENOS AIRES','CIUDAD AUTONOMA DE BUENOS AIRES','ARGENTINA'),
 (4,'MOMPOX',40074,'CIUDAD AUTONOMA DE BUENOS AIRES','CIUDAD AUTONOMA DE BUENOS AIRES','ARGENTINA'),
 (5,'PABLO GIORELLO',8419,'CIUDAD AUTONOMA DE BUENOS AIRES','CIUDAD AUTONOMA DE BUENOS AIRES','ARGENTINA'),
 (6,'PARERA',9663,'CIUDAD AUTONOMA DE BUENOS AIRES','CIUDAD AUTONOMA DE BUENOS AIRES','ARGENTINA'),
 (7,'SGTO CABRAL',11021,'CIUDAD AUTONOMA DE BUENOS AIRES','CIUDAD AUTONOMA DE BUENOS AIRES','ARGENTINA'),
 (8,'USPALLATA',50759,'CIUDAD AUTONOMA DE BUENOS AIRES','CIUDAD AUTONOMA DE BUENOS AIRES','ARGENTINA'),
 (9,'VICTORIA OCAMPO',2117,'CIUDAD AUTONOMA DE BUENOS AIRES','CIUDAD AUTONOMA DE BUENOS AIRES','ARGENTINA'),
 (10,'VIEYRA',4863,'CIUDAD AUTONOMA DE BUENOS AIRES','CIUDAD AUTONOMA DE BUENOS AIRES','ARGENTINA'),
 (11,'AV ANTARTIDA ARGENTINA',68367,'CIUDAD AUTONOMA DE BUENOS AIRES','CIUDAD AUTONOMA DE BUENOS AIRES','ARGENTINA'),
 (12,'AV ELVIRA RAWSON DE DELLEPIANE',6511,'CIUDAD AUTONOMA DE BUENOS AIRES','CIUDAD AUTONOMA DE BUENOS AIRES','ARGENTINA'),
 (13,'ARTURO CAPDEVILLA',4581,'CIUDAD AUTONOMA DE BUENOS AIRES','CIUDAD AUTONOMA DE BUENOS AIRES','ARGENTINA'),
 (14,'AV GRL GELLY Y OBES',60770,'CIUDAD AUTONOMA DE BUENOS AIRES','CIUDAD AUTONOMA DE BUENOS AIRES','ARGENTINA'),
 (15,'AV TOMAS A EDISON',1918,'CIUDAD AUTONOMA DE BUENOS AIRES','CIUDAD AUTONOMA DE BUENOS AIRES','ARGENTINA'),
 (16,'BARRIENTOS',1838,'CIUDAD AUTONOMA DE BUENOS AIRES','CIUDAD AUTONOMA DE BUENOS AIRES','ARGENTINA'),
 (17,'JOSE LEON PAGANO',19584,'CIUDAD AUTONOMA DE BUENOS AIRES','CIUDAD AUTONOMA DE BUENOS AIRES','ARGENTINA'),
 (18,'SIN CORRESPONDENCIA',11978,'CIUDAD AUTONOMA DE BUENOS AIRES','CIUDAD AUTONOMA DE BUENOS AIRES','ARGENTINA'),
 (19,'SOLER',65006,'CIUDAD AUTONOMA DE BUENOS AIRES','CIUDAD AUTONOMA DE BUENOS AIRES','ARGENTINA'),
 (20,'CARLOS GARDEL',8587,'CIUDAD AUTONOMA DE BUENOS AIRES','CIUDAD AUTONOMA DE BUENOS AIRES','ARGENTINA'),
 (21,'MISIONES',48696,'CIUDAD AUTONOMA DE BUENOS AIRES','CIUDAD AUTONOMA DE BUENOS AIRES','ARGENTINA'),
 (22,'SANCHEZ DE BUSTAMANTE',9815,'CIUDAD AUTONOMA DE BUENOS AIRES','CIUDAD AUTONOMA DE BUENOS AIRES','ARGENTINA'),
 (23,'ASCASUBI',4241,'CIUDAD AUTONOMA DE BUENOS AIRES','CIUDAD AUTONOMA DE BUENOS AIRES','ARGENTINA'),
 (24,'AV BENITO PEREZ GALDOS',5768,'CIUDAD AUTONOMA DE BUENOS AIRES','CIUDAD AUTONOMA DE BUENOS AIRES','ARGENTINA'),
 (25,'AV DARACT',22325,'CIUDAD AUTONOMA DE BUENOS AIRES','CIUDAD AUTONOMA DE BUENOS AIRES','ARGENTINA'),
 (26,'AV ISIDRO LOREA',97823,'CIUDAD AUTONOMA DE BUENOS AIRES','CIUDAD AUTONOMA DE BUENOS AIRES','ARGENTINA'),
 (27,'CALLE S N',57982,'CIUDAD AUTONOMA DE BUENOS AIRES','CIUDAD AUTONOMA DE BUENOS AIRES','ARGENTINA'),
 (28,'CALLE S N',6133,'CIUDAD AUTONOMA DE BUENOS AIRES','CIUDAD AUTONOMA DE BUENOS AIRES','ARGENTINA'),
 (29,'CAYASTA',3702,'CIUDAD AUTONOMA DE BUENOS AIRES','CIUDAD AUTONOMA DE BUENOS AIRES','ARGENTINA'),
 (30,'DEKAY',67843,'CIUDAD AUTONOMA DE BUENOS AIRES','CIUDAD AUTONOMA DE BUENOS AIRES','ARGENTINA'),
 (31,'FRANCISCO CAFFERATA',38571,'CIUDAD AUTONOMA DE BUENOS AIRES','CIUDAD AUTONOMA DE BUENOS AIRES','ARGENTINA'),
 (32,'GUAL',2275,'CIUDAD AUTONOMA DE BUENOS AIRES','CIUDAD AUTONOMA DE BUENOS AIRES','ARGENTINA'),
 (33,'INDALECIO GOMEZ',2736,'CIUDAD AUTONOMA DE BUENOS AIRES','CIUDAD AUTONOMA DE BUENOS AIRES','ARGENTINA'),
 (34,'JOSE PAZOS',2046,'CIUDAD AUTONOMA DE BUENOS AIRES','CIUDAD AUTONOMA DE BUENOS AIRES','ARGENTINA'),
 (35,'JUAN M THOME',31242,'CIUDAD AUTONOMA DE BUENOS AIRES','CIUDAD AUTONOMA DE BUENOS AIRES','ARGENTINA'),
 (36,'LLORENTE',9117,'CIUDAD AUTONOMA DE BUENOS AIRES','CIUDAD AUTONOMA DE BUENOS AIRES','ARGENTINA'),
 (37,'LOS TELARES',8149,'CIUDAD AUTONOMA DE BUENOS AIRES','CIUDAD AUTONOMA DE BUENOS AIRES','ARGENTINA'),
 (38,'LUGO',46815,'CIUDAD AUTONOMA DE BUENOS AIRES','CIUDAD AUTONOMA DE BUENOS AIRES','ARGENTINA'),
 (39,'MARCOS SEGUIN',1727,'CIUDAD AUTONOMA DE BUENOS AIRES','CIUDAD AUTONOMA DE BUENOS AIRES','ARGENTINA'),
 (40,'MUTUALISMO',8192,'CIUDAD AUTONOMA DE BUENOS AIRES','CIUDAD AUTONOMA DE BUENOS AIRES','ARGENTINA'),
 (41,'PARACAS',9772,'CIUDAD AUTONOMA DE BUENOS AIRES','CIUDAD AUTONOMA DE BUENOS AIRES','ARGENTINA'),
 (42,'PILCOMAYO',400,'CIUDAD AUTONOMA DE BUENOS AIRES','CIUDAD AUTONOMA DE BUENOS AIRES','ARGENTINA'),
 (43,'PJE S N',9781,'CIUDAD AUTONOMA DE BUENOS AIRES','CIUDAD AUTONOMA DE BUENOS AIRES','ARGENTINA'),
 (44,'ROCHDALE',45845,'CIUDAD AUTONOMA DE BUENOS AIRES','CIUDAD AUTONOMA DE BUENOS AIRES','ARGENTINA'),
 (45,'TIERRA DEL FUEGO',696,'CIUDAD AUTONOMA DE BUENOS AIRES','CIUDAD AUTONOMA DE BUENOS AIRES','ARGENTINA'),
 (46,'WILLIAM C MORRIS',4285,'CIUDAD AUTONOMA DE BUENOS AIRES','CIUDAD AUTONOMA DE BUENOS AIRES','ARGENTINA'),
 (47,'ANGEL PELUFFO',2088,'CIUDAD AUTONOMA DE BUENOS AIRES','CIUDAD AUTONOMA DE BUENOS AIRES','ARGENTINA'),
 (48,'BATHURST',61564,'CIUDAD AUTONOMA DE BUENOS AIRES','CIUDAD AUTONOMA DE BUENOS AIRES','ARGENTINA'),
 (49,'BOGADO',3117,'CIUDAD AUTONOMA DE BUENOS AIRES','CIUDAD AUTONOMA DE BUENOS AIRES','ARGENTINA'),
 (50,'GALLEGOS',8351,'CIUDAD AUTONOMA DE BUENOS AIRES','CIUDAD AUTONOMA DE BUENOS AIRES','ARGENTINA'),
 (51,'INCA',8664,'CIUDAD AUTONOMA DE BUENOS AIRES','CIUDAD AUTONOMA DE BUENOS AIRES','ARGENTINA'),
 (52,'JOSE JULIAN PEREZ',2929,'CIUDAD AUTONOMA DE BUENOS AIRES','CIUDAD AUTONOMA DE BUENOS AIRES','ARGENTINA'),
 (53,'OBRERO ROBERTO NUNEZ',1165,'CIUDAD AUTONOMA DE BUENOS AIRES','CIUDAD AUTONOMA DE BUENOS AIRES','ARGENTINA'),
 (54,'SIN CORRESPONDENCIA',898,'CIUDAD AUTONOMA DE BUENOS AIRES','CIUDAD AUTONOMA DE BUENOS AIRES','ARGENTINA'),
 (55,'ACHAVAL',3194,'CIUDAD AUTONOMA DE BUENOS AIRES','CIUDAD AUTONOMA DE BUENOS AIRES','ARGENTINA'),
 (56,'AV LILLO',59175,'CIUDAD AUTONOMA DE BUENOS AIRES','CIUDAD AUTONOMA DE BUENOS AIRES','ARGENTINA'),
 (57,'AV ROENTGEN',7552,'CIUDAD AUTONOMA DE BUENOS AIRES','CIUDAD AUTONOMA DE BUENOS AIRES','ARGENTINA'),
 (58,'BEADE',51430,'CIUDAD AUTONOMA DE BUENOS AIRES','CIUDAD AUTONOMA DE BUENOS AIRES','ARGENTINA'),
 (59,'BERNAL',2664,'CIUDAD AUTONOMA DE BUENOS AIRES','CIUDAD AUTONOMA DE BUENOS AIRES','ARGENTINA'),
 (60,'FEDERICO GARCIA LORCA',6961,'CIUDAD AUTONOMA DE BUENOS AIRES','CIUDAD AUTONOMA DE BUENOS AIRES','ARGENTINA'),
 (61,'MIRO',791,'CIUDAD AUTONOMA DE BUENOS AIRES','CIUDAD AUTONOMA DE BUENOS AIRES','ARGENTINA'),
 (62,'REPUBLICA DE INDONESIA',8598,'CIUDAD AUTONOMA DE BUENOS AIRES','CIUDAD AUTONOMA DE BUENOS AIRES','ARGENTINA'),
 (63,'AV VERNET',2036,'CIUDAD AUTONOMA DE BUENOS AIRES','CIUDAD AUTONOMA DE BUENOS AIRES','ARGENTINA'),
 (64,'BELL VILLE',2746,'CIUDAD AUTONOMA DE BUENOS AIRES','CIUDAD AUTONOMA DE BUENOS AIRES','ARGENTINA'),
 (65,'CABALLITO',3791,'CIUDAD AUTONOMA DE BUENOS AIRES','CIUDAD AUTONOMA DE BUENOS AIRES','ARGENTINA'),
 (66,'CALCENA',2568,'CIUDAD AUTONOMA DE BUENOS AIRES','CIUDAD AUTONOMA DE BUENOS AIRES','ARGENTINA'),
 (67,'CALLE S N',47507,'CIUDAD AUTONOMA DE BUENOS AIRES','CIUDAD AUTONOMA DE BUENOS AIRES','ARGENTINA'),
 (68,'CALLE S N',6123,'CIUDAD AUTONOMA DE BUENOS AIRES','CIUDAD AUTONOMA DE BUENOS AIRES','ARGENTINA'),
 (69,'CAPERUCITA',689,'CIUDAD AUTONOMA DE BUENOS AIRES','CIUDAD AUTONOMA DE BUENOS AIRES','ARGENTINA'),
 (70,'CARICANCHA',1084,'CIUDAD AUTONOMA DE BUENOS AIRES','CIUDAD AUTONOMA DE BUENOS AIRES','ARGENTINA'),
 (71,'CARLOS BERG',4226,'CIUDAD AUTONOMA DE BUENOS AIRES','CIUDAD AUTONOMA DE BUENOS AIRES','ARGENTINA'),
 (72,'CHARRUA',6966,'CIUDAD AUTONOMA DE BUENOS AIRES','CIUDAD AUTONOMA DE BUENOS AIRES','ARGENTINA'),
 (73,'CIPOLLETTI',2700,'CIUDAD AUTONOMA DE BUENOS AIRES','CIUDAD AUTONOMA DE BUENOS AIRES','ARGENTINA'),
 (74,'LA CAPITAL',2524,'CIUDAD AUTONOMA DE BUENOS AIRES','CIUDAD AUTONOMA DE BUENOS AIRES','ARGENTINA'),
 (75,'PERGAMINO',7041,'CIUDAD AUTONOMA DE BUENOS AIRES','CIUDAD AUTONOMA DE BUENOS AIRES','ARGENTINA'),
 (76,'PERRAULT',1687,'CIUDAD AUTONOMA DE BUENOS AIRES','CIUDAD AUTONOMA DE BUENOS AIRES','ARGENTINA'),
 (77,'RAMON Y CAJAL',6243,'CIUDAD AUTONOMA DE BUENOS AIRES','CIUDAD AUTONOMA DE BUENOS AIRES','ARGENTINA'),
 (78,'SOMELLERA',90228,'CIUDAD AUTONOMA DE BUENOS AIRES','CIUDAD AUTONOMA DE BUENOS AIRES','ARGENTINA'),
 (79,'TIMBO',3720,'CIUDAD AUTONOMA DE BUENOS AIRES','CIUDAD AUTONOMA DE BUENOS AIRES','ARGENTINA'),
 (80,'TTE GRL N LEVALLE',61798,'CIUDAD AUTONOMA DE BUENOS AIRES','CIUDAD AUTONOMA DE BUENOS AIRES','ARGENTINA'),
 (81,'UCACHA',2422,'CIUDAD AUTONOMA DE BUENOS AIRES','CIUDAD AUTONOMA DE BUENOS AIRES','ARGENTINA'),
 (82,'ZAPALA',8378,'CIUDAD AUTONOMA DE BUENOS AIRES','CIUDAD AUTONOMA DE BUENOS AIRES','ARGENTINA'),
 (83,'ALFARERO',1743,'CIUDAD AUTONOMA DE BUENOS AIRES','CIUDAD AUTONOMA DE BUENOS AIRES','ARGENTINA'),
 (84,'ASTURIAS',4615,'CIUDAD AUTONOMA DE BUENOS AIRES','CIUDAD AUTONOMA DE BUENOS AIRES','ARGENTINA'),
 (85,'AV EVA PERON',3651,'CIUDAD AUTONOMA DE BUENOS AIRES','CIUDAD AUTONOMA DE BUENOS AIRES','ARGENTINA'),
 (86,'GUSTAVO VAN MARCK',2758,'CORDOBA','CORDOBA','ARGENTINA'),
 (87,'GUSTAVO WALTHER',28910,'CORDOBA','CORDOBA','ARGENTINA'),
 (88,'BARCELONA',4379,'CIUDAD AUTONOMA DE BUENOS AIRES','CIUDAD AUTONOMA DE BUENOS AIRES','ARGENTINA'),
 (89,'CALLE S N',3096,'CIUDAD AUTONOMA DE BUENOS AIRES','CIUDAD AUTONOMA DE BUENOS AIRES','ARGENTINA'),
 (90,'CHAJARI',68059,'CIUDAD AUTONOMA DE BUENOS AIRES','CIUDAD AUTONOMA DE BUENOS AIRES','ARGENTINA'),
 (91,'CURA BROCHERO',3368,'CIUDAD AUTONOMA DE BUENOS AIRES','CIUDAD AUTONOMA DE BUENOS AIRES','ARGENTINA'),
 (92,'GRL NAPOLEON URIBURU',3816,'CIUDAD AUTONOMA DE BUENOS AIRES','CIUDAD AUTONOMA DE BUENOS AIRES','ARGENTINA'),
 (93,'GUILLERMO HUDSON',3759,'CIUDAD AUTONOMA DE BUENOS AIRES','CIUDAD AUTONOMA DE BUENOS AIRES','ARGENTINA'),
 (94,'LOS CEDROS',7153,'CIUDAD AUTONOMA DE BUENOS AIRES','CIUDAD AUTONOMA DE BUENOS AIRES','ARGENTINA'),
 (95,'MALDONADO',9248,'CIUDAD AUTONOMA DE BUENOS AIRES','CIUDAD AUTONOMA DE BUENOS AIRES','ARGENTINA'),
 (96,'PAILEBOT DAVISON',4324,'CIUDAD AUTONOMA DE BUENOS AIRES','CIUDAD AUTONOMA DE BUENOS AIRES','ARGENTINA'),
 (97,'PJE S N',894,'CIUDAD AUTONOMA DE BUENOS AIRES','CIUDAD AUTONOMA DE BUENOS AIRES','ARGENTINA'),
 (98,'RIO NEGRO',21968,'CIUDAD AUTONOMA DE BUENOS AIRES','CIUDAD AUTONOMA DE BUENOS AIRES','ARGENTINA'),
 (99,'SANTA CATALINA',89317,'CIUDAD AUTONOMA DE BUENOS AIRES','CIUDAD AUTONOMA DE BUENOS AIRES','ARGENTINA'),
 (100,'HECTOR ODDONE',644,'CORDOBA','CORDOBA','ARGENTINA'),
 (101,'VERACRUZ',15855,'CIUDAD AUTONOMA DE BUENOS AIRES','CIUDAD AUTONOMA DE BUENOS AIRES','ARGENTINA'),
 (102,'VALMTE IRIZAR',3447,'CIUDAD AUTONOMA DE BUENOS AIRES','CIUDAD AUTONOMA DE BUENOS AIRES','ARGENTINA'),
 (103,'VICENTE DE SIMONE',37584,'CIUDAD AUTONOMA DE BUENOS AIRES','CIUDAD AUTONOMA DE BUENOS AIRES','ARGENTINA'),
 (104,'VILLA DE MASNOU',9262,'CIUDAD AUTONOMA DE BUENOS AIRES','CIUDAD AUTONOMA DE BUENOS AIRES','ARGENTINA'),
 (105,'AV 27 DE FEBRERO',1871,'CIUDAD AUTONOMA DE BUENOS AIRES','CIUDAD AUTONOMA DE BUENOS AIRES','ARGENTINA'),
 (106,'ASTURIAS',38862,'CIUDAD AUTONOMA DE BUENOS AIRES','CIUDAD AUTONOMA DE BUENOS AIRES','ARGENTINA'),
 (107,'CARLOS MOREL',3372,'CIUDAD AUTONOMA DE BUENOS AIRES','CIUDAD AUTONOMA DE BUENOS AIRES','ARGENTINA'),
 (108,'COTOCOLLAO',24288,'CIUDAD AUTONOMA DE BUENOS AIRES','CIUDAD AUTONOMA DE BUENOS AIRES','ARGENTINA'),
 (109,'CURITYBA',4771,'CIUDAD AUTONOMA DE BUENOS AIRES','CIUDAD AUTONOMA DE BUENOS AIRES','ARGENTINA'),
 (110,'EL CARDENAL',4667,'CIUDAD AUTONOMA DE BUENOS AIRES','CIUDAD AUTONOMA DE BUENOS AIRES','ARGENTINA'),
 (111,'EL CARPINTERO',81657,'CIUDAD AUTONOMA DE BUENOS AIRES','CIUDAD AUTONOMA DE BUENOS AIRES','ARGENTINA'),
 (112,'EL CERRO',55918,'CIUDAD AUTONOMA DE BUENOS AIRES','CIUDAD AUTONOMA DE BUENOS AIRES','ARGENTINA'),
 (113,'EL CHACHO',1511,'CIUDAD AUTONOMA DE BUENOS AIRES','CIUDAD AUTONOMA DE BUENOS AIRES','ARGENTINA'),
 (114,'FINLANDIA',37112,'CIUDAD AUTONOMA DE BUENOS AIRES','CIUDAD AUTONOMA DE BUENOS AIRES','ARGENTINA'),
 (115,'FRAGATA CEFIRO',2261,'CIUDAD AUTONOMA DE BUENOS AIRES','CIUDAD AUTONOMA DE BUENOS AIRES','ARGENTINA'),
 (116,'FRANCISCO J ORTIZ',1858,'CIUDAD AUTONOMA DE BUENOS AIRES','CIUDAD AUTONOMA DE BUENOS AIRES','ARGENTINA'),
 (117,'GERONIMO CORTES',11047,'CIUDAD AUTONOMA DE BUENOS AIRES','CIUDAD AUTONOMA DE BUENOS AIRES','ARGENTINA'),
 (118,'GRAHAM R CUNNINGHAME',430,'CIUDAD AUTONOMA DE BUENOS AIRES','CIUDAD AUTONOMA DE BUENOS AIRES','ARGENTINA'),
 (119,'GRL CESAR DIAZ',1648,'CIUDAD AUTONOMA DE BUENOS AIRES','CIUDAD AUTONOMA DE BUENOS AIRES','ARGENTINA'),
 (120,'GUIPUZCOA',4577,'CIUDAD AUTONOMA DE BUENOS AIRES','CIUDAD AUTONOMA DE BUENOS AIRES','ARGENTINA'),
 (121,'JOSE R BALTORE',94717,'CIUDAD AUTONOMA DE BUENOS AIRES','CIUDAD AUTONOMA DE BUENOS AIRES','ARGENTINA'),
 (122,'JUAN B PRIMOLI',2751,'CIUDAD AUTONOMA DE BUENOS AIRES','CIUDAD AUTONOMA DE BUENOS AIRES','ARGENTINA'),
 (123,'JUAN LEON PALLIERE',3966,'CIUDAD AUTONOMA DE BUENOS AIRES','CIUDAD AUTONOMA DE BUENOS AIRES','ARGENTINA'),
 (124,'MARIA REMEDIOS DEL VALLE',41863,'CIUDAD AUTONOMA DE BUENOS AIRES','CIUDAD AUTONOMA DE BUENOS AIRES','ARGENTINA'),
 (125,'MOLINA',6070,'CIUDAD AUTONOMA DE BUENOS AIRES','CIUDAD AUTONOMA DE BUENOS AIRES','ARGENTINA'),
 (126,'ONESIMO LEGUIZAMON',3420,'CIUDAD AUTONOMA DE BUENOS AIRES','CIUDAD AUTONOMA DE BUENOS AIRES','ARGENTINA'),
 (127,'PASAJE PARTICULAR',85717,'CIUDAD AUTONOMA DE BUENOS AIRES','CIUDAD AUTONOMA DE BUENOS AIRES','ARGENTINA'),
 (128,'PASEO DE LOS ARTISTAS',4698,'CIUDAD AUTONOMA DE BUENOS AIRES','CIUDAD AUTONOMA DE BUENOS AIRES','ARGENTINA'),
 (129,'PJE LA MISERICORDIA',3701,'CIUDAD AUTONOMA DE BUENOS AIRES','CIUDAD AUTONOMA DE BUENOS AIRES','ARGENTINA'),
 (130,'PJE TOMAS VALENCIA',1477,'CIUDAD AUTONOMA DE BUENOS AIRES','CIUDAD AUTONOMA DE BUENOS AIRES','ARGENTINA'),
 (131,'POLONIA',987,'CIUDAD AUTONOMA DE BUENOS AIRES','CIUDAD AUTONOMA DE BUENOS AIRES','ARGENTINA'),
 (132,'PRELADO D B RISSO PATRON',15767,'CIUDAD AUTONOMA DE BUENOS AIRES','CIUDAD AUTONOMA DE BUENOS AIRES','ARGENTINA'),
 (133,'TRENQUE LAUQUEN',1490,'CIUDAD AUTONOMA DE BUENOS AIRES','CIUDAD AUTONOMA DE BUENOS AIRES','ARGENTINA'),
 (134,'TTE CANDIDO DE LA SALA',4874,'CIUDAD AUTONOMA DE BUENOS AIRES','CIUDAD AUTONOMA DE BUENOS AIRES','ARGENTINA'),
 (135,'TUYU',8405,'CIUDAD AUTONOMA DE BUENOS AIRES','CIUDAD AUTONOMA DE BUENOS AIRES','ARGENTINA'),
 (136,'YERBAL',4734,'CIUDAD AUTONOMA DE BUENOS AIRES','CIUDAD AUTONOMA DE BUENOS AIRES','ARGENTINA'),
 (137,'ACONCAGUA',94499,'CIUDAD AUTONOMA DE BUENOS AIRES','CIUDAD AUTONOMA DE BUENOS AIRES','ARGENTINA'),
 (138,'ALICANTE',56690,'CIUDAD AUTONOMA DE BUENOS AIRES','CIUDAD AUTONOMA DE BUENOS AIRES','ARGENTINA'),
 (139,'AV LACARRA',8604,'CIUDAD AUTONOMA DE BUENOS AIRES','CIUDAD AUTONOMA DE BUENOS AIRES','ARGENTINA'),
 (140,'BEYROUTH',3784,'CIUDAD AUTONOMA DE BUENOS AIRES','CIUDAD AUTONOMA DE BUENOS AIRES','ARGENTINA'),
 (141,'COLIGUE',7430,'CIUDAD AUTONOMA DE BUENOS AIRES','CIUDAD AUTONOMA DE BUENOS AIRES','ARGENTINA'),
 (142,'COLIQUEO',1102,'CIUDAD AUTONOMA DE BUENOS AIRES','CIUDAD AUTONOMA DE BUENOS AIRES','ARGENTINA'),
 (143,'DOLORES',2764,'CIUDAD AUTONOMA DE BUENOS AIRES','CIUDAD AUTONOMA DE BUENOS AIRES','ARGENTINA'),
 (144,'EMILIO CASTELAR',89076,'CIUDAD AUTONOMA DE BUENOS AIRES','CIUDAD AUTONOMA DE BUENOS AIRES','ARGENTINA'),
 (145,'EMILIO DE ALVEAR',30661,'CIUDAD AUTONOMA DE BUENOS AIRES','CIUDAD AUTONOMA DE BUENOS AIRES','ARGENTINA'),
 (146,'GARCIA DE COSSIO',5861,'CIUDAD AUTONOMA DE BUENOS AIRES','CIUDAD AUTONOMA DE BUENOS AIRES','ARGENTINA'),
 (147,'JOSE DE MATURANA',5056,'CIUDAD AUTONOMA DE BUENOS AIRES','CIUDAD AUTONOMA DE BUENOS AIRES','ARGENTINA'),
 (148,'LA DILIGENCIA',48381,'CIUDAD AUTONOMA DE BUENOS AIRES','CIUDAD AUTONOMA DE BUENOS AIRES','ARGENTINA'),
 (149,'MANZONI',59048,'CIUDAD AUTONOMA DE BUENOS AIRES','CIUDAD AUTONOMA DE BUENOS AIRES','ARGENTINA'),
 (150,'MAR DEL PLATA',18741,'CIUDAD AUTONOMA DE BUENOS AIRES','CIUDAD AUTONOMA DE BUENOS AIRES','ARGENTINA'),
 (151,'MARIA A DE LA PAZ Y FIGUEROA',1017,'CIUDAD AUTONOMA DE BUENOS AIRES','CIUDAD AUTONOMA DE BUENOS AIRES','ARGENTINA'),
 (152,'MENENDEZ Y PELAYO',1329,'CIUDAD AUTONOMA DE BUENOS AIRES','CIUDAD AUTONOMA DE BUENOS AIRES','ARGENTINA'),
 (153,'MIGUEL COUTO',3591,'CIUDAD AUTONOMA DE BUENOS AIRES','CIUDAD AUTONOMA DE BUENOS AIRES','ARGENTINA'),
 (154,'MILTON',2412,'CIUDAD AUTONOMA DE BUENOS AIRES','CIUDAD AUTONOMA DE BUENOS AIRES','ARGENTINA'),
 (155,'MIRAMAR',1834,'CIUDAD AUTONOMA DE BUENOS AIRES','CIUDAD AUTONOMA DE BUENOS AIRES','ARGENTINA'),
 (156,'NANDUTI',1777,'CIUDAD AUTONOMA DE BUENOS AIRES','CIUDAD AUTONOMA DE BUENOS AIRES','ARGENTINA'),
 (157,'PEHUAJO',88432,'CIUDAD AUTONOMA DE BUENOS AIRES','CIUDAD AUTONOMA DE BUENOS AIRES','ARGENTINA'),
 (158,'SAN NICOLAS',31783,'CIUDAD AUTONOMA DE BUENOS AIRES','CIUDAD AUTONOMA DE BUENOS AIRES','ARGENTINA'),
 (159,'SIMBRON',972,'CIUDAD AUTONOMA DE BUENOS AIRES','CIUDAD AUTONOMA DE BUENOS AIRES','ARGENTINA'),
 (160,'ALMAGRO',4884,'CIUDAD AUTONOMA DE BUENOS AIRES','CIUDAD AUTONOMA DE BUENOS AIRES','ARGENTINA'),
 (161,'AV CHORROARIN',2291,'CIUDAD AUTONOMA DE BUENOS AIRES','CIUDAD AUTONOMA DE BUENOS AIRES','ARGENTINA'),
 (162,'AV JOSE FAGNANO',3563,'CIUDAD AUTONOMA DE BUENOS AIRES','CIUDAD AUTONOMA DE BUENOS AIRES','ARGENTINA'),
 (163,'HERNANDO MAGALLANES',6697,'CORDOBA','CORDOBA','ARGENTINA'),
 (164,'AV TTE GRL DONATO ALVAREZ',2857,'CIUDAD AUTONOMA DE BUENOS AIRES','CIUDAD AUTONOMA DE BUENOS AIRES','ARGENTINA'),
 (165,'BASILIO CITTADINI',2209,'CIUDAD AUTONOMA DE BUENOS AIRES','CIUDAD AUTONOMA DE BUENOS AIRES','ARGENTINA'),
 (166,'BERNARDO DE LEON',1648,'CIUDAD AUTONOMA DE BUENOS AIRES','CIUDAD AUTONOMA DE BUENOS AIRES','ARGENTINA'),
 (167,'DR ALEJANDRO POSADAS',1075,'CIUDAD AUTONOMA DE BUENOS AIRES','CIUDAD AUTONOMA DE BUENOS AIRES','ARGENTINA'),
 (168,'FRANCO',98455,'CIUDAD AUTONOMA DE BUENOS AIRES','CIUDAD AUTONOMA DE BUENOS AIRES','ARGENTINA'),
 (169,'GABINO EZEIZA',29069,'CIUDAD AUTONOMA DE BUENOS AIRES','CIUDAD AUTONOMA DE BUENOS AIRES','ARGENTINA'),
 (170,'GAZETA DE BUENOS AIRES',9926,'CIUDAD AUTONOMA DE BUENOS AIRES','CIUDAD AUTONOMA DE BUENOS AIRES','ARGENTINA'),
 (171,'INDIO',69474,'CIUDAD AUTONOMA DE BUENOS AIRES','CIUDAD AUTONOMA DE BUENOS AIRES','ARGENTINA'),
 (172,'IGR AGUSTIN GONZALEZ',2137,'CIUDAD AUTONOMA DE BUENOS AIRES','CIUDAD AUTONOMA DE BUENOS AIRES','ARGENTINA'),
 (173,'JOSE INGENIEROS',3278,'CIUDAD AUTONOMA DE BUENOS AIRES','CIUDAD AUTONOMA DE BUENOS AIRES','ARGENTINA'),
 (174,'LA CALANDRIA',20118,'CIUDAD AUTONOMA DE BUENOS AIRES','CIUDAD AUTONOMA DE BUENOS AIRES','ARGENTINA'),
 (175,'MAGDALENA',39780,'CIUDAD AUTONOMA DE BUENOS AIRES','CIUDAD AUTONOMA DE BUENOS AIRES','ARGENTINA'),
 (176,'MANUEL DE SAN GINES',28332,'CIUDAD AUTONOMA DE BUENOS AIRES','CIUDAD AUTONOMA DE BUENOS AIRES','ARGENTINA'),
 (177,'MATEO J MARTINEZ',4550,'CIUDAD AUTONOMA DE BUENOS AIRES','CIUDAD AUTONOMA DE BUENOS AIRES','ARGENTINA'),
 (178,'MIGUEL COUTO',64735,'CIUDAD AUTONOMA DE BUENOS AIRES','CIUDAD AUTONOMA DE BUENOS AIRES','ARGENTINA'),
 (179,'RUSIA',39823,'CIUDAD AUTONOMA DE BUENOS AIRES','CIUDAD AUTONOMA DE BUENOS AIRES','ARGENTINA'),
 (180,'SIERRA GRANDE',51760,'CIUDAD AUTONOMA DE BUENOS AIRES','CIUDAD AUTONOMA DE BUENOS AIRES','ARGENTINA'),
 (181,'VILLA JUNCAL',42316,'CIUDAD AUTONOMA DE BUENOS AIRES','CIUDAD AUTONOMA DE BUENOS AIRES','ARGENTINA'),
 (182,'ARGELIA',1412,'CIUDAD AUTONOMA DE BUENOS AIRES','CIUDAD AUTONOMA DE BUENOS AIRES','ARGENTINA'),
 (183,'HIPOLITO MONTAGNE',9977,'CORDOBA','CORDOBA','ARGENTINA'),
 (184,'AVALOS',3497,'CIUDAD AUTONOMA DE BUENOS AIRES','CIUDAD AUTONOMA DE BUENOS AIRES','ARGENTINA'),
 (185,'CARLOS MOLINA ARROTEA',6770,'CIUDAD AUTONOMA DE BUENOS AIRES','CIUDAD AUTONOMA DE BUENOS AIRES','ARGENTINA'),
 (186,'DR HONORIO LEGUIZAMON',2481,'CIUDAD AUTONOMA DE BUENOS AIRES','CIUDAD AUTONOMA DE BUENOS AIRES','ARGENTINA'),
 (187,'DIAZ COLODRERO',2497,'CIUDAD AUTONOMA DE BUENOS AIRES','CIUDAD AUTONOMA DE BUENOS AIRES','ARGENTINA'),
 (188,'ELSA OCONNOR',1949,'CIUDAD AUTONOMA DE BUENOS AIRES','CIUDAD AUTONOMA DE BUENOS AIRES','ARGENTINA'),
 (189,'EMILIO CIVIT',22444,'CIUDAD AUTONOMA DE BUENOS AIRES','CIUDAD AUTONOMA DE BUENOS AIRES','ARGENTINA'),
 (190,'GAMARRA',88593,'CIUDAD AUTONOMA DE BUENOS AIRES','CIUDAD AUTONOMA DE BUENOS AIRES','ARGENTINA'),
 (191,'ISLANDIA',483,'CIUDAD AUTONOMA DE BUENOS AIRES','CIUDAD AUTONOMA DE BUENOS AIRES','ARGENTINA'),
 (192,'GUSTAVO REARTE',9425,'CIUDAD AUTONOMA DE BUENOS AIRES','CIUDAD AUTONOMA DE BUENOS AIRES','ARGENTINA'),
 (193,'JOAQUIN CASTELLANOS',67768,'CIUDAD AUTONOMA DE BUENOS AIRES','CIUDAD AUTONOMA DE BUENOS AIRES','ARGENTINA'),
 (194,'JORGE CAFRUNE (NO OFICIAL)',3591,'CIUDAD AUTONOMA DE BUENOS AIRES','CIUDAD AUTONOMA DE BUENOS AIRES','ARGENTINA'),
 (195,'JORGE DI PASCUALE',3546,'CIUDAD AUTONOMA DE BUENOS AIRES','CIUDAD AUTONOMA DE BUENOS AIRES','ARGENTINA'),
 (196,'JOSE VARAS',8168,'CIUDAD AUTONOMA DE BUENOS AIRES','CIUDAD AUTONOMA DE BUENOS AIRES','ARGENTINA'),
 (197,'LITUANIA',6088,'CIUDAD AUTONOMA DE BUENOS AIRES','CIUDAD AUTONOMA DE BUENOS AIRES','ARGENTINA'),
 (198,'MANUEL ALVAREZ PRADO',5405,'CIUDAD AUTONOMA DE BUENOS AIRES','CIUDAD AUTONOMA DE BUENOS AIRES','ARGENTINA'),
 (199,'MIGUEL A CAMINO',44066,'CIUDAD AUTONOMA DE BUENOS AIRES','CIUDAD AUTONOMA DE BUENOS AIRES','ARGENTINA'),
 (200,'PLUS ULTRA',8690,'CIUDAD AUTONOMA DE BUENOS AIRES','CIUDAD AUTONOMA DE BUENOS AIRES','ARGENTINA'),
 (201,'PESTALOZZI',13619,'CIUDAD AUTONOMA DE BUENOS AIRES','CIUDAD AUTONOMA DE BUENOS AIRES','ARGENTINA'),
 (202,'PROMETEO',1326,'CIUDAD AUTONOMA DE BUENOS AIRES','CIUDAD AUTONOMA DE BUENOS AIRES','ARGENTINA'),
 (203,'RODRIGO ORTIZ DE ZARATE',6473,'CIUDAD AUTONOMA DE BUENOS AIRES','CIUDAD AUTONOMA DE BUENOS AIRES','ARGENTINA'),
 (204,'RUFINO',2906,'CIUDAD AUTONOMA DE BUENOS AIRES','CIUDAD AUTONOMA DE BUENOS AIRES','ARGENTINA'),
 (205,'SAN FRANCISCO DE ASIS',4099,'CIUDAD AUTONOMA DE BUENOS AIRES','CIUDAD AUTONOMA DE BUENOS AIRES','ARGENTINA'),
 (206,'SANTOS VEGA',4072,'CIUDAD AUTONOMA DE BUENOS AIRES','CIUDAD AUTONOMA DE BUENOS AIRES','ARGENTINA'),
 (207,'AV MELIAN',2170,'CIUDAD AUTONOMA DE BUENOS AIRES','CIUDAD AUTONOMA DE BUENOS AIRES','ARGENTINA'),
 (208,'CALLE S N',6641,'CIUDAD AUTONOMA DE BUENOS AIRES','CIUDAD AUTONOMA DE BUENOS AIRES','ARGENTINA'),
 (209,'DR MARCELO J FITTE',7986,'CIUDAD AUTONOMA DE BUENOS AIRES','CIUDAD AUTONOMA DE BUENOS AIRES','ARGENTINA'),
 (210,'MUNICH',97290,'CIUDAD AUTONOMA DE BUENOS AIRES','CIUDAD AUTONOMA DE BUENOS AIRES','ARGENTINA'),
 (211,'TEGUCIGALPA',4466,'CIUDAD AUTONOMA DE BUENOS AIRES','CIUDAD AUTONOMA DE BUENOS AIRES','ARGENTINA'),
 (212,'ZAVALIA',3589,'CIUDAD AUTONOMA DE BUENOS AIRES','CIUDAD AUTONOMA DE BUENOS AIRES','ARGENTINA'),
 (213,'BILLINGHURST',26305,'CIUDAD AUTONOMA DE BUENOS AIRES','CIUDAD AUTONOMA DE BUENOS AIRES','ARGENTINA'),
 (214,'CONVENCION',18516,'CIUDAD AUTONOMA DE BUENOS AIRES','CIUDAD AUTONOMA DE BUENOS AIRES','ARGENTINA'),
 (215,'DEL SIGNO',5987,'CIUDAD AUTONOMA DE BUENOS AIRES','CIUDAD AUTONOMA DE BUENOS AIRES','ARGENTINA'),
 (216,'INTENDENTE BUNGE',678,'CIUDAD AUTONOMA DE BUENOS AIRES','CIUDAD AUTONOMA DE BUENOS AIRES','ARGENTINA'),
 (217,'JOSE ORTEGA Y GASSET',1816,'CIUDAD AUTONOMA DE BUENOS AIRES','CIUDAD AUTONOMA DE BUENOS AIRES','ARGENTINA'),
 (218,'MIGUEL CANE',4526,'CIUDAD AUTONOMA DE BUENOS AIRES','CIUDAD AUTONOMA DE BUENOS AIRES','ARGENTINA'),
 (219,'PAUNERO',91988,'CIUDAD AUTONOMA DE BUENOS AIRES','CIUDAD AUTONOMA DE BUENOS AIRES','ARGENTINA'),
 (220,'PEREYRA LUCENA',6012,'CIUDAD AUTONOMA DE BUENOS AIRES','CIUDAD AUTONOMA DE BUENOS AIRES','ARGENTINA'),
 (221,'PRINGLES',2250,'CIUDAD AUTONOMA DE BUENOS AIRES','CIUDAD AUTONOMA DE BUENOS AIRES','ARGENTINA'),
 (222,'VIDT',5539,'CIUDAD AUTONOMA DE BUENOS AIRES','CIUDAD AUTONOMA DE BUENOS AIRES','ARGENTINA'),
 (223,'ADOLFO P CARRANZA',82408,'CIUDAD AUTONOMA DE BUENOS AIRES','CIUDAD AUTONOMA DE BUENOS AIRES','ARGENTINA'),
 (224,'ARGANARAS',56259,'CIUDAD AUTONOMA DE BUENOS AIRES','CIUDAD AUTONOMA DE BUENOS AIRES','ARGENTINA'),
 (225,'ANGEL J CARRANZA',2282,'CIUDAD AUTONOMA DE BUENOS AIRES','CIUDAD AUTONOMA DE BUENOS AIRES','ARGENTINA'),
 (226,'AV GARMENDIA',7856,'CIUDAD AUTONOMA DE BUENOS AIRES','CIUDAD AUTONOMA DE BUENOS AIRES','ARGENTINA'),
 (227,'EUGENIO RAMIREZ',4698,'CIUDAD AUTONOMA DE BUENOS AIRES','CIUDAD AUTONOMA DE BUENOS AIRES','ARGENTINA'),
 (228,'MARIO BERNASCONI',72197,'CIUDAD AUTONOMA DE BUENOS AIRES','CIUDAD AUTONOMA DE BUENOS AIRES','ARGENTINA'),
 (229,'MELINCUE',5175,'CIUDAD AUTONOMA DE BUENOS AIRES','CIUDAD AUTONOMA DE BUENOS AIRES','ARGENTINA'),
 (230,'MURCIA',7087,'CIUDAD AUTONOMA DE BUENOS AIRES','CIUDAD AUTONOMA DE BUENOS AIRES','ARGENTINA'),
 (231,'SIN CORRESPONDENCIA',97576,'CIUDAD AUTONOMA DE BUENOS AIRES','CIUDAD AUTONOMA DE BUENOS AIRES','ARGENTINA'),
 (232,'TASSO',5507,'CIUDAD AUTONOMA DE BUENOS AIRES','CIUDAD AUTONOMA DE BUENOS AIRES','ARGENTINA'),
 (233,'URDININEA',1763,'CIUDAD AUTONOMA DE BUENOS AIRES','CIUDAD AUTONOMA DE BUENOS AIRES','ARGENTINA'),
 (234,'HUGO BORNANCINI',4868,'CORDOBA','CORDOBA','ARGENTINA'),
 (235,'A GHIRALDO',4983,'ALMIRANTE BROWN','BUENOS AIRES','ARGENTINA'),
 (236,'AGRELO',4748,'ALMIRANTE BROWN','BUENOS AIRES','ARGENTINA'),
 (237,'ALICE',4139,'ALMIRANTE BROWN','BUENOS AIRES','ARGENTINA'),
 (238,'ARDOHAIN',7360,'ALMIRANTE BROWN','BUENOS AIRES','ARGENTINA'),
 (239,'AV BURGWARD',3734,'ALMIRANTE BROWN','BUENOS AIRES','ARGENTINA'),
 (240,'HUINCUL',70539,'CORDOBA','CORDOBA','ARGENTINA'),
 (241,'GUANUSACATE',13710,'CORDOBA','CORDOBA','ARGENTINA'),
 (242,'IDIAZABAL',1836,'CORDOBA','CORDOBA','ARGENTINA'),
 (243,'B BEQUER',16081,'ALMIRANTE BROWN','BUENOS AIRES','ARGENTINA'),
 (244,'BATALLA DE C RAYADA',2173,'ALMIRANTE BROWN','BUENOS AIRES','ARGENTINA'),
 (245,'BENITO LYNCH',422,'ALMIRANTE BROWN','BUENOS AIRES','ARGENTINA'),
 (246,'BERAZAIN',3833,'ALMIRANTE BROWN','BUENOS AIRES','ARGENTINA'),
 (247,'BURGOS',8937,'ALMIRANTE BROWN','BUENOS AIRES','ARGENTINA'),
 (248,'C RIPPAMONTI',9832,'ALMIRANTE BROWN','BUENOS AIRES','ARGENTINA'),
 (249,'CALLE 18',6038,'ALMIRANTE BROWN','BUENOS AIRES','ARGENTINA'),
 (250,'CALLE S N',2083,'ALMIRANTE BROWN','BUENOS AIRES','ARGENTINA'),
 (251,'CALLE S N',679,'ALMIRANTE BROWN','BUENOS AIRES','ARGENTINA'),
 (252,'CASTRO',59595,'ALMIRANTE BROWN','BUENOS AIRES','ARGENTINA'),
 (253,'CHANAR',1425,'ALMIRANTE BROWN','BUENOS AIRES','ARGENTINA'),
 (254,'DIEGO VILLAROEL',1297,'ALMIRANTE BROWN','BUENOS AIRES','ARGENTINA'),
 (255,'DR LUIS AGOTE',32072,'ALMIRANTE BROWN','BUENOS AIRES','ARGENTINA'),
 (256,'ECHEVERRY',9063,'ALMIRANTE BROWN','BUENOS AIRES','ARGENTINA'),
 (257,'EL CHURRINCHE',75979,'ALMIRANTE BROWN','BUENOS AIRES','ARGENTINA'),
 (258,'EL RODEO',5019,'ALMIRANTE BROWN','BUENOS AIRES','ARGENTINA'),
 (259,'F DE CUVAS',68572,'ALMIRANTE BROWN','BUENOS AIRES','ARGENTINA'),
 (260,'FORMOSA',4223,'ALMIRANTE BROWN','BUENOS AIRES','ARGENTINA'),
 (261,'GRL ARTIGAS',95192,'ALMIRANTE BROWN','BUENOS AIRES','ARGENTINA'),
 (262,'GRL HORNOS',78274,'ALMIRANTE BROWN','BUENOS AIRES','ARGENTINA'),
 (263,'GRL ROCA',1823,'ALMIRANTE BROWN','BUENOS AIRES','ARGENTINA'),
 (264,'GUTTERO',26837,'ALMIRANTE BROWN','BUENOS AIRES','ARGENTINA'),
 (265,'IGLESIAS',2954,'ALMIRANTE BROWN','BUENOS AIRES','ARGENTINA'),
 (266,'J CASACUBERTA',6130,'ALMIRANTE BROWN','BUENOS AIRES','ARGENTINA'),
 (267,'J ROSSINI',515,'ALMIRANTE BROWN','BUENOS AIRES','ARGENTINA'),
 (268,'JEFRIE',2481,'ALMIRANTE BROWN','BUENOS AIRES','ARGENTINA'),
 (269,'JOSE M ZUVIRIA',1563,'ALMIRANTE BROWN','BUENOS AIRES','ARGENTINA'),
 (270,'KENNEDY',7787,'ALMIRANTE BROWN','BUENOS AIRES','ARGENTINA'),
 (271,'LA CONDICION',2878,'ALMIRANTE BROWN','BUENOS AIRES','ARGENTINA'),
 (272,'LA VINCHA',70284,'ALMIRANTE BROWN','BUENOS AIRES','ARGENTINA'),
 (273,'LAS MARGARITAS',7220,'ALMIRANTE BROWN','BUENOS AIRES','ARGENTINA'),
 (274,'LOEDEL POLUMBO',9150,'ALMIRANTE BROWN','BUENOS AIRES','ARGENTINA'),
 (275,'LOS CEDROS',4169,'ALMIRANTE BROWN','BUENOS AIRES','ARGENTINA'),
 (276,'LOS LAGARTOS',599,'ALMIRANTE BROWN','BUENOS AIRES','ARGENTINA'),
 (277,'NEUQUEN',54399,'ALMIRANTE BROWN','BUENOS AIRES','ARGENTINA'),
 (278,'NEWTON',5338,'ALMIRANTE BROWN','BUENOS AIRES','ARGENTINA'),
 (279,'OBLIGADO',296,'ALMIRANTE BROWN','BUENOS AIRES','ARGENTINA'),
 (280,'P PUEYRREDON',61064,'ALMIRANTE BROWN','BUENOS AIRES','ARGENTINA'),
 (281,'PEDRO E PICO',7984,'ALMIRANTE BROWN','BUENOS AIRES','ARGENTINA'),
 (282,'PEDRO ETCHEGOYEN',61438,'ALMIRANTE BROWN','BUENOS AIRES','ARGENTINA'),
 (283,'PELLERANO',24195,'ALMIRANTE BROWN','BUENOS AIRES','ARGENTINA'),
 (284,'PINEDO',929,'ALMIRANTE BROWN','BUENOS AIRES','ARGENTINA'),
 (285,'PRIETO',3831,'ALMIRANTE BROWN','BUENOS AIRES','ARGENTINA'),
 (286,'R CALZADA',543,'ALMIRANTE BROWN','BUENOS AIRES','ARGENTINA'),
 (287,'RESEDA',3429,'ALMIRANTE BROWN','BUENOS AIRES','ARGENTINA'),
 (288,'RICARDO ROJAS',9113,'ALMIRANTE BROWN','BUENOS AIRES','ARGENTINA'),
 (289,'RIZZUTO',1170,'ALMIRANTE BROWN','BUENOS AIRES','ARGENTINA'),
 (290,'ROBERTO ARLT',3681,'ALMIRANTE BROWN','BUENOS AIRES','ARGENTINA'),
 (291,'ROGGERO',3953,'ALMIRANTE BROWN','BUENOS AIRES','ARGENTINA'),
 (292,'RUY DIAZ DE GUZMAN',962,'ALMIRANTE BROWN','BUENOS AIRES','ARGENTINA'),
 (293,'SAN BENITO',1210,'ALMIRANTE BROWN','BUENOS AIRES','ARGENTINA'),
 (294,'SAN MATEO',4031,'ALMIRANTE BROWN','BUENOS AIRES','ARGENTINA'),
 (295,'SAN MARCOS',7727,'ALMIRANTE BROWN','BUENOS AIRES','ARGENTINA'),
 (296,'SANTA TERESA',77606,'ALMIRANTE BROWN','BUENOS AIRES','ARGENTINA'),
 (297,'TABARE',660,'ALMIRANTE BROWN','BUENOS AIRES','ARGENTINA'),
 (298,'TACUAREMBO',4488,'ALMIRANTE BROWN','BUENOS AIRES','ARGENTINA'),
 (299,'TALES',4468,'ALMIRANTE BROWN','BUENOS AIRES','ARGENTINA'),
 (300,'V LORETO',595,'ALMIRANTE BROWN','BUENOS AIRES','ARGENTINA'),
 (301,'CALLE S N',2639,'ALMIRANTE BROWN','BUENOS AIRES','ARGENTINA'),
 (302,'BOEDO',2463,'AVELLANEDA','BUENOS AIRES','ARGENTINA'),
 (303,'CALLE S N',26819,'AVELLANEDA','BUENOS AIRES','ARGENTINA'),
 (304,'CALLE S N',3466,'AVELLANEDA','BUENOS AIRES','ARGENTINA'),
 (305,'CERRITO',62044,'AVELLANEDA','BUENOS AIRES','ARGENTINA'),
 (306,'CERVANTES',5968,'AVELLANEDA','BUENOS AIRES','ARGENTINA'),
 (307,'CNL CESPEDES',3174,'AVELLANEDA','BUENOS AIRES','ARGENTINA'),
 (308,'CORONADO',64671,'AVELLANEDA','BUENOS AIRES','ARGENTINA'),
 (309,'ESMERALDA',2272,'AVELLANEDA','BUENOS AIRES','ARGENTINA'),
 (310,'GERONIMO SALGUERO',4272,'AVELLANEDA','BUENOS AIRES','ARGENTINA'),
 (311,'GRL MOLINA',59832,'AVELLANEDA','BUENOS AIRES','ARGENTINA'),
 (312,'LA BLANCA',3710,'AVELLANEDA','BUENOS AIRES','ARGENTINA'),
 (313,'LAUTARO',2787,'AVELLANEDA','BUENOS AIRES','ARGENTINA'),
 (314,'MANUEL UGARTE',4279,'AVELLANEDA','BUENOS AIRES','ARGENTINA'),
 (315,'PATAGONIA',355,'AVELLANEDA','BUENOS AIRES','ARGENTINA'),
 (316,'PJE S N',1444,'AVELLANEDA','BUENOS AIRES','ARGENTINA'),
 (317,'RAMON LISTA',5783,'AVELLANEDA','BUENOS AIRES','ARGENTINA'),
 (318,'SAN MARINO',4736,'AVELLANEDA','BUENOS AIRES','ARGENTINA'),
 (319,'SPANGENBERG',4018,'AVELLANEDA','BUENOS AIRES','ARGENTINA'),
 (320,'TUPAC AMARU',2794,'AVELLANEDA','BUENOS AIRES','ARGENTINA'),
 (321,'UNION',6410,'AVELLANEDA','BUENOS AIRES','ARGENTINA'),
 (322,'USPALLATA',5300,'AVELLANEDA','BUENOS AIRES','ARGENTINA'),
 (323,'BERUTI',28372,'AVELLANEDA','BUENOS AIRES','ARGENTINA'),
 (324,'FORMOSA',5635,'AYACUCHO','BUENOS AIRES','ARGENTINA'),
 (325,'JUSTINO MORALES',74766,'AYACUCHO','BUENOS AIRES','ARGENTINA'),
 (326,'ANTARTIDA ARGENTINA',6754,'AZUL','BUENOS AIRES','ARGENTINA'),
 (327,'CALLE 303',3901,'AZUL','BUENOS AIRES','ARGENTINA'),
 (328,'CALLE S N',8663,'AZUL','BUENOS AIRES','ARGENTINA'),
 (329,'CALLE S N',5639,'AZUL','BUENOS AIRES','ARGENTINA'),
 (330,'CALLE S N',922,'AZUL','BUENOS AIRES','ARGENTINA'),
 (331,'DE LAS CATIVAS',89134,'AZUL','BUENOS AIRES','ARGENTINA'),
 (332,'FACUNDO QUIROGA',4281,'AZUL','BUENOS AIRES','ARGENTINA'),
 (333,'GUAMINI',2313,'AZUL','BUENOS AIRES','ARGENTINA'),
 (334,'MEXICO - C 11',734,'AZUL','BUENOS AIRES','ARGENTINA'),
 (335,'PJE S N',14674,'AZUL','BUENOS AIRES','ARGENTINA'),
 (336,'PJE SAN CAYETANO',2986,'AZUL','BUENOS AIRES','ARGENTINA'),
 (337,'TIERRA DEL FUEGO',3344,'AZUL','BUENOS AIRES','ARGENTINA'),
 (338,'VENEZUELA',33394,'AZUL','BUENOS AIRES','ARGENTINA'),
 (339,'ALEMANES DEL VOLGA',853,'BAIHA BLANCA','BUENOS AIRES','ARGENTINA'),
 (340,'ARAUJO',1885,'BAIHA BLANCA','BUENOS AIRES','ARGENTINA'),
 (341,'AV DE LAS SOPHORAS',4220,'BAIHA BLANCA','BUENOS AIRES','ARGENTINA'),
 (342,'CALLE S N',19696,'BAIHA BLANCA','BUENOS AIRES','ARGENTINA'),
 (343,'CALLE S N',72403,'BAIHA BLANCA','BUENOS AIRES','ARGENTINA'),
 (344,'CALLE S N',4699,'BAIHA BLANCA','BUENOS AIRES','ARGENTINA'),
 (345,'DAMAS MENDOCINAS',1068,'BAIHA BLANCA','BUENOS AIRES','ARGENTINA'),
 (346,'DE LA SOBERANIA',7332,'BAIHA BLANCA','BUENOS AIRES','ARGENTINA'),
 (347,'ENRIQUE J AGESTA',4094,'BAIHA BLANCA','BUENOS AIRES','ARGENTINA'),
 (348,'EUSKADI',74909,'BAIHA BLANCA','BUENOS AIRES','ARGENTINA'),
 (349,'GALLEGO MORA',37801,'BAIHA BLANCA','BUENOS AIRES','ARGENTINA'),
 (350,'HUMBERTO I',3947,'BAIHA BLANCA','BUENOS AIRES','ARGENTINA'),
 (351,'INMIGRANTES',61890,'BAIHA BLANCA','BUENOS AIRES','ARGENTINA'),
 (352,'J PENNA',1818,'BAIHA BLANCA','BUENOS AIRES','ARGENTINA'),
 (353,'KLOOSTERMAN',4289,'BAIHA BLANCA','BUENOS AIRES','ARGENTINA'),
 (354,'LA PAMPA',8974,'BAIHA BLANCA','BUENOS AIRES','ARGENTINA'),
 (355,'LARREA',820,'BAIHA BLANCA','BUENOS AIRES','ARGENTINA'),
 (356,'LAS COTORRAS',14216,'BAIHA BLANCA','BUENOS AIRES','ARGENTINA'),
 (357,'LOS AROMOS',95171,'BAIHA BLANCA','BUENOS AIRES','ARGENTINA'),
 (358,'LOS NARANJOS',258,'BAIHA BLANCA','BUENOS AIRES','ARGENTINA'),
 (359,'MAPUCHE',81354,'BAIHA BLANCA','BUENOS AIRES','ARGENTINA'),
 (360,'MARTIN FIERRO',9097,'BAIHA BLANCA','BUENOS AIRES','ARGENTINA'),
 (361,'MEJICO 2',4295,'BAIHA BLANCA','BUENOS AIRES','ARGENTINA'),
 (362,'P DE ROGATIS',9445,'BAIHA BLANCA','BUENOS AIRES','ARGENTINA'),
 (363,'P VANGUAROTA',1588,'BAIHA BLANCA','BUENOS AIRES','ARGENTINA'),
 (364,'PAGO CHICO',758,'BAIHA BLANCA','BUENOS AIRES','ARGENTINA'),
 (365,'PENALOZA',6657,'BAIHA BLANCA','BUENOS AIRES','ARGENTINA'),
 (366,'PJE HUSARES',1808,'BAIHA BLANCA','BUENOS AIRES','ARGENTINA'),
 (367,'PRONSATO',5313,'BAIHA BLANCA','BUENOS AIRES','ARGENTINA'),
 (368,'QUINQUELA MARTIN',3319,'BAIHA BLANCA','BUENOS AIRES','ARGENTINA'),
 (369,'QUINTANA',3476,'BAIHA BLANCA','BUENOS AIRES','ARGENTINA'),
 (370,'RENUZ',6696,'BAIHA BLANCA','BUENOS AIRES','ARGENTINA'),
 (371,'RODAS',7528,'BAIHA BLANCA','BUENOS AIRES','ARGENTINA'),
 (372,'CALLE S N',13404,'ARRECIFES','BUENOS AIRES','ARGENTINA'),
 (373,'SALVADOR MAZZA',63420,'BAIHA BLANCA','BUENOS AIRES','ARGENTINA'),
 (374,'SAN JUAN',85200,'BAIHA BLANCA','BUENOS AIRES','ARGENTINA'),
 (375,'SAN LUIS',9551,'BAIHA BLANCA','BUENOS AIRES','ARGENTINA'),
 (376,'SANTO DOMINGO',28677,'BAIHA BLANCA','BUENOS AIRES','ARGENTINA'),
 (377,'SAUCE CHICO',1267,'BAIHA BLANCA','BUENOS AIRES','ARGENTINA'),
 (378,'SEVILLA',1378,'BAIHA BLANCA','BUENOS AIRES','ARGENTINA'),
 (379,'TIERRA DEL FUEGO',2444,'BAIHA BLANCA','BUENOS AIRES','ARGENTINA'),
 (380,'TTE DE FRAGATA LESTANI',4878,'BAIHA BLANCA','BUENOS AIRES','ARGENTINA'),
 (381,'VESPUCIO',8266,'BAIHA BLANCA','BUENOS AIRES','ARGENTINA'),
 (382,'WAICA',84909,'BAIHA BLANCA','BUENOS AIRES','ARGENTINA'),
 (383,'YEPUN',4433,'BAIHA BLANCA','BUENOS AIRES','ARGENTINA'),
 (384,'ZEBALLOS',6480,'BAIHA BLANCA','BUENOS AIRES','ARGENTINA'),
 (385,'CALLE 22',75699,'BALCARCE','BUENOS AIRES','ARGENTINA'),
 (386,'CALLE S N',6186,'BALCARCE','BUENOS AIRES','ARGENTINA'),
 (387,'PJE S N',29297,'BALCARCE','BUENOS AIRES','ARGENTINA'),
 (388,'ALBERDI',1303,'BARADERO','BUENOS AIRES','ARGENTINA'),
 (389,'CALLE S N',6347,'BARADERO','BUENOS AIRES','ARGENTINA'),
 (390,'CHANA',45975,'BARADERO','BUENOS AIRES','ARGENTINA'),
 (391,'ERNESTO CHE GUEVARA',2390,'BARADERO','BUENOS AIRES','ARGENTINA'),
 (392,'JOHN F KENNEDY',16862,'BARADERO','BUENOS AIRES','ARGENTINA'),
 (393,'CALLE 129 A',2892,'BERAZATEGUI','BUENOS AIRES','ARGENTINA'),
 (394,'MALVINAS ARGENTINAS',1054,'BARADERO','BUENOS AIRES','ARGENTINA'),
 (395,'PERITO MORENO',95185,'BARADERO','BUENOS AIRES','ARGENTINA'),
 (396,'SARMIENTO',3862,'BARADERO','BUENOS AIRES','ARGENTINA'),
 (397,'25 DE MAYO',1321,'ARRECIFES','BUENOS AIRES','ARGENTINA'),
 (398,'CALLE S N',4911,'ARRECIFES','BUENOS AIRES','ARGENTINA'),
 (399,'CALLE S N',54726,'ARRECIFES','BUENOS AIRES','ARGENTINA'),
 (400,'COSTA RICA',396,'ARRECIFES','BUENOS AIRES','ARGENTINA'),
 (401,'HORACIO BANCALARI',8458,'ARRECIFES','BUENOS AIRES','ARGENTINA'),
 (402,'SAN LUIS',60889,'ARRECIFES','BUENOS AIRES','ARGENTINA'),
 (403,'SAN PEDRO',1334,'ARRECIFES','BUENOS AIRES','ARGENTINA'),
 (404,'SARDI',61509,'ARRECIFES','BUENOS AIRES','ARGENTINA'),
 (405,'3 DE JULIO - C 51',44689,'BENITO JUAREZ','BUENOS AIRES','ARGENTINA'),
 (406,'CALLE S N',4854,'BENITO JUAREZ','BUENOS AIRES','ARGENTINA'),
 (407,'CALLE S N',4941,'BENITO JUAREZ','BUENOS AIRES','ARGENTINA'),
 (408,'CALLE S N',44347,'BENITO JUAREZ','BUENOS AIRES','ARGENTINA'),
 (409,'CORRIENTES - C 19',549,'BENITO JUAREZ','BUENOS AIRES','ARGENTINA'),
 (410,'GRL RODRIGUEZ - C 28',7069,'BENITO JUAREZ','BUENOS AIRES','ARGENTINA'),
 (411,'MARTI - C 53',2592,'BENITO JUAREZ','BUENOS AIRES','ARGENTINA'),
 (412,'SALINAS GRANDES - C 5',64077,'BENITO JUAREZ','BUENOS AIRES','ARGENTINA'),
 (413,'BARTON',11806,'BERAZATEGUI','BUENOS AIRES','ARGENTINA'),
 (414,'JOHN F KENNEDY',527,'YERBA BUENA-MARCOS PAZ','TUCUMAN','ARGENTINA'),
 (415,'CALLE 118 A',2292,'BERAZATEGUI','BUENOS AIRES','ARGENTINA'),
 (416,'CALLE 12 B',25300,'BERAZATEGUI','BUENOS AIRES','ARGENTINA'),
 (417,'CALLE 120',4509,'BERAZATEGUI','BUENOS AIRES','ARGENTINA'),
 (418,'CALLE 123 A',24832,'BERAZATEGUI','BUENOS AIRES','ARGENTINA'),
 (419,'CALLE 126',77205,'BERAZATEGUI','BUENOS AIRES','ARGENTINA'),
 (420,'CALLE 127',1498,'BERAZATEGUI','BUENOS AIRES','ARGENTINA'),
 (421,'CALLE 129 A',61175,'BERAZATEGUI','BUENOS AIRES','ARGENTINA'),
 (422,'CALLE 129 A',9403,'BERAZATEGUI','BUENOS AIRES','ARGENTINA'),
 (423,'CALLE 132 A',2818,'BERAZATEGUI','BUENOS AIRES','ARGENTINA'),
 (424,'CALLE 137 A',536,'BERAZATEGUI','BUENOS AIRES','ARGENTINA'),
 (425,'CALLE 146',66217,'BERAZATEGUI','BUENOS AIRES','ARGENTINA'),
 (426,'CALLE 152',4593,'BERAZATEGUI','BUENOS AIRES','ARGENTINA'),
 (427,'CALLE 155 A',1378,'BERAZATEGUI','BUENOS AIRES','ARGENTINA'),
 (428,'CALLE 157 A',7102,'BERAZATEGUI','BUENOS AIRES','ARGENTINA'),
 (429,'CALLE 164 A',4939,'BERAZATEGUI','BUENOS AIRES','ARGENTINA'),
 (430,'JUAN PABLO II',4977,'YERBA BUENA-MARCOS PAZ','TUCUMAN','ARGENTINA'),
 (431,'CALLE 206 B',2388,'BERAZATEGUI','BUENOS AIRES','ARGENTINA'),
 (432,'CALLE 215',47558,'BERAZATEGUI','BUENOS AIRES','ARGENTINA'),
 (433,'CALLE 27 A',3155,'BERAZATEGUI','BUENOS AIRES','ARGENTINA'),
 (434,'CALLE 28 A',75565,'BERAZATEGUI','BUENOS AIRES','ARGENTINA'),
 (435,'CALLE 29 A',4019,'BERAZATEGUI','BUENOS AIRES','ARGENTINA'),
 (436,'CALLE 309',4542,'BERAZATEGUI','BUENOS AIRES','ARGENTINA'),
 (437,'CALLE 36 A',46997,'BERAZATEGUI','BUENOS AIRES','ARGENTINA'),
 (438,'CALLE 368 B',3542,'BERAZATEGUI','BUENOS AIRES','ARGENTINA'),
 (439,'CALLE 418 A',64397,'BERAZATEGUI','BUENOS AIRES','ARGENTINA'),
 (440,'CALLE 44 A',3862,'BERAZATEGUI','BUENOS AIRES','ARGENTINA'),
 (441,'CALLE 465',57666,'BERAZATEGUI','BUENOS AIRES','ARGENTINA'),
 (442,'CALLE 535',21510,'BERAZATEGUI','BUENOS AIRES','ARGENTINA'),
 (443,'CALLE 616 A',3264,'BERAZATEGUI','BUENOS AIRES','ARGENTINA'),
 (444,'RAMON CORTEZ',3135,'USHUAIA','TIERRA DEL FUEGO','ARGENTINA'),
 (445,'CALLE 621 A',1710,'BERAZATEGUI','BUENOS AIRES','ARGENTINA'),
 (446,'CALLE 63 A',2828,'BERAZATEGUI','BUENOS AIRES','ARGENTINA'),
 (447,'CALLE 638',23507,'BERAZATEGUI','BUENOS AIRES','ARGENTINA'),
 (448,'CALLE 770',7903,'BERAZATEGUI','BUENOS AIRES','ARGENTINA'),
 (449,'CALLE S N',60537,'BERAZATEGUI','BUENOS AIRES','ARGENTINA'),
 (450,'CALLE S N',72229,'BERAZATEGUI','BUENOS AIRES','ARGENTINA'),
 (451,'TRANSPORTE PATAGONIA',18930,'USHUAIA','TIERRA DEL FUEGO','ARGENTINA'),
 (452,'PASILLO A',76770,'BERAZATEGUI','BUENOS AIRES','ARGENTINA'),
 (453,'AV EVA PERON',26810,'BERAZATEGUI','BUENOS AIRES','ARGENTINA'),
 (454,'169 MARSELLA',42296,'BERISSO','BUENOS AIRES','ARGENTINA'),
 (455,'175 SAAVEDRA',3220,'BERISSO','BUENOS AIRES','ARGENTINA'),
 (456,'CALLE N 5',2440,'BERISSO','BUENOS AIRES','ARGENTINA'),
 (457,'CALLE N 70',3782,'BERISSO','BUENOS AIRES','ARGENTINA'),
 (458,'CALLE S N',2460,'BERISSO','BUENOS AIRES','ARGENTINA'),
 (459,'CALLE S N',61327,'BERISSO','BUENOS AIRES','ARGENTINA'),
 (460,'LOS MOLLES',2203,'BERISSO','BUENOS AIRES','ARGENTINA'),
 (461,'PJE S N',21029,'BERISSO','BUENOS AIRES','ARGENTINA'),
 (462,'ALVEAR',34571,'SAN CARLOS DE BOLIVAR','BUENOS AIRES','ARGENTINA'),
 (463,'CALLE 11',52875,'SAN CARLOS DE BOLIVAR','BUENOS AIRES','ARGENTINA'),
 (464,'CALLE 3',7958,'SAN CARLOS DE BOLIVAR','BUENOS AIRES','ARGENTINA'),
 (465,'CALLE S N',3880,'SAN CARLOS DE BOLIVAR','BUENOS AIRES','ARGENTINA'),
 (466,'CALLE S N',1151,'SAN CARLOS DE BOLIVAR','BUENOS AIRES','ARGENTINA'),
 (467,'A SELPA',4867,'BRAGADO','BUENOS AIRES','ARGENTINA'),
 (468,'COMANDANTE AGUILERA',337,'BRAGADO','BUENOS AIRES','ARGENTINA'),
 (469,'DEL CAMPO',22209,'BRAGADO','BUENOS AIRES','ARGENTINA'),
 (470,'GUIDO',230,'BRAGADO','BUENOS AIRES','ARGENTINA'),
 (471,'LOS TILOS',4229,'BRAGADO','BUENOS AIRES','ARGENTINA'),
 (472,'MAXIMO FERNANDEZ',45910,'BRAGADO','BUENOS AIRES','ARGENTINA'),
 (473,'PJE S N',900,'BRAGADO','BUENOS AIRES','ARGENTINA'),
 (474,'RIO DE LA PLATA',1902,'BRAGADO','BUENOS AIRES','ARGENTINA'),
 (475,'RIO URUGUAY',2629,'BRAGADO','BUENOS AIRES','ARGENTINA'),
 (476,'USHUAIA',2990,'BRAGADO','BUENOS AIRES','ARGENTINA'),
 (477,'VICTORIA OCAMPO',987,'BRAGADO','BUENOS AIRES','ARGENTINA'),
 (478,'ALEXANDER G BELL',81521,'CORONEL BRANDSEN','BUENOS AIRES','ARGENTINA'),
 (479,'BRASIL',4508,'CORONEL BRANDSEN','BUENOS AIRES','ARGENTINA'),
 (480,'BALCARCE',1655,'CORONEL BRANDSEN','BUENOS AIRES','ARGENTINA'),
 (481,'CALLE 1',99589,'CORONEL BRANDSEN','BUENOS AIRES','ARGENTINA'),
 (482,'CALLE 22',59373,'CORONEL BRANDSEN','BUENOS AIRES','ARGENTINA'),
 (483,'CALLE S N',4934,'CORONEL BRANDSEN','BUENOS AIRES','ARGENTINA'),
 (484,'EMILIO DIAZ ARANO',89416,'CORONEL BRANDSEN','BUENOS AIRES','ARGENTINA'),
 (485,'LOPEZ SECO',8586,'CORONEL BRANDSEN','BUENOS AIRES','ARGENTINA'),
 (486,'PJE S N',7941,'CORONEL BRANDSEN','BUENOS AIRES','ARGENTINA'),
 (487,'PROF ELENA URQUIJO',1752,'CORONEL BRANDSEN','BUENOS AIRES','ARGENTINA'),
 (488,'T FERGUSON',15095,'CORONEL BRANDSEN','BUENOS AIRES','ARGENTINA'),
 (489,'26 DE NOVIEMBRE',2014,'CAMPANA','BUENOS AIRES','ARGENTINA'),
 (490,'ALBERTO ARMESTO',31258,'CAMPANA','BUENOS AIRES','ARGENTINA'),
 (491,'BALDRICH',1197,'CAMPANA','BUENOS AIRES','ARGENTINA'),
 (492,'GUACHIPAS',5147,'CORDOBA','CORDOBA','ARGENTINA'),
 (493,'MANUEL PINO',94158,'CORDOBA','CORDOBA','ARGENTINA'),
 (494,'AV PTE QUINTANA',266,'CIUDAD AUTONOMA DE BUENOS AIRES','CIUDAD AUTONOMA DE BUENOS AIRES','ARGENTINA'),
 (495,'BASAVILBASO',2891,'CIUDAD AUTONOMA DE BUENOS AIRES','CIUDAD AUTONOMA DE BUENOS AIRES','ARGENTINA'),
 (496,'AIME PAINE',61358,'CIUDAD AUTONOMA DE BUENOS AIRES','CIUDAD AUTONOMA DE BUENOS AIRES','ARGENTINA'),
 (497,'CALLE S N',4947,'CIUDAD AUTONOMA DE BUENOS AIRES','CIUDAD AUTONOMA DE BUENOS AIRES','ARGENTINA'),
 (498,'PEDRO BONACCIO',274,'FORMOSA','FORMOSA','ARGENTINA'),
 (499,'CORONEL BOGADO',1000,'FORMOSA','FORMOSA','ARGENTINA'),
 (500,'YUNKA',2021,'FORMOSA','FORMOSA','ARGENTINA');

 --8tavo item

 --9no item

 --10 item
 
 --Segunda Problematica
 DROP VIEW clientesMenores40;
 
 CREATE VIEW clientesMenoresDe40 AS SELECT *, date('now') as fecha,
strftime ('%Y', date('now'))- strftime ('%Y', date(dob)) as EDAD
FROM cliente WHERE EDAD >40  ORDER BY CAST(customer_DNI as INT) ASC;

SELECT customer_id as 'ID', branch_id as 'N sucursal',customer_name as 'Nombre', 
customer_surname as 'Apellido', customer_DNI as 'DNI' , EDAD from clientesMenoresDe40;


-- Pendiente de correccion
SELECT * from empleado
union direccion on direcciones;

SELECT branch_id as 'N sucursal' FROM cliente 
FULL OUTER JOIN 
SELECT branch_name from sucursal;
